index,category,correct_credit,predicted,answer,n_tied,answer_tag_count,answer_type,answer_option_unmatched,any_option_unmatched,file,shotbench_file,max_similarity,group
1,shot size,1.0,D,D,1,1,single,False,False,image/YWE9AAUK.jpg,image/YWE9AAUK.jpg,0.90326923,0.90-0.95
2,shot size,1.0,C,C,1,1,single,False,False,image/5SH7T7UD.jpg,image/5SH7T7UD.jpg,0.8444309,below 0.85
3,shot size,1.0,B,B,1,1,single,False,False,image/YQX0432O.jpg,image/YQX0432O.jpg,0.83983874,below 0.85
4,shot size,1.0,D,D,1,1,single,False,False,image/C2T7Y1U9.jpg,image/C2T7Y1U9.jpg,0.9089227,0.90-0.95
5,shot size,1.0,B,B,1,1,single,False,False,image/7WP13SQ9.jpg,image/7WP13SQ9.jpg,0.8953289,0.85-0.90
6,shot size,1.0,A,A,1,1,single,False,False,image/ABV8X8RY.jpg,image/ABV8X8RY.jpg,0.8705045,0.85-0.90
7,shot size,1.0,D,D,1,1,single,False,False,image/YPOHNNKC.jpg,image/YPOHNNKC.jpg,0.8936422,0.85-0.90
8,shot size,1.0,B,B,1,1,single,False,False,image/85P17Y2E.jpg,image/85P17Y2E.jpg,0.9204557,0.90-0.95
9,shot size,1.0,C,C,1,1,single,False,False,image/IIH8DUWP.jpg,image/IIH8DUWP.jpg,0.848178,below 0.85
10,shot size,0.0,D,B,1,1,single,False,False,image/54APLG10.JPG,image/54APLG10.JPG,0.82703364,below 0.85
11,shot size,0.0,B,C,1,1,single,False,False,image/TWK9TKBE.jpg,image/TWK9TKBE.jpg,0.8141924,below 0.85
12,shot size,1.0,D,D,1,1,single,False,False,image/0ZV6D8ZK.jpg,image/0ZV6D8ZK.jpg,0.91527945,0.90-0.95
13,shot size,0.0,B,A,1,1,single,False,False,image/9S4AD0YV.jpg,image/9S4AD0YV.jpg,0.9211216,0.90-0.95
14,shot size,1.0,D,D,1,1,single,False,False,image/O4B7DFPN.jpg,image/O4B7DFPN.jpg,0.87602687,0.85-0.90
15,shot size,1.0,A,A,1,1,single,False,False,image/O66CN0D7.jpg,image/O66CN0D7.jpg,0.8447708,below 0.85
16,shot size,1.0,C,C,1,1,single,False,False,image/BCVGV2E1.jpg,image/BCVGV2E1.jpg,0.86810136,0.85-0.90
17,shot size,0.0,C,D,1,1,single,False,False,image/BQTK6HJO.jpg,image/BQTK6HJO.jpg,0.88145745,0.85-0.90
18,shot size,1.0,B,B,1,2,combination,False,False,image/R4L8TUTH.jpg,image/R4L8TUTH.jpg,0.8630463,0.85-0.90
19,shot size,1.0,D,D,1,1,single,False,False,image/S3L0EGS9.jpg,image/S3L0EGS9.jpg,0.8688606,0.85-0.90
20,shot size,1.0,D,D,1,1,single,False,False,image/BCDLNQL3.jpg,image/BCDLNQL3.jpg,0.8523988,0.85-0.90
21,shot size,1.0,C,C,1,1,single,False,False,image/Q6H7N4N9.jpg,image/Q6H7N4N9.jpg,0.8054899,below 0.85
22,shot size,1.0,C,C,1,1,single,False,False,image/IWESD939.jpg,image/IWESD939.jpg,0.8327825,below 0.85
23,shot size,1.0,B,B,1,1,single,False,False,image/BVJMKX1R.jpg,image/BVJMKX1R.jpg,0.8188977,below 0.85
24,shot size,0.0,D,A,1,1,single,False,False,image/YZNUGN92.jpg,image/YZNUGN92.jpg,0.766213,below 0.85
25,shot size,1.0,D,D,1,1,single,False,False,image/3MBQ1RVK.jpg,image/3MBQ1RVK.jpg,0.8837564,0.85-0.90
26,shot size,1.0,A,A,1,1,single,False,False,image/X4C9LNSI.jpg,image/X4C9LNSI.jpg,0.8467707,below 0.85
27,shot size,1.0,A,A,1,1,single,False,False,image/U85DI19C.jpg,image/U85DI19C.jpg,0.8261516,below 0.85
28,shot size,0.0,B,D,1,1,single,False,False,image/Q53NCWUP.jpg,image/Q53NCWUP.jpg,0.8727635,0.85-0.90
29,shot size,1.0,A,A,1,1,single,False,False,image/9D47PKL4.jpg,image/9D47PKL4.jpg,0.8401658,below 0.85
30,shot size,1.0,A,A,1,1,single,False,False,image/CVI99KV6.jpg,image/CVI99KV6.jpg,0.8485663,below 0.85
31,shot size,0.0,D,C,1,1,single,False,False,image/N0M0ETB3.jpg,image/N0M0ETB3.jpg,0.83504236,below 0.85
32,shot size,1.0,D,D,1,1,single,False,False,image/RTOE98MR.jpg,image/RTOE98MR.jpg,0.86933935,0.85-0.90
33,shot size,0.0,C,A,1,1,single,False,False,image/D5QS8MHS.jpg,image/D5QS8MHS.jpg,0.8509126,0.85-0.90
34,shot size,0.0,B,A,1,1,single,False,False,image/7SDBU35Y.jpg,image/7SDBU35Y.jpg,0.88471615,0.85-0.90
35,shot size,1.0,B,B,1,1,single,False,False,image/K27WW5CQ.jpg,image/K27WW5CQ.jpg,0.94557303,0.90-0.95
36,shot size,0.0,C,D,1,1,single,False,False,image/HKMRJB4R.jpg,image/HKMRJB4R.jpg,0.816666,below 0.85
37,shot size,1.0,B,B,1,1,single,False,False,image/MIWF7AW2.jpg,image/MIWF7AW2.jpg,0.8844391,0.85-0.90
38,shot size,0.0,D,C,1,1,single,False,False,image/U6WA7O27.jpg,image/U6WA7O27.jpg,0.90618044,0.90-0.95
39,shot size,1.0,D,D,1,1,single,False,False,image/KDAPHEMZ.jpg,image/KDAPHEMZ.jpg,0.8430624,below 0.85
40,shot size,1.0,C,C,1,1,single,False,False,image/B3O11CQR.jpg,image/B3O11CQR.jpg,0.822721,below 0.85
41,shot size,1.0,C,C,1,1,single,False,False,image/7V2K4IAO.jpg,image/7V2K4IAO.jpg,0.83237255,below 0.85
42,shot size,0.0,A,D,1,1,single,False,False,image/GHXOVZ0P.jpg,image/GHXOVZ0P.jpg,0.92369825,0.90-0.95
43,shot size,1.0,C,C,1,1,single,False,False,image/874ZWBQV.jpg,image/874ZWBQV.jpg,0.8931487,0.85-0.90
44,shot size,1.0,A,A,1,1,single,False,False,image/LOA5V0ES.jpg,image/LOA5V0ES.jpg,0.9112661,0.90-0.95
45,shot size,1.0,B,B,1,1,single,False,False,image/8DIJSAT6.jpg,image/8DIJSAT6.jpg,0.9031824,0.90-0.95
46,shot size,0.0,B,C,1,1,single,False,False,image/GID0LOB8.jpg,image/GID0LOB8.jpg,0.8722226,0.85-0.90
47,shot size,1.0,B,B,1,2,combination,False,False,image/022J0ZH6.jpg,image/022J0ZH6.jpg,0.85779566,0.85-0.90
48,shot size,1.0,B,B,1,1,single,False,False,image/EKCRWNMU.jpg,image/EKCRWNMU.jpg,0.79181194,below 0.85
49,shot size,0.0,A,D,1,1,single,False,False,image/XSP6I8RM.jpg,image/XSP6I8RM.jpg,0.9199247,0.90-0.95
50,shot size,1.0,D,D,1,1,single,False,False,image/7A8BILNX.jpg,image/7A8BILNX.jpg,0.8896267,0.85-0.90
51,shot size,1.0,C,C,1,1,single,False,False,image/UD90JGEU.jpg,image/UD90JGEU.jpg,0.8542258,0.85-0.90
52,shot size,0.0,A,C,1,1,single,False,False,image/QRV9V2MS.jpg,image/QRV9V2MS.jpg,0.9114334,0.90-0.95
53,shot size,0.0,B,A,1,1,single,False,False,image/OTIZYJY4.png,image/OTIZYJY4.png,0.82391506,below 0.85
54,shot size,0.0,A,B,1,1,single,False,False,image/473L8AUM.jpg,image/473L8AUM.jpg,0.84803087,below 0.85
55,shot size,1.0,A,A,1,1,single,False,False,image/W6UKQNTK.jpg,image/W6UKQNTK.jpg,0.8570437,0.85-0.90
56,shot size,1.0,D,D,1,1,single,False,False,image/HIUFTXEN.jpg,image/HIUFTXEN.jpg,0.8262994,below 0.85
57,shot size,1.0,B,B,1,1,single,False,False,image/P8L6E0KS.jpg,image/P8L6E0KS.jpg,0.8283032,below 0.85
58,shot size,1.0,C,C,1,1,single,False,False,image/KT0LBCDN.jpg,image/KT0LBCDN.jpg,0.87968624,0.85-0.90
59,shot size,1.0,D,D,1,1,single,False,False,image/3A0BATPU.jpg,image/3A0BATPU.jpg,0.8507007,0.85-0.90
60,shot size,1.0,A,A,1,1,single,False,False,image/WZ8GEWZK.jpg,image/WZ8GEWZK.jpg,0.9214383,0.90-0.95
61,shot size,1.0,B,B,1,1,single,False,False,image/WZP8NS5X.jpg,image/WZP8NS5X.jpg,0.8960165,0.85-0.90
62,shot size,1.0,D,D,1,1,single,False,False,image/3SCDRHJY.jpg,image/3SCDRHJY.jpg,0.885013,0.85-0.90
63,shot size,1.0,A,A,1,1,single,False,False,image/I65S33RX.jpg,image/I65S33RX.jpg,0.855414,0.85-0.90
64,shot size,0.0,A,B,1,1,single,False,False,image/KTX9HG64.jpg,image/KTX9HG64.jpg,0.78178895,below 0.85
65,shot size,1.0,C,C,1,1,single,False,False,image/8OXYIPAT.jpg,image/8OXYIPAT.jpg,0.8579576,0.85-0.90
66,shot size,1.0,B,B,1,1,single,False,False,image/ZDR7E0G9.jpg,image/ZDR7E0G9.jpg,0.8172888,below 0.85
67,shot size,1.0,A,A,1,1,single,False,False,image/RGXCG6P9.jpg,image/RGXCG6P9.jpg,0.8776452,0.85-0.90
68,shot size,1.0,C,C,1,1,single,False,False,image/7NNOJIAE.jpg,image/7NNOJIAE.jpg,0.8899991,0.85-0.90
69,shot size,1.0,C,C,1,1,single,False,False,image/6LUC6UOJ.jpg,image/6LUC6UOJ.jpg,0.84070045,below 0.85
70,shot size,1.0,D,D,1,1,single,False,False,image/OMVKRYJI.jpg,image/OMVKRYJI.jpg,0.922394,0.90-0.95
71,shot size,1.0,D,D,1,1,single,False,False,image/6PD8Y9D7.jpg,image/6PD8Y9D7.jpg,0.89481354,0.85-0.90
72,shot size,0.0,C,A,1,1,single,False,False,image/ILWMAQ5P.jpg,image/ILWMAQ5P.jpg,0.90571195,0.90-0.95
73,shot size,0.0,A,D,1,1,single,False,False,image/OO49EPWI.jpg,image/OO49EPWI.jpg,0.8282832,below 0.85
74,shot size,1.0,B,B,1,1,single,False,False,image/QMELZWB9.jpg,image/QMELZWB9.jpg,0.76490456,below 0.85
75,shot size,1.0,A,A,1,1,single,False,False,image/A7FWIZ1H.jpg,image/A7FWIZ1H.jpg,0.884824,0.85-0.90
76,shot size,1.0,A,A,1,1,single,False,False,image/M11JX1VA.jpg,image/M11JX1VA.jpg,0.8739384,0.85-0.90
77,shot size,1.0,D,D,1,1,single,False,False,image/PYWNUEZV.jpg,image/PYWNUEZV.jpg,0.9314456,0.90-0.95
78,shot size,0.0,B,C,1,1,single,False,False,image/OSYC4HJL.jpg,image/OSYC4HJL.jpg,0.89197206,0.85-0.90
79,shot size,1.0,A,A,1,2,combination,False,False,image/7V4Z7UKC.jpg,image/7V4Z7UKC.jpg,0.8716462,0.85-0.90
80,shot size,0.0,A,D,1,1,single,False,False,image/EAGZPPBR.jpg,image/EAGZPPBR.jpg,0.83170617,below 0.85
81,shot size,1.0,B,B,1,1,single,False,False,image/NIO96H8E.jpg,image/NIO96H8E.jpg,0.84415317,below 0.85
82,shot size,1.0,D,D,1,1,single,False,False,image/6Q2WZK33.jpg,image/6Q2WZK33.jpg,0.9120395,0.90-0.95
83,shot size,1.0,B,B,1,1,single,False,False,image/TUWMGL8Q.jpg,image/TUWMGL8Q.jpg,0.851201,0.85-0.90
84,shot size,1.0,D,D,1,1,single,False,False,image/4S1NVYKU.jpg,image/4S1NVYKU.jpg,0.90077645,0.90-0.95
85,shot size,1.0,D,D,1,1,single,False,False,image/ZBNNMD8I.jpg,image/ZBNNMD8I.jpg,0.85156983,0.85-0.90
86,shot size,1.0,D,D,1,1,single,False,False,image/0IM2E88O.jpg,image/0IM2E88O.jpg,0.7955212,below 0.85
87,shot size,1.0,A,A,1,1,single,False,False,image/GWWOLK09.jpg,image/GWWOLK09.jpg,0.8705552,0.85-0.90
88,shot size,1.0,D,D,1,1,single,False,False,image/ZIQUPKUR.jpg,image/ZIQUPKUR.jpg,0.88874394,0.85-0.90
89,shot size,1.0,D,D,1,1,single,False,False,image/GTJO1MMM.jpg,image/GTJO1MMM.jpg,0.8578624,0.85-0.90
90,shot size,1.0,D,D,1,1,single,False,False,image/PC60OUPH.jpg,image/PC60OUPH.jpg,0.90464497,0.90-0.95
91,shot size,0.0,D,C,1,1,single,False,False,image/1NAXS0PG.jpg,image/1NAXS0PG.jpg,0.8429011,below 0.85
92,shot size,1.0,C,C,1,1,single,False,False,image/TM04TZUL.jpg,image/TM04TZUL.jpg,0.85645044,0.85-0.90
93,shot size,1.0,D,D,1,1,single,False,False,image/JQ6H16VA.jpg,image/JQ6H16VA.jpg,0.8921123,0.85-0.90
94,shot size,1.0,C,C,1,2,combination,False,False,image/JPVT39IB.jpg,image/JPVT39IB.jpg,0.839147,below 0.85
95,shot size,1.0,C,C,1,1,single,False,False,image/H15R0V4G.jpg,image/H15R0V4G.jpg,0.8878449,0.85-0.90
96,shot size,1.0,B,B,1,1,single,False,False,image/U9ZMJB8O.jpg,image/U9ZMJB8O.jpg,0.8100317,below 0.85
97,shot size,1.0,D,D,1,1,single,False,False,image/8Z184BK8.jpg,image/8Z184BK8.jpg,0.9151245,0.90-0.95
98,shot size,1.0,B,B,1,1,single,False,False,image/2ALEGHCL.jpg,image/2ALEGHCL.jpg,0.8289329,below 0.85
99,shot size,1.0,C,C,1,1,single,False,False,image/ILZOSSIC.jpg,image/ILZOSSIC.jpg,0.8883343,0.85-0.90
100,shot size,1.0,A,A,1,1,single,False,False,image/I6RRULD4.jpg,image/I6RRULD4.jpg,0.90007466,0.90-0.95
101,shot size,0.0,A,B,1,1,single,False,False,image/9P5SSWT2.jpg,image/9P5SSWT2.jpg,0.8720778,0.85-0.90
102,shot size,1.0,C,C,1,1,single,False,False,image/TC1VU7C4.jpg,image/TC1VU7C4.jpg,0.8983759,0.85-0.90
103,shot size,1.0,B,B,1,1,single,False,False,image/K3YY37B2.jpg,image/K3YY37B2.jpg,0.9020823,0.90-0.95
104,shot size,0.0,C,D,1,1,single,False,False,image/65D40M82.jpg,image/65D40M82.jpg,0.8808661,0.85-0.90
105,shot size,0.0,D,B,1,1,single,False,False,image/2MABN3KU.jpg,image/2MABN3KU.jpg,0.95117974,0.95 and above
106,shot size,1.0,A,A,1,1,single,False,False,image/UY93IBSO.jpg,image/UY93IBSO.jpg,0.885349,0.85-0.90
107,shot size,1.0,B,B,1,1,single,False,False,image/OQLIIVFH.jpg,image/OQLIIVFH.jpg,0.86115205,0.85-0.90
108,shot size,1.0,C,C,1,1,single,False,False,image/SWLHSSUG.jpg,image/SWLHSSUG.jpg,0.8597654,0.85-0.90
109,shot size,0.0,B,D,1,1,single,False,False,image/N6I5MGCF.jpg,image/N6I5MGCF.jpg,0.84932405,below 0.85
110,shot size,0.0,B,C,1,1,single,False,False,image/4KC8VNER.jpg,image/4KC8VNER.jpg,0.8603682,0.85-0.90
111,shot size,1.0,D,D,1,1,single,False,False,image/PKKCYWD5.jpg,image/PKKCYWD5.jpg,0.9000474,0.90-0.95
112,shot size,1.0,A,A,1,1,single,False,False,image/J9WQNLRV.jpg,image/J9WQNLRV.jpg,0.76499325,below 0.85
113,shot size,1.0,A,A,1,1,single,False,False,image/U8ZGGSC2.jpg,image/U8ZGGSC2.jpg,0.9245114,0.90-0.95
114,shot size,1.0,C,C,1,1,single,False,False,image/D87JNEGB.jpg,image/D87JNEGB.jpg,0.8684898,0.85-0.90
115,shot size,1.0,C,C,1,1,single,False,False,image/RISYZ0EN.jpg,image/RISYZ0EN.jpg,0.866713,0.85-0.90
116,shot size,0.0,A,C,1,1,single,False,False,image/BBG7GLTH.jpg,image/BBG7GLTH.jpg,0.8911027,0.85-0.90
117,shot size,1.0,D,D,1,1,single,False,False,image/ITLU8RV6.jpg,image/ITLU8RV6.jpg,0.89846325,0.85-0.90
118,shot size,0.0,B,C,1,1,single,False,False,image/8RU6UVFO.jpg,image/8RU6UVFO.jpg,0.9029528,0.90-0.95
119,shot size,1.0,A,A,1,2,combination,False,False,image/KF46OKYD.jpg,image/KF46OKYD.jpg,0.89008075,0.85-0.90
120,shot size,0.0,A,D,1,1,single,False,False,image/HWCFJKPD.jpg,image/HWCFJKPD.jpg,0.8033585,below 0.85
121,shot size,0.0,A,C,1,1,single,False,False,image/09AVD9MW.jpg,image/09AVD9MW.jpg,0.8519892,0.85-0.90
122,shot size,1.0,C,C,1,1,single,False,False,image/40M7V4PI.jpg,image/40M7V4PI.jpg,0.85447186,0.85-0.90
123,shot size,1.0,A,A,1,1,single,False,False,image/KETZZ9H6.jpg,image/KETZZ9H6.jpg,0.88373464,0.85-0.90
124,shot size,1.0,B,B,1,1,single,False,False,image/SNM5TK23.jpg,image/SNM5TK23.jpg,0.85350835,0.85-0.90
125,shot size,1.0,B,B,1,1,single,False,False,image/PNX7D7AS.png,image/PNX7D7AS.png,0.8860713,0.85-0.90
126,shot size,0.0,C,D,1,1,single,False,False,image/U3Y4CNP4.jpg,image/U3Y4CNP4.jpg,0.91144955,0.90-0.95
127,shot size,1.0,C,C,1,1,single,False,False,image/6U8DZ7S4.jpg,image/6U8DZ7S4.jpg,0.8500364,0.85-0.90
128,shot size,1.0,A,A,1,1,single,False,False,image/DHMZIDPM.jpg,image/DHMZIDPM.jpg,0.8712438,0.85-0.90
129,shot size,0.0,D,B,1,1,single,False,False,image/JO8M2CF1.jpg,image/JO8M2CF1.jpg,0.8749639,0.85-0.90
130,shot size,1.0,B,B,1,1,single,False,False,image/R294O7NF.jpg,image/R294O7NF.jpg,0.8206758,below 0.85
131,shot size,0.0,A,D,1,1,single,False,False,image/9WC40THL.jpg,image/9WC40THL.jpg,0.8101207,below 0.85
132,shot size,0.0,B,C,1,1,single,False,False,image/IKITLROX.jpg,image/IKITLROX.jpg,0.8071605,below 0.85
133,shot size,1.0,B,B,1,1,single,False,False,image/D20RLQSW.jpg,image/D20RLQSW.jpg,0.8642677,0.85-0.90
134,shot size,1.0,A,A,1,1,single,False,False,image/WC4DIWLT.jpg,image/WC4DIWLT.jpg,0.90783167,0.90-0.95
135,shot size,0.0,C,D,1,1,single,False,False,image/LODW8AMP.jpg,image/LODW8AMP.jpg,0.83820546,below 0.85
136,shot size,1.0,A,A,1,1,single,False,False,image/2UQEHELF.jpg,image/2UQEHELF.jpg,0.8789081,0.85-0.90
137,shot size,1.0,B,B,1,1,single,False,False,image/GMTMIK5P.jpg,image/GMTMIK5P.jpg,0.8861261,0.85-0.90
138,shot size,1.0,D,D,1,1,single,False,False,image/R0LNR5QN.jpg,image/R0LNR5QN.jpg,0.889725,0.85-0.90
139,shot size,1.0,C,C,1,1,single,False,False,image/UQ2PTRA9.jpg,image/UQ2PTRA9.jpg,0.8649236,0.85-0.90
140,shot size,1.0,C,C,1,1,single,False,False,image/6HS5ID2X.jpg,image/6HS5ID2X.jpg,0.8811744,0.85-0.90
141,shot size,1.0,D,D,1,1,single,False,False,image/E8BZZGDX.jpg,image/E8BZZGDX.jpg,0.87035,0.85-0.90
142,shot size,1.0,A,A,1,2,combination,False,False,image/PEDLC5XR.jpg,image/PEDLC5XR.jpg,0.88121873,0.85-0.90
143,shot size,1.0,D,D,1,1,single,False,False,image/U6DD3X9G.jpg,image/U6DD3X9G.jpg,0.90839547,0.90-0.95
144,shot size,1.0,D,D,1,1,single,False,False,image/DL3LL496.jpg,image/DL3LL496.jpg,0.8893681,0.85-0.90
145,shot size,1.0,B,B,1,1,single,False,False,image/6Z81VYL7.jpg,image/6Z81VYL7.jpg,0.9017234,0.90-0.95
146,shot size,0.0,B,D,1,1,single,False,False,image/SH3SF4BR.jpg,image/SH3SF4BR.jpg,0.9082528,0.90-0.95
147,shot size,0.0,D,B,1,1,single,False,False,image/0DQSHIQB.jpg,image/0DQSHIQB.jpg,0.87660015,0.85-0.90
148,shot size,1.0,B,B,1,1,single,False,False,image/J7Z271B8.jpg,image/J7Z271B8.jpg,0.87890434,0.85-0.90
149,shot size,1.0,D,D,1,1,single,False,False,image/411JYPU9.jpg,image/411JYPU9.jpg,0.84773016,below 0.85
150,shot size,1.0,C,C,1,1,single,False,False,image/Z1B6ALL2.JPG,image/Z1B6ALL2.JPG,0.90575,0.90-0.95
151,shot size,0.0,C,D,1,1,single,False,False,image/8NTKW5FJ.jpg,image/8NTKW5FJ.jpg,0.8653201,0.85-0.90
152,shot size,1.0,A,A,1,1,single,False,False,image/YV5VYD1R.jpg,image/YV5VYD1R.jpg,0.91716826,0.90-0.95
153,shot size,1.0,D,D,1,1,single,False,False,image/G8NP7DZL.jpg,image/G8NP7DZL.jpg,0.84474856,below 0.85
154,shot size,1.0,B,B,1,1,single,False,False,image/7XASHHBT.jpg,image/7XASHHBT.jpg,0.8167201,below 0.85
155,shot size,0.0,D,C,1,1,single,False,False,image/YU1Q8HXN.jpg,image/YU1Q8HXN.jpg,0.8782956,0.85-0.90
156,shot size,1.0,C,C,1,1,single,False,False,image/CALP0448.jpg,image/CALP0448.jpg,0.86078846,0.85-0.90
157,shot size,1.0,A,A,1,1,single,False,False,image/RH7Y63JC.jpg,image/RH7Y63JC.jpg,0.81820405,below 0.85
158,shot size,1.0,A,A,1,1,single,False,False,image/N7SLW36D.jpg,image/N7SLW36D.jpg,0.8805399,0.85-0.90
159,shot size,1.0,B,B,1,1,single,False,False,image/LV0M5038.jpg,image/LV0M5038.jpg,0.8749324,0.85-0.90
160,shot size,1.0,D,D,1,1,single,False,False,image/CHMJVJ2I.jpg,image/CHMJVJ2I.jpg,0.8912846,0.85-0.90
161,shot size,1.0,C,C,1,1,single,False,False,image/37F6Q5TS.jpg,image/37F6Q5TS.jpg,0.8729608,0.85-0.90
162,shot size,1.0,C,C,1,1,single,False,False,image/2GS331FU.jpg,image/2GS331FU.jpg,0.8506018,0.85-0.90
163,shot size,0.0,D,A,1,1,single,False,False,image/GVXCXE4D.jpg,image/GVXCXE4D.jpg,0.88724345,0.85-0.90
164,shot size,1.0,B,B,1,1,single,False,False,image/2QW9GISN.jpg,image/2QW9GISN.jpg,0.8701407,0.85-0.90
165,shot size,1.0,D,D,1,1,single,False,False,image/IO92DJSD.jpg,image/IO92DJSD.jpg,0.8977474,0.85-0.90
166,shot size,0.0,B,C,1,1,single,False,False,image/0CB9AVB2.jpg,image/0CB9AVB2.jpg,0.79599506,below 0.85
167,shot size,1.0,D,D,1,1,single,False,False,image/C7CFHKMM.jpg,image/C7CFHKMM.jpg,0.83444554,below 0.85
168,shot size,1.0,B,B,1,1,single,False,False,image/AOOBO09A.jpg,image/AOOBO09A.jpg,0.9131633,0.90-0.95
169,shot size,1.0,D,D,1,1,single,False,False,image/LY7T4OGJ.jpg,image/LY7T4OGJ.jpg,0.89220303,0.85-0.90
170,shot size,1.0,C,C,1,1,single,False,False,image/AG1WRBGB.jpg,image/AG1WRBGB.jpg,0.82058966,below 0.85
171,shot size,0.0,B,D,1,1,single,False,False,image/UX2L9E50.jpg,image/UX2L9E50.jpg,0.9068385,0.90-0.95
172,shot size,0.0,A,D,1,1,single,False,False,image/EIO5HADA.jpg,image/EIO5HADA.jpg,0.91544306,0.90-0.95
173,shot size,1.0,B,B,1,1,single,False,False,image/NIOYXLCP.jpg,image/NIOYXLCP.jpg,0.8738406,0.85-0.90
174,shot size,1.0,B,B,1,1,single,False,False,image/XK6IOF23.jpg,image/XK6IOF23.jpg,0.880439,0.85-0.90
175,shot size,1.0,A,A,1,1,single,False,False,image/XM5EXB2T.jpg,image/XM5EXB2T.jpg,0.89706653,0.85-0.90
176,shot size,1.0,D,D,1,1,single,False,False,image/YRDYDAR6.jpg,image/YRDYDAR6.jpg,0.8465724,below 0.85
177,shot size,1.0,B,B,1,1,single,False,False,image/0IKBPMAS.jpg,image/0IKBPMAS.jpg,0.8797539,0.85-0.90
178,shot size,0.0,D,C,1,1,single,False,False,image/AR6ODW5D.jpg,image/AR6ODW5D.jpg,0.91470325,0.90-0.95
179,shot size,0.0,B,C,1,1,single,False,False,image/WDDGLEVE.jpg,image/WDDGLEVE.jpg,0.86999416,0.85-0.90
180,shot size,1.0,D,D,1,1,single,False,False,image/H8YMQ11O.jpg,image/H8YMQ11O.jpg,0.79796565,below 0.85
181,shot size,1.0,B,B,1,1,single,False,False,image/HU5IFC0J.jpg,image/HU5IFC0J.jpg,0.8824986,0.85-0.90
182,shot size,0.0,C,A,1,2,combination,False,False,image/QPBM2B9R.jpg,image/QPBM2B9R.jpg,0.8514889,0.85-0.90
183,shot size,1.0,C,C,1,2,combination,False,False,image/FQQYGA6X.jpg,image/FQQYGA6X.jpg,0.8823223,0.85-0.90
184,shot size,1.0,C,C,1,1,single,False,False,image/PAE3Q6QJ.png,image/PAE3Q6QJ.png,0.8455423,below 0.85
185,shot size,1.0,A,A,1,1,single,False,False,image/EG9NABTM.JPG,image/EG9NABTM.JPG,0.8608142,0.85-0.90
186,shot size,1.0,D,D,1,1,single,False,False,image/7IUENFBL.jpg,image/7IUENFBL.jpg,0.9117013,0.90-0.95
187,shot size,0.0,B,D,1,1,single,False,False,image/NY3EZKJW.jpg,image/NY3EZKJW.jpg,0.8314778,below 0.85
188,shot size,1.0,A,A,1,1,single,False,False,image/0XQ12F8F.png,image/0XQ12F8F.png,0.7950015,below 0.85
189,shot size,1.0,B,B,1,1,single,False,False,image/1LUAOU61.jpg,image/1LUAOU61.jpg,0.86815715,0.85-0.90
190,shot size,0.0,A,D,1,1,single,False,False,image/03FCEI7I.jpg,image/03FCEI7I.jpg,0.88503385,0.85-0.90
191,shot size,1.0,B,B,1,1,single,False,False,image/MSXGEDQ3.jpg,image/MSXGEDQ3.jpg,0.83708876,below 0.85
192,shot size,1.0,D,D,1,1,single,False,False,image/QC9ZPO06.jpg,image/QC9ZPO06.jpg,0.87925994,0.85-0.90
193,shot size,1.0,C,C,1,1,single,False,False,image/BWAV7KNQ.jpg,image/BWAV7KNQ.jpg,0.79482806,below 0.85
194,shot size,1.0,A,A,1,1,single,False,False,image/8F4J1R6H.jpg,image/8F4J1R6H.jpg,0.94042975,0.90-0.95
195,shot size,1.0,D,D,1,2,combination,False,False,image/1U76UJDA.jpg,image/1U76UJDA.jpg,0.8334044,below 0.85
196,shot size,1.0,C,C,1,1,single,False,False,image/WXAN4WH1.jpg,image/WXAN4WH1.jpg,0.90007097,0.90-0.95
197,shot size,1.0,C,C,1,1,single,False,False,image/SJ7M1Q9B.jpg,image/SJ7M1Q9B.jpg,0.86691654,0.85-0.90
198,shot size,1.0,D,D,1,2,combination,False,False,image/OUVE0KK2.jpg,image/OUVE0KK2.jpg,0.8559442,0.85-0.90
199,shot size,1.0,B,B,1,1,single,False,False,image/IZA7BROU.jpg,image/IZA7BROU.jpg,0.87894946,0.85-0.90
200,shot size,1.0,D,D,1,1,single,False,False,image/0ZGZP7CR.jpg,image/0ZGZP7CR.jpg,0.7278458,below 0.85
201,shot size,1.0,D,D,1,1,single,False,False,image/5OD13C4S.jpg,image/5OD13C4S.jpg,0.8225017,below 0.85
202,shot size,1.0,D,D,1,1,single,False,False,image/IVH5SNR8.jpg,image/IVH5SNR8.jpg,0.8576328,0.85-0.90
203,shot size,1.0,A,A,1,1,single,False,False,image/3R825833.jpg,image/3R825833.jpg,0.82986003,below 0.85
204,shot size,0.0,C,D,1,1,single,False,False,image/3W7W2529.jpg,image/3W7W2529.jpg,0.86688334,0.85-0.90
205,shot size,1.0,A,A,1,1,single,False,False,image/1RQWLILD.jpg,image/1RQWLILD.jpg,0.9054197,0.90-0.95
206,shot size,1.0,B,B,1,1,single,False,False,image/7U2GEQ1J.jpg,image/7U2GEQ1J.jpg,0.8201964,below 0.85
207,shot size,1.0,A,A,1,1,single,False,False,image/E8SHH2T6.jpg,image/E8SHH2T6.jpg,0.8389419,below 0.85
208,shot size,0.0,B,A,1,1,single,False,False,image/ZFNIWTTJ.jpg,image/ZFNIWTTJ.jpg,0.92054677,0.90-0.95
209,shot size,0.0,C,D,1,1,single,False,False,image/OYHTR637.jpg,image/OYHTR637.jpg,0.84327304,below 0.85
210,shot size,1.0,B,B,1,1,single,False,False,image/FCBYM92O.jpg,image/FCBYM92O.jpg,0.8643064,0.85-0.90
211,shot size,1.0,A,A,1,1,single,False,False,image/EORLLDU8.jpg,image/EORLLDU8.jpg,0.7448341,below 0.85
212,shot size,1.0,C,C,1,1,single,False,False,image/QF1VAISE.jpg,image/QF1VAISE.jpg,0.89344925,0.85-0.90
213,shot size,1.0,A,A,1,1,single,False,False,image/8OB2457B.png,image/8OB2457B.png,0.8496379,below 0.85
214,shot size,1.0,A,A,1,1,single,False,False,image/ZX1PX9NL.jpg,image/ZX1PX9NL.jpg,0.8800182,0.85-0.90
215,shot size,1.0,C,C,1,1,single,False,False,image/RA1ULX4N.jpg,image/RA1ULX4N.jpg,0.8649711,0.85-0.90
216,shot size,1.0,B,B,1,1,single,False,False,image/BIE62DQD.jpg,image/BIE62DQD.jpg,0.80596626,below 0.85
217,shot size,1.0,D,D,1,1,single,False,False,image/6SGVZJEJ.jpg,image/6SGVZJEJ.jpg,0.8963271,0.85-0.90
218,shot size,1.0,B,B,1,1,single,False,False,image/MPXWG6LY.jpg,image/MPXWG6LY.jpg,0.88600284,0.85-0.90
219,shot size,1.0,C,C,1,1,single,False,False,image/95PCN0CP.jpg,image/95PCN0CP.jpg,0.8646671,0.85-0.90
220,shot size,1.0,B,B,1,1,single,False,False,image/O05IUV79.jpg,image/O05IUV79.jpg,0.8744458,0.85-0.90
221,shot size,1.0,D,D,1,1,single,False,False,image/20E8JV3B.jpg,image/20E8JV3B.jpg,0.8807569,0.85-0.90
222,shot size,1.0,C,C,1,2,combination,False,False,image/6X8SJR54.jpg,image/6X8SJR54.jpg,0.7979178,below 0.85
223,shot size,1.0,B,B,1,1,single,False,False,image/O15M0707.jpg,image/O15M0707.jpg,0.8919834,0.85-0.90
224,shot size,0.0,C,A,1,1,single,False,False,image/8UJDJ97Z.jpg,image/8UJDJ97Z.jpg,0.91320556,0.90-0.95
225,shot size,1.0,A,A,1,1,single,False,False,image/BFEY47YV.jpg,image/BFEY47YV.jpg,0.9197282,0.90-0.95
226,shot size,0.0,A,C,1,1,single,False,False,image/NP52LPM9.jpg,image/NP52LPM9.jpg,0.76573807,below 0.85
227,shot size,1.0,B,B,1,1,single,False,False,image/J2156T8X.jpg,image/J2156T8X.jpg,0.90394753,0.90-0.95
228,shot size,1.0,B,B,1,1,single,False,False,image/QQJFP9XI.jpg,image/QQJFP9XI.jpg,0.8794907,0.85-0.90
229,shot size,1.0,C,C,1,1,single,False,False,image/XJMZOKPC.jpg,image/XJMZOKPC.jpg,0.8637822,0.85-0.90
230,shot size,1.0,A,A,1,1,single,False,False,image/0QZVR59Y.jpg,image/0QZVR59Y.jpg,0.89333016,0.85-0.90
231,shot size,1.0,A,A,1,1,single,False,False,image/632RQAKI.jpg,image/632RQAKI.jpg,0.8636606,0.85-0.90
232,shot size,0.0,B,C,1,1,single,False,False,image/E40F3OHI.jpg,image/E40F3OHI.jpg,0.8686973,0.85-0.90
233,shot size,1.0,B,B,1,1,single,False,False,image/56OFF5YZ.jpg,image/56OFF5YZ.jpg,0.7904641,below 0.85
234,shot size,1.0,D,D,1,1,single,False,False,image/YFJVABMT.jpg,image/YFJVABMT.jpg,0.8938035,0.85-0.90
235,shot size,0.0,B,D,1,1,single,False,False,image/YMM2EFA6.jpg,image/YMM2EFA6.jpg,0.88616616,0.85-0.90
236,shot size,1.0,C,C,1,1,single,False,False,image/YK8KKMZX.jpg,image/YK8KKMZX.jpg,0.87474245,0.85-0.90
237,shot size,1.0,D,D,1,1,single,False,False,image/TB97VKY4.jpg,image/TB97VKY4.jpg,0.8105085,below 0.85
238,shot size,1.0,B,B,1,1,single,False,False,image/ENKBOJ00.jpg,image/ENKBOJ00.jpg,0.8430423,below 0.85
239,shot size,0.0,D,A,1,1,single,False,False,image/EZBBAVS1.jpg,image/EZBBAVS1.jpg,0.9024437,0.90-0.95
240,shot size,1.0,A,A,1,1,single,False,False,image/H95Z9NN9.jpg,image/H95Z9NN9.jpg,0.8891586,0.85-0.90
241,shot size,1.0,D,D,1,1,single,False,False,image/WHIAK1L9.jpg,image/WHIAK1L9.jpg,0.80905014,below 0.85
242,shot size,1.0,C,C,1,1,single,False,False,image/ZH8TNAX3.jpg,image/ZH8TNAX3.jpg,0.85491616,0.85-0.90
243,shot size,0.0,C,D,1,1,single,False,False,image/K7LEQ45T.jpg,image/K7LEQ45T.jpg,0.8587654,0.85-0.90
244,shot size,1.0,A,A,1,1,single,False,False,image/RAYDHBSU.jpg,image/RAYDHBSU.jpg,0.9286761,0.90-0.95
245,shot size,1.0,B,B,1,1,single,False,False,image/F171N09S.jpg,image/F171N09S.jpg,0.9136715,0.90-0.95
246,shot size,0.0,A,B,1,1,single,False,False,image/T0FME81X.jpg,image/T0FME81X.jpg,0.8813387,0.85-0.90
247,shot size,0.0,A,D,1,1,single,False,False,image/H4DGVX3K.jpg,image/H4DGVX3K.jpg,0.83122885,below 0.85
248,shot size,1.0,A,A,1,2,combination,False,False,image/Z1PZOQXN.jpg,image/Z1PZOQXN.jpg,0.87563914,0.85-0.90
249,shot size,0.0,D,A,1,1,single,False,False,image/3AR7930O.jpg,image/3AR7930O.jpg,0.8861082,0.85-0.90
250,shot size,1.0,A,A,1,1,single,False,False,image/XLR8Q1NO.jpg,image/XLR8Q1NO.jpg,0.88980305,0.85-0.90
251,shot size,1.0,B,B,1,1,single,False,False,image/7YZKJPK9.jpg,image/7YZKJPK9.jpg,0.85997486,0.85-0.90
252,shot size,1.0,D,D,1,1,single,False,False,image/DCPC7FZZ.jpg,image/DCPC7FZZ.jpg,0.82944316,below 0.85
253,shot size,1.0,A,A,1,1,single,False,False,image/2W3GFZ1Y.jpg,image/2W3GFZ1Y.jpg,0.87501067,0.85-0.90
254,shot size,1.0,B,B,1,1,single,False,False,image/VVHCMR0D.jpg,image/VVHCMR0D.jpg,0.8914068,0.85-0.90
255,shot size,1.0,B,B,1,1,single,False,False,image/KM2STHPD.jpg,image/KM2STHPD.jpg,0.8748247,0.85-0.90
256,shot size,0.0,D,C,1,1,single,False,False,image/QFW5T0NU.png,image/QFW5T0NU.png,0.93506837,0.90-0.95
257,shot size,1.0,C,C,1,1,single,False,False,image/LC10QMB6.jpg,image/LC10QMB6.jpg,0.883437,0.85-0.90
258,shot size,0.0,A,D,1,1,single,False,False,image/I2YYRTVV.jpg,image/I2YYRTVV.jpg,0.90367264,0.90-0.95
259,shot size,1.0,A,A,1,1,single,False,False,image/6PZ3G5KD.jpg,image/6PZ3G5KD.jpg,0.90191984,0.90-0.95
260,shot size,1.0,A,A,1,1,single,False,False,image/DCGDFKQK.jpg,image/DCGDFKQK.jpg,0.9153635,0.90-0.95
261,shot size,1.0,D,D,1,1,single,False,False,image/6S7BXOYC.jpg,image/6S7BXOYC.jpg,0.8432676,below 0.85
262,shot size,1.0,A,A,1,1,single,False,False,image/10K4VUEP.jpg,image/10K4VUEP.jpg,0.8743789,0.85-0.90
263,shot size,0.0,D,A,1,1,single,False,False,image/BBEJGIRY.jpg,image/BBEJGIRY.jpg,0.90263057,0.90-0.95
264,shot size,1.0,D,D,1,1,single,False,False,image/ISPFBM87.jpg,image/ISPFBM87.jpg,0.97388124,0.95 and above
265,shot size,0.0,B,A,1,1,single,False,False,image/6R6BEGNM.jpg,image/6R6BEGNM.jpg,0.89212644,0.85-0.90
266,shot size,0.0,D,A,1,1,single,False,False,image/U90L479T.jpg,image/U90L479T.jpg,0.82324195,below 0.85
267,shot size,0.0,B,C,1,1,single,False,False,image/GOJU592G.jpg,image/GOJU592G.jpg,0.87884694,0.85-0.90
268,shot size,1.0,A,A,1,1,single,False,False,image/JAXFHYF6.jpg,image/JAXFHYF6.jpg,0.8714146,0.85-0.90
269,shot size,0.0,B,D,1,1,single,False,False,image/6P9H6LXC.jpg,image/6P9H6LXC.jpg,0.89060307,0.85-0.90
270,shot size,1.0,C,C,1,1,single,False,False,image/40AXHLJT.jpg,image/40AXHLJT.jpg,0.82588685,below 0.85
271,shot size,1.0,D,D,1,1,single,False,False,image/V0YN4USR.jpg,image/V0YN4USR.jpg,0.8669758,0.85-0.90
272,shot size,1.0,B,B,1,1,single,False,False,image/DX6X2INR.jpg,image/DX6X2INR.jpg,0.7822703,below 0.85
273,shot size,0.0,B,A,1,1,single,False,False,image/KCDGBVO8.jpg,image/KCDGBVO8.jpg,0.889862,0.85-0.90
274,shot size,1.0,C,C,1,1,single,False,False,image/WWARDTUK.JPG,image/WWARDTUK.JPG,0.8489446,below 0.85
275,shot size,0.0,A,C,1,1,single,False,False,image/9W49NTFC.jpg,image/9W49NTFC.jpg,0.8856918,0.85-0.90
276,shot size,1.0,C,C,1,1,single,False,False,image/BMVZWUBQ.jpg,image/BMVZWUBQ.jpg,0.8842907,0.85-0.90
277,shot size,1.0,A,A,1,1,single,False,False,image/3VYUKKCB.jpg,image/3VYUKKCB.jpg,0.86327934,0.85-0.90
278,shot size,1.0,D,D,1,1,single,False,False,image/C5BEU158.jpg,image/C5BEU158.jpg,0.8667977,0.85-0.90
279,shot size,1.0,B,B,1,1,single,False,False,image/XNB07FZ0.jpg,image/XNB07FZ0.jpg,0.9281171,0.90-0.95
280,shot size,1.0,D,D,1,1,single,False,False,image/CJW9ANBN.jpg,image/CJW9ANBN.jpg,0.7672564,below 0.85
281,shot size,1.0,A,A,1,1,single,False,False,image/XPFFSK5W.jpg,image/XPFFSK5W.jpg,0.83849823,below 0.85
282,shot size,0.0,D,C,1,1,single,False,False,image/YAZ1U69N.jpg,image/YAZ1U69N.jpg,0.91407347,0.90-0.95
283,shot size,1.0,C,C,1,1,single,False,False,image/6HZMR3Q0.jpg,image/6HZMR3Q0.jpg,0.92802155,0.90-0.95
284,shot size,1.0,A,A,1,1,single,False,False,image/K9HSVY89.jpg,image/K9HSVY89.jpg,0.83023465,below 0.85
285,shot size,0.0,A,C,1,1,single,False,False,image/1ECOCJEY.jpg,image/1ECOCJEY.jpg,0.8779423,0.85-0.90
286,shot size,1.0,B,B,1,1,single,False,False,image/N56TE6RF.jpg,image/N56TE6RF.jpg,0.86450595,0.85-0.90
287,shot size,1.0,C,C,1,1,single,False,False,image/FGJNSYC8.jpg,image/FGJNSYC8.jpg,0.857425,0.85-0.90
288,shot size,1.0,C,C,1,1,single,False,False,image/4I4A7W4Z.jpg,image/4I4A7W4Z.jpg,0.8572813,0.85-0.90
289,shot size,0.0,C,A,1,1,single,False,False,image/NYDZWALZ.JPG,image/NYDZWALZ.JPG,0.87212676,0.85-0.90
290,shot size,1.0,C,C,1,1,single,False,False,image/1X7098YB.jpg,image/1X7098YB.jpg,0.8793282,0.85-0.90
291,shot size,1.0,D,D,1,1,single,False,False,image/VZII92I0.jpg,image/VZII92I0.jpg,0.87005955,0.85-0.90
292,shot size,1.0,C,C,1,1,single,False,False,image/XV7VPQ3I.jpg,image/XV7VPQ3I.jpg,0.93451077,0.90-0.95
293,shot size,1.0,D,D,1,1,single,False,False,image/29EZC5AH.jpg,image/29EZC5AH.jpg,0.85937697,0.85-0.90
294,shot size,1.0,C,C,1,1,single,False,False,image/QU6CO47J.jpg,image/QU6CO47J.jpg,0.92752993,0.90-0.95
295,shot size,1.0,B,B,1,2,combination,False,False,image/6KBVV7Z5.jpg,image/6KBVV7Z5.jpg,0.84602356,below 0.85
296,shot size,1.0,D,D,1,1,single,False,False,image/BHE2I9T4.jpg,image/BHE2I9T4.jpg,0.8450717,below 0.85
297,shot size,1.0,A,A,1,1,single,False,False,image/5RFIH0X0.jpg,image/5RFIH0X0.jpg,0.86848545,0.85-0.90
298,shot size,1.0,C,C,1,1,single,False,False,image/SJMXQIY5.png,image/SJMXQIY5.png,0.8515472,0.85-0.90
299,shot size,1.0,D,D,1,1,single,False,False,image/FLC3TK19.jpg,image/FLC3TK19.jpg,0.85749465,0.85-0.90
300,shot size,1.0,D,D,1,1,single,False,False,image/WWH2KWR6.jpg,image/WWH2KWR6.jpg,0.81738496,below 0.85
301,shot size,1.0,C,C,1,1,single,False,False,image/AR29M4AV.jpg,image/AR29M4AV.jpg,0.75037783,below 0.85
302,shot size,1.0,D,D,1,1,single,False,False,image/3MDVOSLS.jpg,image/3MDVOSLS.jpg,0.9078928,0.90-0.95
303,shot size,1.0,D,D,1,1,single,False,False,image/ZYE4UHR5.jpg,image/ZYE4UHR5.jpg,0.8722351,0.85-0.90
304,shot size,1.0,D,D,1,1,single,False,False,image/W02K2B1Y.jpg,image/W02K2B1Y.jpg,0.8620794,0.85-0.90
305,shot size,0.0,D,C,1,1,single,False,False,image/33FPWD79.jpg,image/33FPWD79.jpg,0.9050673,0.90-0.95
306,shot size,1.0,C,C,1,1,single,False,False,image/YYZH9UUH.jpg,image/YYZH9UUH.jpg,0.8762003,0.85-0.90
307,shot size,1.0,B,B,1,1,single,False,False,image/6Y0OR5FW.jpg,image/6Y0OR5FW.jpg,0.8363109,below 0.85
308,shot size,1.0,B,B,1,1,single,False,False,image/4755L0TI.jpg,image/4755L0TI.jpg,0.86809397,0.85-0.90
309,shot size,1.0,A,A,1,1,single,False,False,image/9Q8O0Y1K.JPG,image/9Q8O0Y1K.JPG,0.81411546,below 0.85
310,shot size,0.0,A,C,1,1,single,False,False,image/3SE5HT91.jpg,image/3SE5HT91.jpg,0.8828347,0.85-0.90
311,shot size,1.0,B,B,1,1,single,False,False,image/QDL2AJO7.jpg,image/QDL2AJO7.jpg,0.8690216,0.85-0.90
312,shot size,1.0,C,C,1,1,single,False,False,image/W0RAO3MZ.png,image/W0RAO3MZ.png,0.8793959,0.85-0.90
313,shot size,1.0,B,B,1,1,single,False,False,image/1VFR23RM.jpg,image/1VFR23RM.jpg,0.8828111,0.85-0.90
314,shot size,1.0,D,D,1,1,single,False,False,image/V4U66J0J.jpg,image/V4U66J0J.jpg,0.7979825,below 0.85
315,shot size,1.0,C,C,1,1,single,False,False,image/S84HES0O.jpg,image/S84HES0O.jpg,0.8749697,0.85-0.90
316,shot size,1.0,A,A,1,1,single,False,False,image/MDZMFI0I.jpg,image/MDZMFI0I.jpg,0.84872234,below 0.85
317,shot size,1.0,D,D,1,1,single,False,False,image/0T0SBPTZ.png,image/0T0SBPTZ.png,0.8851926,0.85-0.90
318,shot size,1.0,D,D,1,1,single,False,False,image/HL3P3Y2O.jpg,image/HL3P3Y2O.jpg,0.8536807,0.85-0.90
319,shot size,1.0,C,C,1,1,single,False,False,image/Y0UNDDIE.jpg,image/Y0UNDDIE.jpg,0.8910484,0.85-0.90
320,shot size,1.0,D,D,1,1,single,False,False,image/9B1XHQJV.jpg,image/9B1XHQJV.jpg,0.8622093,0.85-0.90
321,shot size,0.0,D,A,1,1,single,False,False,image/JQXOP53P.jpg,image/JQXOP53P.jpg,0.8864827,0.85-0.90
322,shot size,1.0,B,B,1,1,single,False,False,image/3DIJM88I.jpg,image/3DIJM88I.jpg,0.86242306,0.85-0.90
323,shot size,1.0,A,A,1,1,single,False,False,image/GT2DYV0B.jpg,image/GT2DYV0B.jpg,0.91463023,0.90-0.95
324,shot size,0.0,B,D,1,1,single,False,False,image/1BC2R0VJ.jpg,image/1BC2R0VJ.jpg,0.8590038,0.85-0.90
325,shot size,1.0,B,B,1,1,single,False,False,image/2C1R0QNA.jpg,image/2C1R0QNA.jpg,0.83667165,below 0.85
326,shot size,1.0,A,A,1,1,single,False,False,image/J2VXINTH.jpg,image/J2VXINTH.jpg,0.8235491,below 0.85
327,shot size,1.0,B,B,1,1,single,False,False,image/QPOGZH64.jpg,image/QPOGZH64.jpg,0.7804767,below 0.85
328,shot size,1.0,D,D,1,1,single,False,False,image/TC841349.jpg,image/TC841349.jpg,0.8767122,0.85-0.90
329,shot size,1.0,A,A,1,1,single,False,False,image/JUXR1358.jpg,image/JUXR1358.jpg,0.8963574,0.85-0.90
330,shot size,0.0,B,C,1,1,single,False,False,image/YOV83PNT.jpg,image/YOV83PNT.jpg,0.78022,below 0.85
331,shot size,1.0,A,A,1,1,single,False,False,image/69TMSNFG.jpg,image/69TMSNFG.jpg,0.82580936,below 0.85
332,shot size,1.0,A,A,1,1,single,False,False,image/WZ6D3891.jpg,image/WZ6D3891.jpg,0.90418065,0.90-0.95
333,shot size,1.0,B,B,1,2,combination,False,False,image/CSWS53VA.jpg,image/CSWS53VA.jpg,0.91228294,0.90-0.95
334,shot size,0.0,B,D,1,1,single,False,False,image/MMG4RZMH.jpg,image/MMG4RZMH.jpg,0.83711195,below 0.85
335,shot size,1.0,B,B,1,1,single,False,False,image/KGVONJNS.jpg,image/KGVONJNS.jpg,0.8994521,0.85-0.90
336,shot size,1.0,B,B,1,1,single,False,False,image/M90GYHHP.jpg,image/M90GYHHP.jpg,0.87272686,0.85-0.90
337,shot size,0.0,D,C,1,1,single,False,False,image/1W6Y0R2P.jpg,image/1W6Y0R2P.jpg,0.87286305,0.85-0.90
338,shot size,0.0,D,A,1,1,single,False,False,image/FZPQZVQS.jpg,image/FZPQZVQS.jpg,0.80046445,below 0.85
339,shot size,1.0,B,B,1,1,single,False,False,image/R3NTMAPT.jpg,image/R3NTMAPT.jpg,0.88975686,0.85-0.90
340,shot size,1.0,C,C,1,1,single,False,False,image/59VJ3SPZ.jpg,image/59VJ3SPZ.jpg,0.8463328,below 0.85
341,shot size,1.0,A,A,1,1,single,False,False,image/1YXD2B6C.jpg,image/1YXD2B6C.jpg,0.92575145,0.90-0.95
342,shot size,1.0,A,A,1,1,single,False,False,image/VIQY3ONH.jpeg,image/VIQY3ONH.jpeg,0.8159351,below 0.85
343,shot size,1.0,D,D,1,1,single,False,False,image/XQUPQFLC.jpg,image/XQUPQFLC.jpg,0.89673764,0.85-0.90
344,shot size,1.0,C,C,1,1,single,False,False,image/W7R2WV8X.jpg,image/W7R2WV8X.jpg,0.8949272,0.85-0.90
345,shot size,1.0,B,B,1,1,single,False,False,image/HHSVIDFP.jpg,image/HHSVIDFP.jpg,0.8924978,0.85-0.90
346,shot size,0.0,C,A,1,1,single,False,False,image/PIDGVRKW.jpg,image/PIDGVRKW.jpg,0.8588768,0.85-0.90
347,shot size,0.0,D,B,1,1,single,False,False,image/I7IAQTX8.jpg,image/I7IAQTX8.jpg,0.9361007,0.90-0.95
348,shot size,1.0,D,D,1,1,single,False,False,image/D9YOKU32.jpg,image/D9YOKU32.jpg,0.8809931,0.85-0.90
349,shot size,1.0,C,C,1,1,single,False,False,image/214AYT0P.jpg,image/214AYT0P.jpg,0.8420641,below 0.85
350,shot size,1.0,D,D,1,1,single,False,False,image/CKXJG4C8.jpg,image/CKXJG4C8.jpg,0.8978452,0.85-0.90
351,shot size,0.0,A,D,1,1,single,False,False,image/H43DTZ0O.jpg,image/H43DTZ0O.jpg,0.89198,0.85-0.90
352,shot size,0.0,C,D,1,1,single,False,False,image/OCDGC3A6.jpg,image/OCDGC3A6.jpg,0.86707103,0.85-0.90
353,shot size,0.0,C,D,1,1,single,False,False,image/QFQPYS95.jpg,image/QFQPYS95.jpg,0.8633889,0.85-0.90
354,shot size,1.0,D,D,1,1,single,False,False,image/ODB7TS4N.jpg,image/ODB7TS4N.jpg,0.88285893,0.85-0.90
355,shot size,1.0,C,C,1,1,single,False,False,image/6XZ9PHK1.jpg,image/6XZ9PHK1.jpg,0.89808625,0.85-0.90
356,shot size,1.0,C,C,1,1,single,False,False,image/KLY3KWNY.jpg,image/KLY3KWNY.jpg,0.8833081,0.85-0.90
357,shot size,1.0,A,A,1,1,single,False,False,image/9S8386GJ.jpg,image/9S8386GJ.jpg,0.91887826,0.90-0.95
358,shot size,0.0,A,D,1,1,single,False,False,image/53163CD7.jpg,image/53163CD7.jpg,0.91393095,0.90-0.95
359,shot size,1.0,B,B,1,1,single,False,False,image/5ZNDZ41P.jpg,image/5ZNDZ41P.jpg,0.8608794,0.85-0.90
360,shot size,1.0,A,A,1,1,single,False,False,image/N6FER6GY.jpg,image/N6FER6GY.jpg,0.9187914,0.90-0.95
361,shot size,1.0,B,B,1,1,single,False,False,image/SOCKGMFT.jpg,image/SOCKGMFT.jpg,0.8357944,below 0.85
362,shot size,1.0,C,C,1,1,single,False,False,image/NAYHE5MY.jpg,image/NAYHE5MY.jpg,0.9329316,0.90-0.95
363,shot size,1.0,C,C,1,1,single,False,False,image/CVOQM2EN.jpg,image/CVOQM2EN.jpg,0.9372134,0.90-0.95
364,shot size,1.0,C,C,1,1,single,False,False,image/KJCOOFAS.png,image/KJCOOFAS.png,0.84443504,below 0.85
365,shot size,0.0,B,D,1,1,single,False,False,image/UNMW0PKK.jpg,image/UNMW0PKK.jpg,0.89127964,0.85-0.90
366,shot size,1.0,B,B,1,1,single,False,False,image/Z6NGQ9MM.jpg,image/Z6NGQ9MM.jpg,0.8436398,below 0.85
367,shot size,1.0,C,C,1,1,single,False,False,image/6BEYD48F.jpg,image/6BEYD48F.jpg,0.85569054,0.85-0.90
368,shot size,1.0,C,C,1,1,single,False,False,image/F2OKZFTV.jpg,image/F2OKZFTV.jpg,0.85955817,0.85-0.90
369,shot size,1.0,D,D,1,2,combination,False,False,image/VXPAIVGQ.jpg,image/VXPAIVGQ.jpg,0.8468567,below 0.85
370,shot size,1.0,C,C,1,1,single,False,False,image/DOHKYPL4.jpg,image/DOHKYPL4.jpg,0.84791774,below 0.85
371,shot size,1.0,D,D,1,1,single,False,False,image/BXG75I8L.jpg,image/BXG75I8L.jpg,0.84369165,below 0.85
372,shot size,0.0,C,D,1,1,single,False,False,image/UNO1WYBR.jpg,image/UNO1WYBR.jpg,0.8693043,0.85-0.90
373,shot size,1.0,C,C,1,1,single,False,False,image/KMWESVS7.jpg,image/KMWESVS7.jpg,0.9034849,0.90-0.95
374,shot size,0.0,B,C,1,1,single,False,False,image/YLILBCWX.jpg,image/YLILBCWX.jpg,0.85434765,0.85-0.90
375,shot size,1.0,D,D,1,1,single,False,False,image/Y8EYJ079.jpg,image/Y8EYJ079.jpg,0.8563024,0.85-0.90
376,shot size,1.0,C,C,1,1,single,False,False,image/T2RBOM05.jpg,image/T2RBOM05.jpg,0.8689324,0.85-0.90
377,shot size,1.0,C,C,1,1,single,False,False,image/7X0N86N6.jpg,image/7X0N86N6.jpg,0.83251905,below 0.85
378,shot size,0.0,A,C,1,1,single,False,False,image/VDSBBG29.jpg,image/VDSBBG29.jpg,0.82233685,below 0.85
379,shot size,0.0,A,B,1,1,single,False,False,image/3P7NQA6M.jpg,image/3P7NQA6M.jpg,0.8573947,0.85-0.90
380,shot size,1.0,A,A,1,1,single,False,False,image/GYGRH3JB.jpg,image/GYGRH3JB.jpg,0.91831124,0.90-0.95
381,shot size,1.0,D,D,1,1,single,False,False,image/1QIJI4I0.png,image/1QIJI4I0.png,0.8698484,0.85-0.90
382,shot size,0.0,A,B,1,1,single,False,False,image/A0AXUU8V.jpg,image/A0AXUU8V.jpg,0.9208376,0.90-0.95
383,shot size,1.0,B,B,1,1,single,False,False,image/ZL8XVI56.jpg,image/ZL8XVI56.jpg,0.90931946,0.90-0.95
384,shot size,0.0,B,A,1,1,single,False,False,image/QO44KLH1.jpg,image/QO44KLH1.jpg,0.8937516,0.85-0.90
385,shot size,0.0,D,B,1,1,single,False,False,image/WV0D4XWF.jpg,image/WV0D4XWF.jpg,0.80897665,below 0.85
386,shot size,1.0,A,A,1,1,single,False,False,image/ZSQ6VRXY.jpg,image/ZSQ6VRXY.jpg,0.85955554,0.85-0.90
387,shot size,1.0,C,C,1,1,single,False,False,image/KQ80S0PV.jpg,image/KQ80S0PV.jpg,0.9433067,0.90-0.95
388,shot size,1.0,C,C,1,1,single,False,False,image/A7BA146M.jpg,image/A7BA146M.jpg,0.8530002,0.85-0.90
389,shot size,1.0,C,C,1,1,single,False,False,image/0EY1PXZR.jpg,image/0EY1PXZR.jpg,0.88418156,0.85-0.90
390,shot size,1.0,C,C,1,1,single,False,False,image/E8C13B07.jpg,image/E8C13B07.jpg,0.7945128,below 0.85
391,shot size,0.0,B,C,1,1,single,False,False,image/0P549JFT.jpg,image/0P549JFT.jpg,0.88129526,0.85-0.90
392,shot size,1.0,D,D,1,1,single,False,False,image/FM67IMW5.jpg,image/FM67IMW5.jpg,0.8485243,below 0.85
393,shot size,1.0,D,D,1,1,single,False,False,image/95IWZ0W1.jpg,image/95IWZ0W1.jpg,0.9412662,0.90-0.95
394,shot size,1.0,C,C,1,1,single,False,False,image/HVPYVKOU.jpg,image/HVPYVKOU.jpg,0.8441849,below 0.85
395,shot size,0.0,B,C,1,1,single,False,False,image/0AVMHI6A.jpg,image/0AVMHI6A.jpg,0.935252,0.90-0.95
396,shot size,1.0,D,D,1,1,single,False,False,image/GYN10QRL.jpg,image/GYN10QRL.jpg,0.87436277,0.85-0.90
397,shot size,1.0,D,D,1,1,single,False,False,image/YTQO5Y4F.jpg,image/YTQO5Y4F.jpg,0.9081518,0.90-0.95
398,shot size,1.0,D,D,1,1,single,False,False,image/HZM1KDAW.jpg,image/HZM1KDAW.jpg,0.90583915,0.90-0.95
399,shot size,1.0,A,A,1,1,single,False,False,image/APB1TJXU.jpg,image/APB1TJXU.jpg,0.8312635,below 0.85
400,shot size,0.0,B,A,1,1,single,False,False,image/X3Y8KO6H.jpg,image/X3Y8KO6H.jpg,0.84527,below 0.85
401,shot size,1.0,A,A,1,1,single,False,False,image/AFJVL89E.jpg,image/AFJVL89E.jpg,0.93853456,0.90-0.95
402,shot size,1.0,D,D,1,1,single,False,False,image/9T6WBUN5.jpg,image/9T6WBUN5.jpg,0.8292154,below 0.85
403,shot size,1.0,C,C,1,1,single,False,False,image/1ZM6N8NG.jpg,image/1ZM6N8NG.jpg,0.8377753,below 0.85
404,shot size,0.0,A,B,1,1,single,False,False,image/HB065T39.jpg,image/HB065T39.jpg,0.8399593,below 0.85
405,shot size,1.0,C,C,1,1,single,False,False,image/F82GBNDL.jpg,image/F82GBNDL.jpg,0.8506671,0.85-0.90
406,shot size,1.0,C,C,1,1,single,False,False,image/H96F427H.png,image/H96F427H.png,0.8689935,0.85-0.90
407,shot size,1.0,B,B,1,1,single,False,False,image/PZ9Y0AWK.jpg,image/PZ9Y0AWK.jpg,0.8370342,below 0.85
408,shot size,1.0,A,A,1,1,single,False,False,image/R29AOJWB.jpg,image/R29AOJWB.jpg,0.8749795,0.85-0.90
409,shot size,1.0,B,B,1,1,single,False,False,image/3WGASJLS.jpg,image/3WGASJLS.jpg,0.88028234,0.85-0.90
410,shot size,1.0,A,A,1,1,single,False,False,image/7YT2YFAT.jpg,image/7YT2YFAT.jpg,0.9111379,0.90-0.95
411,shot size,1.0,A,A,1,1,single,False,False,image/AJ0Z493Q.jpg,image/AJ0Z493Q.jpg,0.908921,0.90-0.95
412,shot size,1.0,C,C,1,1,single,False,False,image/L20G8AU9.jpg,image/L20G8AU9.jpg,0.8859588,0.85-0.90
413,shot size,1.0,B,B,1,1,single,False,False,image/2L7JVXZL.jpg,image/2L7JVXZL.jpg,0.9033893,0.90-0.95
414,shot size,1.0,D,D,1,1,single,False,False,image/T7XZLXMM.jpg,image/T7XZLXMM.jpg,0.880392,0.85-0.90
415,shot size,1.0,A,A,1,1,single,False,False,image/QXQMX49G.jpg,image/QXQMX49G.jpg,0.80551225,below 0.85
416,shot size,1.0,D,D,1,1,single,False,False,image/QD0G6PHW.jpg,image/QD0G6PHW.jpg,0.8466871,below 0.85
417,shot size,1.0,D,D,1,1,single,False,False,image/GEN266CH.jpg,image/GEN266CH.jpg,0.92147416,0.90-0.95
418,shot size,1.0,C,C,1,1,single,False,False,image/M07YZ328.jpg,image/M07YZ328.jpg,0.8604995,0.85-0.90
419,shot size,1.0,A,A,1,1,single,False,False,image/YT4BSQSG.jpg,image/YT4BSQSG.jpg,0.9130223,0.90-0.95
420,shot size,0.0,C,B,1,1,single,False,False,image/R6IR5R4I.jpg,image/R6IR5R4I.jpg,0.8643565,0.85-0.90
421,shot size,1.0,A,A,1,1,single,False,False,image/TXJTGYZL.jpg,image/TXJTGYZL.jpg,0.89904594,0.85-0.90
422,shot size,1.0,A,A,1,1,single,False,False,image/ZHF12DST.jpg,image/ZHF12DST.jpg,0.90057516,0.90-0.95
423,shot size,1.0,B,B,1,1,single,False,False,image/0OPG0REZ.jpg,image/0OPG0REZ.jpg,0.8774956,0.85-0.90
424,shot size,1.0,D,D,1,1,single,False,False,image/8JTJU2QM.jpg,image/8JTJU2QM.jpg,0.9134155,0.90-0.95
425,shot size,1.0,B,B,1,1,single,False,False,image/LRK90CL8.jpg,image/LRK90CL8.jpg,0.82132494,below 0.85
426,shot size,1.0,B,B,1,1,single,False,False,image/77ZS8Z7V.jpg,image/77ZS8Z7V.jpg,0.91675144,0.90-0.95
427,shot size,1.0,D,D,1,1,single,False,False,image/OCSNB9RP.jpg,image/OCSNB9RP.jpg,0.84707284,below 0.85
428,shot size,0.0,C,D,1,1,single,False,False,image/VC575SQZ.jpg,image/VC575SQZ.jpg,0.8540351,0.85-0.90
429,shot size,1.0,C,C,1,1,single,False,False,image/5BLCM9YP.jpg,image/5BLCM9YP.jpg,0.83697665,below 0.85
430,shot size,1.0,C,C,1,1,single,False,False,image/HQZD9YS9.jpg,image/HQZD9YS9.jpg,0.8608857,0.85-0.90
431,shot size,1.0,C,C,1,1,single,False,False,image/FQPJBE18.jpg,image/FQPJBE18.jpg,0.88000906,0.85-0.90
432,shot size,1.0,C,C,1,1,single,False,False,image/RQK1WKF1.jpg,image/RQK1WKF1.jpg,0.8876203,0.85-0.90
433,shot size,1.0,D,D,1,1,single,False,False,image/B66V8V83.jpg,image/B66V8V83.jpg,0.8819097,0.85-0.90
434,shot size,1.0,C,C,1,1,single,False,False,image/C1P9MO28.jpg,image/C1P9MO28.jpg,0.8110264,below 0.85
435,shot size,1.0,D,D,1,1,single,False,False,image/T6EW9DGE.JPG,image/T6EW9DGE.JPG,0.85224706,0.85-0.90
436,shot size,1.0,B,B,1,1,single,False,False,image/E04VEZL8.jpg,image/E04VEZL8.jpg,0.6886027,below 0.85
437,shot size,1.0,A,A,1,1,single,False,False,image/V0TBMZH0.jpg,image/V0TBMZH0.jpg,0.8601858,0.85-0.90
438,shot size,0.0,D,A,1,1,single,False,False,image/R98LJ0MX.jpg,image/R98LJ0MX.jpg,0.9222423,0.90-0.95
439,shot size,1.0,B,B,1,1,single,False,False,image/LPLNBX49.jpg,image/LPLNBX49.jpg,0.8806743,0.85-0.90
440,shot size,1.0,C,C,1,1,single,False,False,image/YX0FIO8Z.jpg,image/YX0FIO8Z.jpg,0.8304724,below 0.85
441,shot size,1.0,B,B,1,1,single,False,False,image/52H6XR40.jpg,image/52H6XR40.jpg,0.8497522,below 0.85
442,shot size,1.0,C,C,1,1,single,False,False,image/Z3WQ3C6U.JPG,image/Z3WQ3C6U.JPG,0.83812535,below 0.85
443,shot size,1.0,B,B,1,1,single,False,False,image/NY72KPLV.jpg,image/NY72KPLV.jpg,0.90548116,0.90-0.95
444,shot size,1.0,D,D,1,1,single,False,False,image/SYDY48M4.jpg,image/SYDY48M4.jpg,0.8573552,0.85-0.90
445,shot size,1.0,B,B,1,1,single,False,False,image/WQN3YGP6.jpg,image/WQN3YGP6.jpg,0.9080191,0.90-0.95
446,shot size,1.0,C,C,1,1,single,False,False,image/91P26E30.jpg,image/91P26E30.jpg,0.90625167,0.90-0.95
447,shot size,1.0,B,B,1,1,single,False,False,image/E5NUV9Z2.jpg,image/E5NUV9Z2.jpg,0.9128731,0.90-0.95
448,shot size,1.0,A,A,1,1,single,False,False,image/HQB56AH1.jpg,image/HQB56AH1.jpg,0.86986816,0.85-0.90
449,shot size,1.0,C,C,1,1,single,False,False,image/WLKX44X4.jpg,image/WLKX44X4.jpg,0.9359472,0.90-0.95
450,shot size,1.0,B,B,1,1,single,False,False,image/3Y6H1COF.jpg,image/3Y6H1COF.jpg,0.882772,0.85-0.90
451,shot size,1.0,C,C,1,1,single,False,False,image/ZIRJX8MX.jpg,image/ZIRJX8MX.jpg,0.87790895,0.85-0.90
452,shot size,1.0,B,B,1,1,single,False,False,image/A5F5UAU0.jpg,image/A5F5UAU0.jpg,0.9367463,0.90-0.95
453,shot size,1.0,C,C,1,1,single,False,False,image/IGTR17OF.jpg,image/IGTR17OF.jpg,0.92467374,0.90-0.95
454,shot size,0.0,A,C,1,1,single,False,False,image/5CKFXIH5.jpg,image/5CKFXIH5.jpg,0.9162241,0.90-0.95
455,shot size,0.0,D,B,1,1,single,False,False,image/1R1W5L7H.jpg,image/1R1W5L7H.jpg,0.8678018,0.85-0.90
456,shot size,1.0,C,C,1,1,single,False,False,image/BUWNYAJM.jpg,image/BUWNYAJM.jpg,0.89220846,0.85-0.90
457,shot size,0.0,C,A,1,1,single,False,False,image/HY157BBC.jpg,image/HY157BBC.jpg,0.90135527,0.90-0.95
458,shot size,1.0,B,B,1,1,single,False,False,image/H0A9H8HC.jpg,image/H0A9H8HC.jpg,0.89706284,0.85-0.90
459,shot size,1.0,B,B,1,1,single,False,False,image/W3R7D0P5.jpg,image/W3R7D0P5.jpg,0.82904214,below 0.85
460,shot size,1.0,B,B,1,1,single,False,False,image/N5C52V8W.jpg,image/N5C52V8W.jpg,0.8843438,0.85-0.90
461,shot size,1.0,D,D,1,1,single,False,False,image/14DRDIZP.jpg,image/14DRDIZP.jpg,0.85779613,0.85-0.90
462,shot size,0.0,C,B,1,1,single,False,False,image/QIS2JYWE.jpg,image/QIS2JYWE.jpg,0.87676024,0.85-0.90
463,shot size,1.0,A,A,1,1,single,False,False,image/LP6CW1HQ.jpg,image/LP6CW1HQ.jpg,0.892716,0.85-0.90
464,shot size,1.0,D,D,1,1,single,False,False,image/Y6SHBTV1.jpg,image/Y6SHBTV1.jpg,0.7997674,below 0.85
465,shot size,1.0,C,C,1,1,single,False,False,image/2TZ0KBOI.jpg,image/2TZ0KBOI.jpg,0.8895834,0.85-0.90
466,shot size,1.0,A,A,1,1,single,False,False,image/S10GSYZJ.jpg,image/S10GSYZJ.jpg,0.88863397,0.85-0.90
467,shot size,1.0,D,D,1,1,single,False,False,image/NW1LNW0Q.jpg,image/NW1LNW0Q.jpg,0.9325921,0.90-0.95
468,shot size,0.0,A,C,1,1,single,False,False,image/24BI1H1N.jpg,image/24BI1H1N.jpg,0.91024345,0.90-0.95
469,shot size,1.0,A,A,1,1,single,False,False,image/XV4TZ5JE.JPG,image/XV4TZ5JE.JPG,0.75136924,below 0.85
470,shot size,1.0,C,C,1,1,single,False,False,image/N75NUL6V.jpg,image/N75NUL6V.jpg,0.80560756,below 0.85
471,shot size,1.0,C,C,1,1,single,False,False,image/ADAVS9UA.jpg,image/ADAVS9UA.jpg,0.8913974,0.85-0.90
472,shot size,1.0,C,C,1,1,single,False,False,image/EQ8RT2UM.jpg,image/EQ8RT2UM.jpg,0.9133991,0.90-0.95
473,shot size,1.0,B,B,1,1,single,False,False,image/6986O6X7.jpg,image/6986O6X7.jpg,0.8865351,0.85-0.90
474,shot size,0.0,D,B,1,1,single,False,False,image/2836CCV6.jpg,image/2836CCV6.jpg,0.7883442,below 0.85
475,shot size,1.0,A,A,1,1,single,False,False,image/ABLFB1PA.jpg,image/ABLFB1PA.jpg,0.8682266,0.85-0.90
476,shot size,1.0,C,C,1,1,single,False,False,image/FFE3WKBL.jpg,image/FFE3WKBL.jpg,0.9085573,0.90-0.95
477,shot size,1.0,B,B,1,1,single,False,False,image/BMP60XBX.jpg,image/BMP60XBX.jpg,0.8304924,below 0.85
478,shot size,1.0,D,D,1,1,single,False,False,image/CBGYO7Y3.jpg,image/CBGYO7Y3.jpg,0.8781729,0.85-0.90
479,shot size,0.0,A,C,1,1,single,False,False,image/RLD7J6BE.jpg,image/RLD7J6BE.jpg,0.8057039,below 0.85
480,shot size,1.0,B,B,1,1,single,False,False,image/LIZIEWJ5.jpg,image/LIZIEWJ5.jpg,0.859389,0.85-0.90
481,shot size,1.0,A,A,1,1,single,False,False,image/6JVOKKAI.jpg,image/6JVOKKAI.jpg,0.93155175,0.90-0.95
482,shot size,0.0,C,B,1,1,single,False,False,image/SQIGL9W4.jpg,image/SQIGL9W4.jpg,0.81184226,below 0.85
483,shot size,1.0,B,B,1,1,single,False,False,image/ECBKOIEA.jpg,image/ECBKOIEA.jpg,0.89064914,0.85-0.90
484,shot size,1.0,A,A,1,1,single,False,False,image/CQLSRW8X.jpg,image/CQLSRW8X.jpg,0.8663696,0.85-0.90
485,shot size,1.0,B,B,1,1,single,False,False,image/EO0N5O9D.jpg,image/EO0N5O9D.jpg,0.8766658,0.85-0.90
486,shot framing,1.0,B,B,1,2,combination,False,False,image/GBNT54G6.jpg,image/GBNT54G6.jpg,0.80287194,below 0.85
487,shot framing,1.0,B,B,1,1,single,False,False,image/SCXGR5B0.jpg,image/SCXGR5B0.jpg,0.90174145,0.90-0.95
488,shot framing,0.0,B,A,1,1,single,False,False,image/OATP6J2J.png,image/OATP6J2J.png,0.8800108,0.85-0.90
489,shot framing,1.0,A,A,1,1,single,False,False,image/AUFE6QZY.jpg,image/AUFE6QZY.jpg,0.84212774,below 0.85
490,shot framing,1.0,D,D,1,2,combination,False,False,image/SQ2C4A8Z.jpg,image/SQ2C4A8Z.jpg,0.8639754,0.85-0.90
491,shot framing,1.0,C,C,1,1,single,False,False,image/JU438A9Q.jpg,image/JU438A9Q.jpg,0.8938817,0.85-0.90
492,shot framing,1.0,D,D,1,1,single,False,False,image/6OCIEYK3.jpg,image/6OCIEYK3.jpg,0.83077574,below 0.85
493,shot framing,0.0,A,C,1,1,single,False,False,image/Z2LCIGGM.jpg,image/Z2LCIGGM.jpg,0.90642744,0.90-0.95
494,shot framing,1.0,A,A,1,1,single,False,False,image/IVLM68RC.jpg,image/IVLM68RC.jpg,0.9041286,0.90-0.95
495,shot framing,1.0,A,A,1,1,single,False,False,image/EHV910LJ.jpg,image/EHV910LJ.jpg,0.85394645,0.85-0.90
496,shot framing,1.0,A,A,1,1,single,False,False,image/8W1D9P9H.jpg,image/8W1D9P9H.jpg,0.79105353,below 0.85
497,shot framing,0.0,A,B,1,2,combination,False,False,image/TE6LHUZ4.jpg,image/TE6LHUZ4.jpg,0.90120333,0.90-0.95
498,shot framing,1.0,D,D,1,1,single,False,False,image/0HMKQXSV.jpg,image/0HMKQXSV.jpg,0.88905233,0.85-0.90
499,shot framing,1.0,D,D,1,1,single,False,False,image/R0EU4F1D.jpg,image/R0EU4F1D.jpg,0.8278691,below 0.85
500,shot framing,0.0,B,A,1,1,single,False,False,image/WT0QYGHJ.jpg,image/WT0QYGHJ.jpg,0.89077705,0.85-0.90
501,shot framing,1.0,C,C,1,1,single,False,False,image/WB813RTD.jpg,image/WB813RTD.jpg,0.8394009,below 0.85
502,shot framing,0.0,D,A,1,1,single,False,False,image/HUO2HUPD.jpg,image/HUO2HUPD.jpg,0.8375288,below 0.85
503,shot framing,1.0,C,C,1,1,single,False,False,image/L5J0YSD0.jpg,image/L5J0YSD0.jpg,0.8423632,below 0.85
504,shot framing,1.0,C,C,1,1,single,False,False,image/0RTE5NBE.jpg,image/0RTE5NBE.jpg,0.8769687,0.85-0.90
505,shot framing,1.0,B,B,1,1,single,False,False,image/Q44PC10G.jpg,image/Q44PC10G.jpg,0.8411978,below 0.85
506,shot framing,1.0,D,D,1,1,single,False,False,image/YYGV6AU1.jpg,image/YYGV6AU1.jpg,0.79411477,below 0.85
507,shot framing,1.0,C,C,1,1,single,False,False,image/LQEOEX9T.jpg,image/LQEOEX9T.jpg,0.8896849,0.85-0.90
508,shot framing,1.0,A,A,1,1,single,False,False,image/IZNOSRJ6.jpg,image/IZNOSRJ6.jpg,0.88725483,0.85-0.90
509,shot framing,1.0,C,C,1,1,single,False,False,image/HWESU0YM.jpg,image/HWESU0YM.jpg,0.9091036,0.90-0.95
510,shot framing,1.0,B,B,1,1,single,False,False,image/LNIQP48Y.jpg,image/LNIQP48Y.jpg,0.8395359,below 0.85
511,shot framing,1.0,D,D,1,1,single,False,False,image/OTP4U0US.jpg,image/OTP4U0US.jpg,0.8650536,0.85-0.90
512,shot framing,1.0,A,A,1,2,combination,False,False,image/5KSXDRH0.jpg,image/5KSXDRH0.jpg,0.8349213,below 0.85
513,shot framing,1.0,A,A,1,1,single,False,False,image/G1IF6EBJ.jpg,image/G1IF6EBJ.jpg,0.84745556,below 0.85
514,shot framing,1.0,A,A,1,1,single,False,False,image/1MOE661V.jpg,image/1MOE661V.jpg,0.90365595,0.90-0.95
515,shot framing,1.0,D,D,1,1,single,False,False,image/VLOINE7Q.jpg,image/VLOINE7Q.jpg,0.8611931,0.85-0.90
516,shot framing,1.0,A,A,1,1,single,False,False,image/XA1G5CGS.jpg,image/XA1G5CGS.jpg,0.8315417,below 0.85
517,shot framing,1.0,B,B,1,1,single,False,False,image/M8GNMZZ9.jpg,image/M8GNMZZ9.jpg,0.88904756,0.85-0.90
518,shot framing,1.0,D,D,1,1,single,False,False,image/OJHY15NB.jpg,image/OJHY15NB.jpg,0.8852764,0.85-0.90
519,shot framing,1.0,A,A,1,1,single,False,False,image/AAC0SBG1.jpg,image/AAC0SBG1.jpg,0.81935024,below 0.85
520,shot framing,1.0,A,A,1,1,single,False,False,image/98SRJWUE.jpg,image/98SRJWUE.jpg,0.85612917,0.85-0.90
521,shot framing,1.0,C,C,1,1,single,False,False,image/MJQ1A0DB.jpg,image/MJQ1A0DB.jpg,0.76762515,below 0.85
522,shot framing,1.0,D,D,1,1,single,False,False,image/CB1QSMPB.jpg,image/CB1QSMPB.jpg,0.8390135,below 0.85
523,shot framing,1.0,D,D,1,1,single,False,False,image/JIAF4XK6.jpg,image/JIAF4XK6.jpg,0.831047,below 0.85
524,shot framing,1.0,C,C,1,1,single,False,False,image/MYAOQWSD.jpg,image/MYAOQWSD.jpg,0.89831156,0.85-0.90
525,shot framing,1.0,B,B,1,1,single,False,False,image/AHM9M7WO.jpg,image/AHM9M7WO.jpg,0.8390021,below 0.85
526,shot framing,1.0,B,B,1,2,combination,False,False,image/DKSW4GSS.jpg,image/DKSW4GSS.jpg,0.8742697,0.85-0.90
527,shot framing,1.0,B,B,1,1,single,False,False,image/G2EJBWBV.jpg,image/G2EJBWBV.jpg,0.88795364,0.85-0.90
528,shot framing,1.0,D,D,1,1,single,False,False,image/D10MKF7M.jpg,image/D10MKF7M.jpg,0.9039305,0.90-0.95
529,shot framing,1.0,A,A,1,1,single,False,False,image/0UMA1K5F.jpg,image/0UMA1K5F.jpg,0.87901914,0.85-0.90
530,shot framing,1.0,D,D,1,2,combination,False,False,image/E8M6MW0K.jpg,image/E8M6MW0K.jpg,0.87383115,0.85-0.90
531,shot framing,1.0,C,C,1,1,single,False,False,image/VJNY1WD8.jpg,image/VJNY1WD8.jpg,0.9012102,0.90-0.95
532,shot framing,1.0,D,D,1,1,single,False,False,image/IPFJFRRU.jpg,image/IPFJFRRU.jpg,0.8414027,below 0.85
533,shot framing,1.0,C,C,1,1,single,False,False,image/6JL3JGFN.jpg,image/6JL3JGFN.jpg,0.8972242,0.85-0.90
534,shot framing,1.0,D,D,1,1,single,False,False,image/RVK0ELRJ.jpg,image/RVK0ELRJ.jpg,0.8175433,below 0.85
535,shot framing,1.0,B,B,1,1,single,False,False,image/G7QHZPYU.jpg,image/G7QHZPYU.jpg,0.8784449,0.85-0.90
536,shot framing,1.0,C,C,1,1,single,False,False,image/8CRJPPP1.jpg,image/8CRJPPP1.jpg,0.88417166,0.85-0.90
537,shot framing,1.0,D,D,1,1,single,False,False,image/CTD8PNNB.jpg,image/CTD8PNNB.jpg,0.8472407,below 0.85
538,shot framing,1.0,C,C,1,1,single,False,False,image/2HH9R3K4.jpg,image/2HH9R3K4.jpg,0.89230645,0.85-0.90
539,shot framing,1.0,B,B,1,1,single,False,False,image/VN2F5MWJ.jpg,image/VN2F5MWJ.jpg,0.79162043,below 0.85
540,shot framing,1.0,A,A,1,1,single,False,False,image/21R11BNR.jpg,image/21R11BNR.jpg,0.8629704,0.85-0.90
541,shot framing,1.0,A,A,1,1,single,False,False,image/POTBZ4V2.jpg,image/POTBZ4V2.jpg,0.9014621,0.90-0.95
542,shot framing,0.0,C,B,1,1,single,False,False,image/GDBY827U.jpg,image/GDBY827U.jpg,0.84906304,below 0.85
543,shot framing,1.0,D,D,1,1,single,False,False,image/QS4164J3.jpg,image/QS4164J3.jpg,0.9226817,0.90-0.95
544,shot framing,1.0,B,B,1,1,single,False,False,image/UIJE8BS4.jpg,image/UIJE8BS4.jpg,0.8939745,0.85-0.90
545,shot framing,1.0,A,A,1,1,single,False,False,image/XAX496IM.jpg,image/XAX496IM.jpg,0.87266135,0.85-0.90
546,shot framing,0.0,C,A,1,1,single,False,False,image/IUXPY2YM.jpg,image/IUXPY2YM.jpg,0.8168194,below 0.85
547,shot framing,1.0,D,D,1,1,single,False,False,image/3PVV5RGA.jpg,image/3PVV5RGA.jpg,0.94582283,0.90-0.95
548,shot framing,0.0,A,D,1,1,single,False,False,image/XA2DUD0D.jpg,image/XA2DUD0D.jpg,0.8967834,0.85-0.90
549,shot framing,1.0,A,A,1,2,combination,False,False,image/7P5UGIH7.jpg,image/7P5UGIH7.jpg,0.96109897,0.95 and above
550,shot framing,1.0,A,A,1,1,single,False,False,image/NVQINUZ7.jpg,image/NVQINUZ7.jpg,0.87592506,0.85-0.90
551,shot framing,1.0,D,D,1,1,single,False,False,image/RYBHMJPS.jpg,image/RYBHMJPS.jpg,0.9298113,0.90-0.95
552,shot framing,1.0,C,C,1,2,combination,False,False,image/A7R749O6.jpg,image/A7R749O6.jpg,0.9131755,0.90-0.95
553,shot framing,1.0,C,C,1,1,single,False,False,image/01UAFM1L.jpg,image/01UAFM1L.jpg,0.8771946,0.85-0.90
554,shot framing,0.0,C,B,1,1,single,False,False,image/Q3GXDU5G.jpg,image/Q3GXDU5G.jpg,0.79125327,below 0.85
555,shot framing,1.0,C,C,1,1,single,False,False,image/PF15Z7RH.jpg,image/PF15Z7RH.jpg,0.8817139,0.85-0.90
556,shot framing,1.0,B,B,1,2,combination,False,False,image/RY4C7W8A.jpg,image/RY4C7W8A.jpg,0.88215894,0.85-0.90
557,shot framing,1.0,C,C,1,1,single,False,False,image/Z20VIMO0.jpg,image/Z20VIMO0.jpg,0.9039694,0.90-0.95
558,shot framing,1.0,D,D,1,1,single,False,False,image/25CD1OPY.jpg,image/25CD1OPY.jpg,0.91728914,0.90-0.95
559,shot framing,0.0,D,B,1,1,single,False,False,image/U3UDDZIJ.jpg,image/U3UDDZIJ.jpg,0.88166654,0.85-0.90
560,shot framing,1.0,C,C,1,1,single,False,False,image/E3Y09IKC.jpg,image/E3Y09IKC.jpg,0.7530453,below 0.85
561,shot framing,1.0,C,C,1,1,single,False,False,image/GNI2MPEA.jpg,image/GNI2MPEA.jpg,0.8634594,0.85-0.90
562,shot framing,1.0,B,B,1,1,single,False,False,image/8JELRCRR.jpg,image/8JELRCRR.jpg,0.86406845,0.85-0.90
563,shot framing,0.0,C,A,1,1,single,False,False,image/0T9V4OXA.jpg,image/0T9V4OXA.jpg,0.89487475,0.85-0.90
564,shot framing,1.0,D,D,1,1,single,False,False,image/W88FH6X0.jpg,image/W88FH6X0.jpg,0.89269006,0.85-0.90
565,shot framing,1.0,D,D,1,1,single,False,False,image/VAM9DWT2.jpg,image/VAM9DWT2.jpg,0.8424582,below 0.85
566,shot framing,0.0,B,D,1,2,combination,False,False,image/PCCUWM0O.jpg,image/PCCUWM0O.jpg,0.86947894,0.85-0.90
567,shot framing,1.0,B,B,1,1,single,False,False,image/QZKNW8BD.jpg,image/QZKNW8BD.jpg,0.7592178,below 0.85
568,shot framing,1.0,C,C,1,1,single,False,False,image/XLPF09OW.jpg,image/XLPF09OW.jpg,0.82821375,below 0.85
569,shot framing,0.0,A,D,1,2,combination,False,False,image/TPL3M1PA.jpg,image/TPL3M1PA.jpg,0.8471479,below 0.85
570,shot framing,1.0,D,D,1,2,combination,False,False,image/HDX00J4V.jpg,image/HDX00J4V.jpg,0.8679946,0.85-0.90
571,shot framing,1.0,D,D,1,1,single,False,False,image/KV3R5ANP.jpg,image/KV3R5ANP.jpg,0.80312425,below 0.85
572,shot framing,1.0,D,D,1,2,combination,False,False,image/1YURN3TY.png,image/1YURN3TY.png,0.8901983,0.85-0.90
573,shot framing,0.0,B,D,1,1,single,False,False,image/8JUFRQL2.jpg,image/8JUFRQL2.jpg,0.79533416,below 0.85
574,shot framing,1.0,B,B,1,1,single,False,False,image/KJXGEKFR.jpg,image/KJXGEKFR.jpg,0.83621687,below 0.85
575,shot framing,1.0,C,C,1,1,single,False,False,image/TK5PPVDQ.jpg,image/TK5PPVDQ.jpg,0.91416657,0.90-0.95
576,shot framing,1.0,C,C,1,1,single,False,False,image/R6HRXEUE.jpg,image/R6HRXEUE.jpg,0.93731797,0.90-0.95
577,shot framing,1.0,B,B,1,1,single,False,False,image/BX8R4FE7.jpg,image/BX8R4FE7.jpg,0.8300803,below 0.85
578,shot framing,1.0,D,D,1,1,single,False,False,image/VUSVC7HO.jpg,image/VUSVC7HO.jpg,0.80257356,below 0.85
579,shot framing,1.0,B,B,1,1,single,False,False,image/32CBXEPI.jpg,image/32CBXEPI.jpg,0.86319995,0.85-0.90
580,shot framing,1.0,A,A,1,1,single,False,False,image/3VGI2TJO.jpg,image/3VGI2TJO.jpg,0.9001254,0.90-0.95
581,shot framing,1.0,A,A,1,1,single,False,False,image/303PACAP.jpg,image/303PACAP.jpg,0.77249277,below 0.85
582,shot framing,0.0,A,D,1,1,single,False,False,image/P1ASBLKT.jpg,image/P1ASBLKT.jpg,0.8809973,0.85-0.90
583,shot framing,0.0,C,D,1,1,single,False,False,image/E2TGX1TI.jpg,image/E2TGX1TI.jpg,0.8638904,0.85-0.90
584,shot framing,1.0,C,C,1,1,single,False,False,image/NZXPFAKZ.jpg,image/NZXPFAKZ.jpg,0.86458695,0.85-0.90
585,shot framing,0.0,C,D,1,1,single,False,False,image/8V4HMQ24.jpg,image/8V4HMQ24.jpg,0.90262,0.90-0.95
586,shot framing,1.0,A,A,1,1,single,False,False,image/DKYGZLYD.jpg,image/DKYGZLYD.jpg,0.8506701,0.85-0.90
587,shot framing,1.0,A,A,1,2,combination,False,False,image/U2Y1NSZK.JPG,image/U2Y1NSZK.JPG,0.85634005,0.85-0.90
588,shot framing,0.0,A,D,1,1,single,False,False,image/OJFSJA0E.jpg,image/OJFSJA0E.jpg,0.8730591,0.85-0.90
589,shot framing,1.0,C,C,1,1,single,False,False,image/JN4RE0E0.jpg,image/JN4RE0E0.jpg,0.86963147,0.85-0.90
590,shot framing,1.0,C,C,1,1,single,False,False,image/W7H7Q2EN.jpg,image/W7H7Q2EN.jpg,0.9016285,0.90-0.95
591,shot framing,1.0,B,B,1,1,single,False,False,image/A2ZOWYAY.jpg,image/A2ZOWYAY.jpg,0.9104168,0.90-0.95
592,shot framing,1.0,A,A,1,1,single,False,False,image/LHWPFT3N.jpg,image/LHWPFT3N.jpg,0.86149156,0.85-0.90
593,shot framing,0.0,C,D,1,2,combination,False,False,image/SJUT7OHA.jpg,image/SJUT7OHA.jpg,0.8276857,below 0.85
594,shot framing,1.0,B,B,1,1,single,False,False,image/X4C59UO4.jpg,image/X4C59UO4.jpg,0.8440797,below 0.85
595,shot framing,1.0,B,B,1,1,single,False,False,image/UGVPZ3S2.jpg,image/UGVPZ3S2.jpg,0.827088,below 0.85
596,shot framing,1.0,D,D,1,1,single,False,False,image/6B5YYEA0.jpg,image/6B5YYEA0.jpg,0.8692758,0.85-0.90
597,shot framing,0.0,B,C,1,1,single,False,False,image/FA3YDGOS.jpg,image/FA3YDGOS.jpg,0.9069623,0.90-0.95
598,shot framing,0.0,B,C,1,1,single,False,False,image/S7620RAA.jpg,image/S7620RAA.jpg,0.8645164,0.85-0.90
599,shot framing,1.0,B,B,1,1,single,False,False,image/4A7BZDKZ.jpg,image/4A7BZDKZ.jpg,0.8657667,0.85-0.90
600,shot framing,1.0,C,C,1,1,single,False,False,image/3WT3YA0T.jpg,image/3WT3YA0T.jpg,0.90715915,0.90-0.95
601,shot framing,1.0,C,C,1,1,single,False,False,image/LK06CBOS.JPG,image/LK06CBOS.JPG,0.8543022,0.85-0.90
602,shot framing,1.0,A,A,1,1,single,False,False,image/XMDVV79B.jpg,image/XMDVV79B.jpg,0.893136,0.85-0.90
603,shot framing,1.0,A,A,1,1,single,False,False,image/G635573I.JPG,image/G635573I.JPG,0.8656788,0.85-0.90
604,shot framing,0.0,D,C,1,2,combination,False,False,image/X99SI3TR.jpg,image/X99SI3TR.jpg,0.9067862,0.90-0.95
605,shot framing,1.0,D,D,1,2,combination,False,False,image/EJO0TCCF.jpg,image/EJO0TCCF.jpg,0.90369177,0.90-0.95
606,shot framing,1.0,C,C,1,1,single,False,False,image/8RXGG8B7.jpg,image/8RXGG8B7.jpg,0.8768983,0.85-0.90
607,shot framing,1.0,D,D,1,1,single,False,False,image/S2JCRM4W.jpg,image/S2JCRM4W.jpg,0.88056827,0.85-0.90
608,shot framing,1.0,D,D,1,1,single,False,False,image/W8IS93RD.jpg,image/W8IS93RD.jpg,0.8543963,0.85-0.90
609,shot framing,1.0,C,C,1,1,single,False,False,image/EOZYCWLK.jpg,image/EOZYCWLK.jpg,0.8051975,below 0.85
610,shot framing,1.0,B,B,1,2,combination,False,False,image/QYY77GB7.jpg,image/QYY77GB7.jpg,0.8565105,0.85-0.90
611,shot framing,1.0,C,C,1,1,single,False,False,image/WZEB780H.jpg,image/WZEB780H.jpg,0.87420875,0.85-0.90
612,shot framing,0.0,C,A,1,1,single,False,False,image/NL1FVC09.jpg,image/NL1FVC09.jpg,0.8965527,0.85-0.90
613,shot framing,1.0,B,B,1,1,single,False,False,image/XPM70GIB.jpg,image/XPM70GIB.jpg,0.9124314,0.90-0.95
614,shot framing,0.0,D,B,1,1,single,False,False,image/SGI17WA9.jpg,image/SGI17WA9.jpg,0.85380787,0.85-0.90
615,shot framing,1.0,A,A,1,1,single,False,False,image/XAWLUWN4.jpg,image/XAWLUWN4.jpg,0.9113989,0.90-0.95
616,shot framing,1.0,B,B,1,1,single,False,False,image/4R2QPPFL.jpg,image/4R2QPPFL.jpg,0.88448685,0.85-0.90
617,shot framing,1.0,A,A,1,2,combination,False,False,image/4EIKHNPS.jpg,image/4EIKHNPS.jpg,0.8535939,0.85-0.90
618,shot framing,0.0,A,C,1,1,single,False,False,image/DCD2SSH4.jpg,image/DCD2SSH4.jpg,0.8500555,0.85-0.90
619,shot framing,0.0,A,D,1,1,single,False,False,image/NX3W6L17.jpg,image/NX3W6L17.jpg,0.8921322,0.85-0.90
620,shot framing,1.0,C,C,1,1,single,False,False,image/P3L3IKUP.jpg,image/P3L3IKUP.jpg,0.9199253,0.90-0.95
621,shot framing,1.0,C,C,1,2,combination,False,False,image/LFUSFIJV.jpg,image/LFUSFIJV.jpg,0.7906963,below 0.85
622,shot framing,0.0,D,B,1,1,single,False,False,image/JIF1AD2S.jpg,image/JIF1AD2S.jpg,0.8870583,0.85-0.90
623,shot framing,0.0,B,C,1,1,single,False,False,image/OEADX3EP.jpg,image/OEADX3EP.jpg,0.905351,0.90-0.95
624,shot framing,1.0,A,A,1,1,single,False,False,image/W1KLL1MH.jpg,image/W1KLL1MH.jpg,0.87340814,0.85-0.90
625,shot framing,1.0,A,A,1,1,single,False,False,image/VZ74GKWC.jpg,image/VZ74GKWC.jpg,0.8478498,below 0.85
626,shot framing,1.0,D,D,1,1,single,False,False,image/K9PEV40E.jpg,image/K9PEV40E.jpg,0.8463948,below 0.85
627,shot framing,1.0,D,D,1,1,single,False,False,image/3IQ53A0A.jpg,image/3IQ53A0A.jpg,0.8164826,below 0.85
628,shot framing,1.0,D,D,1,1,single,False,False,image/RVDE5WGU.jpg,image/RVDE5WGU.jpg,0.87923044,0.85-0.90
629,shot framing,1.0,B,B,1,1,single,False,False,image/8KUQ6U31.jpg,image/8KUQ6U31.jpg,0.8326771,below 0.85
630,shot framing,0.0,C,A,1,1,single,False,False,image/YCJNSON7.jpg,image/YCJNSON7.jpg,0.865568,0.85-0.90
631,shot framing,1.0,B,B,1,1,single,False,False,image/BP2XROXK.jpg,image/BP2XROXK.jpg,0.8431834,below 0.85
632,shot framing,1.0,D,D,1,1,single,False,False,image/JVEK62B3.jpg,image/JVEK62B3.jpg,0.8234266,below 0.85
633,shot framing,1.0,B,B,1,1,single,False,False,image/4WO0JS56.jpg,image/4WO0JS56.jpg,0.90600556,0.90-0.95
634,shot framing,1.0,C,C,1,1,single,False,False,image/U08X74BV.jpg,image/U08X74BV.jpg,0.82227474,below 0.85
635,shot framing,1.0,B,B,1,1,single,False,False,image/RMS41A5S.jpg,image/RMS41A5S.jpg,0.8483588,below 0.85
636,shot framing,1.0,D,D,1,1,single,False,False,image/EREXQPJW.jpg,image/EREXQPJW.jpg,0.8954837,0.85-0.90
637,shot framing,0.0,D,C,1,1,single,False,False,image/61CRUIOD.jpg,image/61CRUIOD.jpg,0.90351903,0.90-0.95
638,shot framing,1.0,B,B,1,1,single,False,False,image/IIBUF20C.jpg,image/IIBUF20C.jpg,0.899779,0.85-0.90
639,shot framing,0.0,C,B,1,2,combination,False,False,image/KVZOUSVL.jpg,image/KVZOUSVL.jpg,0.85010517,0.85-0.90
640,shot framing,1.0,C,C,1,1,single,False,False,image/NCLEGB8D.jpg,image/NCLEGB8D.jpg,0.8612269,0.85-0.90
641,shot framing,0.0,A,D,1,1,single,False,False,image/A5AAH9YV.jpg,image/A5AAH9YV.jpg,0.81203395,below 0.85
642,shot framing,1.0,B,B,1,2,combination,False,False,image/4JXKYXZN.jpg,image/4JXKYXZN.jpg,0.84517896,below 0.85
643,shot framing,1.0,A,A,1,1,single,False,False,image/9OJWAII9.jpg,image/9OJWAII9.jpg,0.86933297,0.85-0.90
644,shot framing,0.0,B,C,1,3,combination,False,False,image/DC6TLP9N.jpg,image/DC6TLP9N.jpg,0.8890556,0.85-0.90
645,shot framing,1.0,C,C,1,1,single,False,False,image/ASLDJ45L.jpg,image/ASLDJ45L.jpg,0.8390635,below 0.85
646,shot framing,1.0,C,C,1,2,combination,False,False,image/JQHO8X9H.jpg,image/JQHO8X9H.jpg,0.8703107,0.85-0.90
647,shot framing,1.0,D,D,1,1,single,False,False,image/J3K6PC05.jpg,image/J3K6PC05.jpg,0.9154162,0.90-0.95
648,shot framing,1.0,A,A,1,1,single,False,False,image/0IVXFONF.jpg,image/0IVXFONF.jpg,0.87556756,0.85-0.90
649,shot framing,1.0,C,C,1,1,single,False,False,image/LW5GH1VG.jpg,image/LW5GH1VG.jpg,0.89795923,0.85-0.90
650,shot framing,1.0,D,D,1,1,single,False,False,image/XLGEJY4P.jpg,image/XLGEJY4P.jpg,0.8215436,below 0.85
651,shot framing,1.0,C,C,1,1,single,False,False,image/BCZ0SZFW.jpg,image/BCZ0SZFW.jpg,0.9160821,0.90-0.95
652,shot framing,0.0,A,D,1,1,single,False,False,image/GG8UNAWL.jpg,image/GG8UNAWL.jpg,0.90419316,0.90-0.95
653,shot framing,1.0,D,D,1,2,combination,False,False,image/GU712NQG.jpg,image/GU712NQG.jpg,0.86304533,0.85-0.90
654,shot framing,1.0,D,D,1,1,single,False,False,image/N54IZNZO.jpg,image/N54IZNZO.jpg,0.8950743,0.85-0.90
655,shot framing,1.0,C,C,1,1,single,False,False,image/6T3TK40X.jpg,image/6T3TK40X.jpg,0.8872189,0.85-0.90
656,shot framing,1.0,C,C,1,1,single,False,False,image/JTVKJV0F.jpg,image/JTVKJV0F.jpg,0.866104,0.85-0.90
657,shot framing,1.0,B,B,1,1,single,False,False,image/M918L1ZF.jpg,image/M918L1ZF.jpg,0.8663926,0.85-0.90
658,shot framing,1.0,A,A,1,1,single,False,False,image/QVBP13U1.jpg,image/QVBP13U1.jpg,0.86341524,0.85-0.90
659,shot framing,1.0,C,C,1,1,single,False,False,image/ZW0NASPP.jpg,image/ZW0NASPP.jpg,0.88553774,0.85-0.90
660,shot framing,1.0,B,B,1,2,combination,False,False,image/1BMAM5F2.jpg,image/1BMAM5F2.jpg,0.8667701,0.85-0.90
661,shot framing,1.0,A,A,1,2,combination,False,False,image/4CDJ26BA.jpg,image/4CDJ26BA.jpg,0.89313054,0.85-0.90
662,shot framing,1.0,A,A,1,2,combination,False,False,image/7OOOLXFX.jpg,image/7OOOLXFX.jpg,0.761348,below 0.85
663,shot framing,1.0,B,B,1,1,single,False,False,image/Y7N5E8VT.jpg,image/Y7N5E8VT.jpg,0.8172329,below 0.85
664,shot framing,1.0,A,A,1,1,single,False,False,image/2YVGJTO5.jpg,image/2YVGJTO5.jpg,0.850011,0.85-0.90
665,shot framing,0.0,A,B,1,1,single,False,False,image/LEGYUUOT.jpg,image/LEGYUUOT.jpg,0.84426236,below 0.85
666,shot framing,1.0,A,A,1,1,single,False,False,image/UDA9T3NP.jpg,image/UDA9T3NP.jpg,0.9171187,0.90-0.95
667,shot framing,0.0,D,B,1,1,single,False,False,image/0RN80XH8.jpg,image/0RN80XH8.jpg,0.8417162,below 0.85
668,shot framing,1.0,A,A,1,1,single,False,False,image/U7HS0KDN.jpg,image/U7HS0KDN.jpg,0.8857359,0.85-0.90
669,shot framing,1.0,A,A,1,2,combination,False,False,image/EFK3C1GA.jpg,image/EFK3C1GA.jpg,0.88746303,0.85-0.90
670,shot framing,0.0,C,A,1,1,single,False,False,image/1GSG7241.jpg,image/1GSG7241.jpg,0.92265624,0.90-0.95
671,shot framing,1.0,A,A,1,1,single,False,False,image/SNV1JYOB.jpg,image/SNV1JYOB.jpg,0.84090155,below 0.85
672,shot framing,1.0,B,B,1,2,combination,False,False,image/9WO2QIPR.jpg,image/9WO2QIPR.jpg,0.8799188,0.85-0.90
673,shot framing,1.0,C,C,1,1,single,False,False,image/SYHL29BE.jpg,image/SYHL29BE.jpg,0.88481075,0.85-0.90
674,shot framing,1.0,A,A,1,2,combination,False,False,image/0CI2J8YU.jpg,image/0CI2J8YU.jpg,0.87387896,0.85-0.90
675,shot framing,1.0,C,C,1,1,single,False,False,image/ZOJ3RG4J.jpg,image/ZOJ3RG4J.jpg,0.931294,0.90-0.95
676,shot framing,1.0,A,A,1,1,single,False,False,image/BMB1WQ2I.jpg,image/BMB1WQ2I.jpg,0.8802996,0.85-0.90
677,shot framing,1.0,C,C,1,1,single,False,False,image/OYSUEEL3.jpg,image/OYSUEEL3.jpg,0.87395245,0.85-0.90
678,shot framing,1.0,D,D,1,1,single,False,False,image/L1TTXR2M.jpg,image/L1TTXR2M.jpg,0.8906799,0.85-0.90
679,shot framing,1.0,C,C,1,1,single,False,False,image/GGMS2QTY.jpg,image/GGMS2QTY.jpg,0.889498,0.85-0.90
680,shot framing,0.0,D,B,1,2,combination,False,False,image/0ZQLNYP5.JPG,image/0ZQLNYP5.JPG,0.89564854,0.85-0.90
681,shot framing,1.0,A,A,1,1,single,False,False,image/NARH9TR4.jpg,image/NARH9TR4.jpg,0.8553361,0.85-0.90
682,shot framing,0.0,C,A,1,2,combination,False,False,image/0PA64H3H.jpg,image/0PA64H3H.jpg,0.8634676,0.85-0.90
683,shot framing,0.0,B,A,1,1,single,False,False,image/UBKCTMND.jpg,image/UBKCTMND.jpg,0.85499746,0.85-0.90
684,shot framing,1.0,A,A,1,1,single,False,False,image/ULZ8C0P7.jpg,image/ULZ8C0P7.jpg,0.84311455,below 0.85
685,shot framing,1.0,C,C,1,1,single,False,False,image/MLOKK8NN.jpg,image/MLOKK8NN.jpg,0.9235718,0.90-0.95
686,shot framing,1.0,D,D,1,1,single,False,False,image/LBLHPYA4.jpg,image/LBLHPYA4.jpg,0.89887977,0.85-0.90
687,shot framing,0.0,D,B,1,1,single,False,False,image/4E25VUE4.jpg,image/4E25VUE4.jpg,0.9032813,0.90-0.95
688,shot framing,1.0,B,B,1,1,single,False,False,image/8U8G0W70.jpg,image/8U8G0W70.jpg,0.88894725,0.85-0.90
689,shot framing,1.0,D,D,1,1,single,False,False,image/JEUP8T2D.jpg,image/JEUP8T2D.jpg,0.83922803,below 0.85
690,shot framing,1.0,C,C,1,1,single,False,False,image/5R1FV4VN.jpg,image/5R1FV4VN.jpg,0.8439943,below 0.85
691,shot framing,0.0,B,A,1,1,single,False,False,image/794S21V5.jpg,image/794S21V5.jpg,0.88268125,0.85-0.90
692,shot framing,1.0,A,A,1,1,single,False,False,image/NB44DC12.jpg,image/NB44DC12.jpg,0.8334598,below 0.85
693,shot framing,0.0,C,D,1,1,single,False,False,image/1KMR63I1.jpg,image/1KMR63I1.jpg,0.813941,below 0.85
694,shot framing,0.0,A,B,1,1,single,False,False,image/8UHZV6C3.jpg,image/8UHZV6C3.jpg,0.9378433,0.90-0.95
695,shot framing,1.0,D,D,1,1,single,False,False,image/RKADCNKJ.jpg,image/RKADCNKJ.jpg,0.8515735,0.85-0.90
696,shot framing,0.0,D,A,1,1,single,False,False,image/4V6ERD5J.jpg,image/4V6ERD5J.jpg,0.8550306,0.85-0.90
697,shot framing,1.0,B,B,1,1,single,False,False,image/AN5UGR9Y.jpg,image/AN5UGR9Y.jpg,0.8487409,below 0.85
698,shot framing,1.0,A,A,1,1,single,False,False,image/1PVNSZF3.jpg,image/1PVNSZF3.jpg,0.89938766,0.85-0.90
699,shot framing,1.0,D,D,1,2,combination,False,False,image/6TIL9KEZ.jpg,image/6TIL9KEZ.jpg,0.65641737,below 0.85
700,shot framing,1.0,B,B,1,2,combination,False,False,image/F2ZNX28Q.jpg,image/F2ZNX28Q.jpg,0.8691816,0.85-0.90
701,shot framing,1.0,D,D,1,1,single,False,False,image/TVF99GER.jpg,image/TVF99GER.jpg,0.8625651,0.85-0.90
702,shot framing,1.0,A,A,1,2,combination,False,False,image/KRK8J0SU.jpg,image/KRK8J0SU.jpg,0.827421,below 0.85
703,shot framing,0.0,D,A,1,1,single,False,False,image/R80FSVUX.jpg,image/R80FSVUX.jpg,0.85347944,0.85-0.90
704,shot framing,0.0,D,A,1,1,single,False,False,image/5N2UK1K5.jpg,image/5N2UK1K5.jpg,0.7673958,below 0.85
705,shot framing,1.0,A,A,1,1,single,False,False,image/FCMR6LGT.jpg,image/FCMR6LGT.jpg,0.80193543,below 0.85
706,shot framing,1.0,C,C,1,1,single,False,False,image/VHGFMWUI.jpg,image/VHGFMWUI.jpg,0.85133225,0.85-0.90
707,shot framing,1.0,D,D,1,1,single,False,False,image/S5A7PC6Z.jpg,image/S5A7PC6Z.jpg,0.88179296,0.85-0.90
708,shot framing,1.0,A,A,1,1,single,False,False,image/1T2U4MYO.jpg,image/1T2U4MYO.jpg,0.8977578,0.85-0.90
709,shot framing,1.0,C,C,1,1,single,False,False,image/J7831DIS.JPG,image/J7831DIS.JPG,0.8540331,0.85-0.90
710,shot framing,1.0,B,B,1,1,single,False,False,image/KHEP3A28.jpg,image/KHEP3A28.jpg,0.87158537,0.85-0.90
711,shot framing,1.0,D,D,1,1,single,False,False,image/JDMK4Z62.jpg,image/JDMK4Z62.jpg,0.8862399,0.85-0.90
712,shot framing,1.0,A,A,1,1,single,False,False,image/SZ4AWIJO.jpg,image/SZ4AWIJO.jpg,0.8204772,below 0.85
713,shot framing,1.0,A,A,1,1,single,False,False,image/U4QYWG3O.jpg,image/U4QYWG3O.jpg,0.83037335,below 0.85
714,shot framing,1.0,A,A,1,1,single,False,False,image/Y1B0ENFO.jpg,image/Y1B0ENFO.jpg,0.88730043,0.85-0.90
715,shot framing,1.0,D,D,1,1,single,False,False,image/VGL89NDZ.jpg,image/VGL89NDZ.jpg,0.8844506,0.85-0.90
716,shot framing,1.0,B,B,1,2,combination,False,False,image/2L21INNO.jpg,image/2L21INNO.jpg,0.94626147,0.90-0.95
717,shot framing,1.0,B,B,1,1,single,False,False,image/IYT81QWU.jpg,image/IYT81QWU.jpg,0.94286186,0.90-0.95
718,shot framing,1.0,A,A,1,1,single,False,False,image/CPUM8MTB.jpg,image/CPUM8MTB.jpg,0.8496138,below 0.85
719,shot framing,1.0,D,D,1,2,combination,False,False,image/JJDC2634.jpg,image/JJDC2634.jpg,0.8775985,0.85-0.90
720,shot framing,1.0,D,D,1,1,single,False,False,image/3JJDRUWE.jpg,image/3JJDRUWE.jpg,0.9187795,0.90-0.95
721,shot framing,1.0,A,A,1,1,single,False,False,image/MQQTJ6FR.jpg,image/MQQTJ6FR.jpg,0.8542998,0.85-0.90
722,shot framing,1.0,C,C,1,1,single,False,False,image/PUAEJGRQ.jpg,image/PUAEJGRQ.jpg,0.9000668,0.90-0.95
723,shot framing,1.0,C,C,1,2,combination,False,False,image/QTBZ79HJ.jpg,image/QTBZ79HJ.jpg,0.8814851,0.85-0.90
724,shot framing,1.0,D,D,1,1,single,False,False,image/JZ4UC4IL.jpg,image/JZ4UC4IL.jpg,0.8835603,0.85-0.90
725,shot framing,1.0,A,A,1,1,single,False,False,image/327J0TSP.jpg,image/327J0TSP.jpg,0.81453973,below 0.85
726,shot framing,1.0,A,A,1,1,single,False,False,image/TDCFM5WO.jpg,image/TDCFM5WO.jpg,0.85650766,0.85-0.90
727,shot framing,1.0,D,D,1,1,single,False,False,image/789G54Y0.jpg,image/789G54Y0.jpg,0.8747182,0.85-0.90
728,shot framing,1.0,B,B,1,1,single,False,False,image/WGH7LE0M.jpg,image/WGH7LE0M.jpg,0.85268533,0.85-0.90
729,shot framing,0.0,A,D,1,1,single,False,False,image/2VE7MRDS.jpg,image/2VE7MRDS.jpg,0.8786026,0.85-0.90
730,shot framing,1.0,D,D,1,2,combination,False,False,image/NP70ULEN.jpg,image/NP70ULEN.jpg,0.8648292,0.85-0.90
731,shot framing,1.0,C,C,1,1,single,False,False,image/DZNJKLSU.png,image/DZNJKLSU.png,0.78696454,below 0.85
732,shot framing,0.0,C,B,1,1,single,False,False,image/S7GHUMFX.jpg,image/S7GHUMFX.jpg,0.8426114,below 0.85
733,shot framing,1.0,D,D,1,1,single,False,False,image/7445Z6OI.jpg,image/7445Z6OI.jpg,0.8572188,0.85-0.90
734,shot framing,1.0,C,C,1,1,single,False,False,image/H279VOIE.jpg,image/H279VOIE.jpg,0.88109356,0.85-0.90
735,shot framing,1.0,A,A,1,1,single,False,False,image/9U9QG7NP.jpg,image/9U9QG7NP.jpg,0.94344413,0.90-0.95
736,shot framing,1.0,C,C,1,1,single,False,False,image/D7YY0VKU.jpg,image/D7YY0VKU.jpg,0.82833433,below 0.85
737,shot framing,1.0,D,D,1,1,single,False,False,image/36QNO812.jpg,image/36QNO812.jpg,0.8483291,below 0.85
738,shot framing,1.0,D,D,1,1,single,False,False,image/I2AUQYO3.jpg,image/I2AUQYO3.jpg,0.8812958,0.85-0.90
739,shot framing,0.0,B,A,1,2,combination,False,False,image/GMPIQUOP.jpg,image/GMPIQUOP.jpg,0.86533904,0.85-0.90
740,shot framing,1.0,C,C,1,1,single,False,False,image/7FVDEBBH.jpg,image/7FVDEBBH.jpg,0.8671542,0.85-0.90
741,shot framing,1.0,A,A,1,1,single,False,False,image/ZU2JEJXD.jpg,image/ZU2JEJXD.jpg,0.8924441,0.85-0.90
742,shot framing,0.0,A,B,1,2,combination,False,False,image/AN9XB4LB.jpg,image/AN9XB4LB.jpg,0.86200464,0.85-0.90
743,shot framing,1.0,D,D,1,1,single,False,False,image/U539F4GI.jpg,image/U539F4GI.jpg,0.8341938,below 0.85
744,shot framing,1.0,A,A,1,1,single,False,False,image/4ZANBGZC.jpg,image/4ZANBGZC.jpg,0.9818204,0.95 and above
745,shot framing,1.0,B,B,1,1,single,False,False,image/WR4NPHNG.jpg,image/WR4NPHNG.jpg,0.82901454,below 0.85
746,shot framing,1.0,D,D,1,1,single,False,False,image/BAPVKL76.jpg,image/BAPVKL76.jpg,0.8415348,below 0.85
747,shot framing,1.0,B,B,1,1,single,False,False,image/0JBB9KHH.jpg,image/0JBB9KHH.jpg,0.91482353,0.90-0.95
748,shot framing,0.0,A,D,1,1,single,False,False,image/XZYVQV60.jpg,image/XZYVQV60.jpg,0.834747,below 0.85
749,shot framing,0.0,A,C,1,2,combination,False,False,image/356MGD4K.jpg,image/356MGD4K.jpg,0.82742935,below 0.85
750,shot framing,0.0,B,A,1,1,single,False,False,image/PLXP7632.jpg,image/PLXP7632.jpg,0.78397644,below 0.85
751,shot framing,1.0,B,B,1,1,single,False,False,image/SP03CPS1.jpg,image/SP03CPS1.jpg,0.9102403,0.90-0.95
752,shot framing,1.0,B,B,1,1,single,False,False,image/D3JJQZLF.jpg,image/D3JJQZLF.jpg,0.8134818,below 0.85
753,shot framing,1.0,D,D,1,2,combination,False,False,image/74TLIE4A.jpg,image/74TLIE4A.jpg,0.9106949,0.90-0.95
754,shot framing,1.0,C,C,1,1,single,False,False,image/6GMQYQ94.jpg,image/6GMQYQ94.jpg,0.8594079,0.85-0.90
755,shot framing,1.0,A,A,1,1,single,False,False,image/6SEU69HM.jpg,image/6SEU69HM.jpg,0.8340642,below 0.85
756,shot framing,0.0,B,D,1,1,single,False,False,image/5QXVKWO5.jpg,image/5QXVKWO5.jpg,0.880935,0.85-0.90
757,shot framing,1.0,D,D,1,1,single,False,False,image/PSMHOBEQ.jpg,image/PSMHOBEQ.jpg,0.8831569,0.85-0.90
758,shot framing,0.0,B,D,1,1,single,False,False,image/8TAIOJGZ.jpg,image/8TAIOJGZ.jpg,0.8614781,0.85-0.90
759,shot framing,0.0,D,A,1,1,single,False,False,image/KBQS0NB0.jpg,image/KBQS0NB0.jpg,0.81810766,below 0.85
760,shot framing,1.0,B,B,1,1,single,False,False,image/YEPWK1Y4.jpg,image/YEPWK1Y4.jpg,0.85103285,0.85-0.90
761,shot framing,1.0,D,D,1,1,single,False,False,image/J5VB5TBJ.JPG,image/J5VB5TBJ.JPG,0.8248583,below 0.85
762,shot framing,1.0,B,B,1,1,single,False,False,image/MBY46HN6.jpg,image/MBY46HN6.jpg,0.93192965,0.90-0.95
763,shot framing,1.0,D,D,1,1,single,False,False,image/MGRYS5YH.jpg,image/MGRYS5YH.jpg,0.8574804,0.85-0.90
764,shot framing,1.0,B,B,1,1,single,False,False,image/P4S5XVHT.jpg,image/P4S5XVHT.jpg,0.92510146,0.90-0.95
765,shot framing,1.0,A,A,1,1,single,False,False,image/RTQ3NFES.jpg,image/RTQ3NFES.jpg,0.86669785,0.85-0.90
766,shot framing,0.0,B,C,1,1,single,False,False,image/YQPTKQ1A.jpg,image/YQPTKQ1A.jpg,0.8942077,0.85-0.90
767,shot framing,0.0,D,A,1,1,single,False,False,image/ETDFIWD0.jpg,image/ETDFIWD0.jpg,0.89137524,0.85-0.90
768,shot framing,0.0,C,A,1,1,single,False,False,image/2RWRWR5V.jpg,image/2RWRWR5V.jpg,0.89365417,0.85-0.90
769,shot framing,0.0,C,A,1,1,single,False,False,image/236K3ZYB.jpg,image/236K3ZYB.jpg,0.84134626,below 0.85
770,shot framing,1.0,D,D,1,1,single,False,False,image/LXXF9ANM.jpg,image/LXXF9ANM.jpg,0.82320577,below 0.85
771,shot framing,0.0,A,C,1,1,single,False,False,image/K9IPO1GJ.jpg,image/K9IPO1GJ.jpg,0.8495001,below 0.85
772,shot framing,1.0,A,A,1,1,single,False,False,image/DJRR6P6C.jpg,image/DJRR6P6C.jpg,0.869114,0.85-0.90
773,shot framing,1.0,C,C,1,1,single,False,False,image/QA435H8R.jpg,image/QA435H8R.jpg,0.9215005,0.90-0.95
774,shot framing,0.0,C,B,1,1,single,False,False,image/KUK0363X.JPG,image/KUK0363X.JPG,0.854856,0.85-0.90
775,shot framing,1.0,C,C,1,2,combination,False,False,image/17IHU5EW.jpg,image/17IHU5EW.jpg,0.91450274,0.90-0.95
776,shot framing,1.0,C,C,1,2,combination,False,False,image/MWH7SQMH.jpg,image/MWH7SQMH.jpg,0.87470514,0.85-0.90
777,shot framing,1.0,D,D,1,2,combination,False,False,image/3M3RJ90E.jpg,image/3M3RJ90E.jpg,0.8387403,below 0.85
778,shot framing,1.0,D,D,1,2,combination,False,False,image/3VLLYQAC.JPG,image/3VLLYQAC.JPG,0.90275407,0.90-0.95
779,shot framing,1.0,D,D,1,1,single,False,False,image/OGDIIKYH.jpg,image/OGDIIKYH.jpg,0.95086515,0.95 and above
780,shot framing,0.0,A,D,1,1,single,False,False,image/QWZ80HCM.JPG,image/QWZ80HCM.JPG,0.90962666,0.90-0.95
781,shot framing,0.0,D,B,1,1,single,False,False,image/AIPWIA1Z.jpg,image/AIPWIA1Z.jpg,0.8500176,0.85-0.90
782,shot framing,1.0,A,A,1,1,single,False,False,image/0S23LT4V.jpg,image/0S23LT4V.jpg,0.90044856,0.90-0.95
783,shot framing,1.0,C,C,1,1,single,False,False,image/454MLAXN.jpg,image/454MLAXN.jpg,0.9192587,0.90-0.95
784,shot framing,1.0,D,D,1,1,single,False,False,image/E85IN51P.jpg,image/E85IN51P.jpg,0.8631745,0.85-0.90
785,shot framing,1.0,A,A,1,1,single,False,False,image/BJ06ZV2K.png,image/BJ06ZV2K.png,0.84413016,below 0.85
786,shot framing,0.0,B,A,1,1,single,False,False,image/DUSM88WD.jpg,image/DUSM88WD.jpg,0.8841396,0.85-0.90
787,shot framing,0.0,D,A,1,1,single,False,False,image/VMQAYJGZ.jpg,image/VMQAYJGZ.jpg,0.8660626,0.85-0.90
788,shot framing,1.0,D,D,1,1,single,False,False,image/PIJ9K2CI.jpg,image/PIJ9K2CI.jpg,0.885533,0.85-0.90
789,shot framing,1.0,C,C,1,1,single,False,False,image/9B8B77FF.jpg,image/9B8B77FF.jpg,0.86286205,0.85-0.90
790,shot framing,1.0,C,C,1,1,single,False,False,image/ZLKBDJHP.jpg,image/ZLKBDJHP.jpg,0.8463798,below 0.85
791,shot framing,1.0,C,C,1,1,single,False,False,image/VN0LFYI2.jpg,image/VN0LFYI2.jpg,0.82938623,below 0.85
792,shot framing,1.0,A,A,1,1,single,False,False,image/DS5IJ4WO.jpg,image/DS5IJ4WO.jpg,0.714889,below 0.85
793,shot framing,1.0,A,A,1,1,single,False,False,image/NNGR9M31.jpg,image/NNGR9M31.jpg,0.74995226,below 0.85
794,shot framing,1.0,D,D,1,1,single,False,False,image/O7TMQ3B5.jpg,image/O7TMQ3B5.jpg,0.8265539,below 0.85
795,shot framing,0.0,D,B,1,1,single,False,False,image/HCZ9Y0HA.jpg,image/HCZ9Y0HA.jpg,0.898818,0.85-0.90
796,shot framing,1.0,C,C,1,1,single,False,False,image/GGVDRYFN.jpg,image/GGVDRYFN.jpg,0.87563384,0.85-0.90
797,shot framing,0.0,A,D,1,1,single,False,False,image/D5156P1L.jpg,image/D5156P1L.jpg,0.8854991,0.85-0.90
798,shot framing,1.0,B,B,1,1,single,False,False,image/576ZQHMS.jpg,image/576ZQHMS.jpg,0.86213523,0.85-0.90
799,shot framing,1.0,D,D,1,1,single,False,False,image/SS2XP3EJ.jpg,image/SS2XP3EJ.jpg,0.874901,0.85-0.90
800,shot framing,1.0,B,B,1,1,single,False,False,image/ZYK97TWY.jpg,image/ZYK97TWY.jpg,0.9071315,0.90-0.95
801,shot framing,1.0,D,D,1,1,single,False,False,image/8WFVXS32.jpg,image/8WFVXS32.jpg,0.84523404,below 0.85
802,shot framing,1.0,A,A,1,1,single,False,False,image/OF30NV5U.jpg,image/OF30NV5U.jpg,0.92339855,0.90-0.95
803,shot framing,1.0,D,D,1,1,single,False,False,image/YC8MQ9YH.jpg,image/YC8MQ9YH.jpg,0.8457924,below 0.85
804,shot framing,1.0,A,A,1,1,single,False,False,image/A21FUIV0.jpg,image/A21FUIV0.jpg,0.7967308,below 0.85
805,shot framing,1.0,A,A,1,1,single,False,False,image/163EPN2F.jpg,image/163EPN2F.jpg,0.89137846,0.85-0.90
806,shot framing,1.0,C,C,1,2,combination,False,False,image/RL4UBSAF.jpg,image/RL4UBSAF.jpg,0.83814657,below 0.85
807,shot framing,0.0,C,A,1,1,single,False,False,image/WF6Z9QQR.jpg,image/WF6Z9QQR.jpg,0.8772677,0.85-0.90
808,shot framing,1.0,D,D,1,1,single,False,False,image/RUGQKANB.jpg,image/RUGQKANB.jpg,0.83466554,below 0.85
809,shot framing,1.0,A,A,1,2,combination,False,False,image/WJ41ZTSK.jpg,image/WJ41ZTSK.jpg,0.8559336,0.85-0.90
810,shot framing,1.0,D,D,1,1,single,False,False,image/G92UCU40.jpg,image/G92UCU40.jpg,0.86979437,0.85-0.90
811,shot framing,1.0,B,B,1,2,combination,False,False,image/8AF7EV2D.jpg,image/8AF7EV2D.jpg,0.857846,0.85-0.90
812,shot framing,1.0,A,A,1,1,single,False,False,image/PHIZL5AM.jpg,image/PHIZL5AM.jpg,0.8924954,0.85-0.90
813,shot framing,1.0,A,A,1,1,single,False,False,image/2A37T3TE.jpg,image/2A37T3TE.jpg,0.83579427,below 0.85
814,shot framing,1.0,D,D,1,1,single,False,False,image/6VB7136X.jpg,image/6VB7136X.jpg,0.8856878,0.85-0.90
815,shot framing,1.0,D,D,1,1,single,False,False,image/4D9Y7DEP.jpg,image/4D9Y7DEP.jpg,0.8825986,0.85-0.90
816,shot framing,1.0,A,A,1,1,single,False,False,image/3HA4BR7P.jpg,image/3HA4BR7P.jpg,0.84558874,below 0.85
817,shot framing,1.0,D,D,1,1,single,False,False,image/BXD8TX51.jpg,image/BXD8TX51.jpg,0.98384917,0.95 and above
818,shot framing,1.0,C,C,1,2,combination,False,False,image/64AUVUUA.jpg,image/64AUVUUA.jpg,0.82407206,below 0.85
819,shot framing,1.0,C,C,1,1,single,False,False,image/LIZ6G74Y.jpg,image/LIZ6G74Y.jpg,0.90252113,0.90-0.95
820,shot framing,1.0,C,C,1,1,single,False,False,image/9J2D93UB.jpg,image/9J2D93UB.jpg,0.88189954,0.85-0.90
821,shot framing,1.0,C,C,1,1,single,False,False,image/0SGMQOMI.jpg,image/0SGMQOMI.jpg,0.8698376,0.85-0.90
822,shot framing,1.0,D,D,1,1,single,False,False,image/L2WP0Q48.jpg,image/L2WP0Q48.jpg,0.9035974,0.90-0.95
823,shot framing,0.0,C,D,1,1,single,False,False,image/TMWY4EMQ.jpg,image/TMWY4EMQ.jpg,0.7762339,below 0.85
824,shot framing,0.0,A,B,1,1,single,False,False,image/6O6HEOH9.jpg,image/6O6HEOH9.jpg,0.7842042,below 0.85
825,shot framing,1.0,B,B,1,1,single,False,False,image/0BZ5PI8C.jpg,image/0BZ5PI8C.jpg,0.84602255,below 0.85
826,shot framing,1.0,B,B,1,1,single,False,False,image/NY8G4AMC.jpg,image/NY8G4AMC.jpg,0.9128494,0.90-0.95
827,shot framing,1.0,A,A,1,1,single,False,False,image/ZOTMH0TS.jpg,image/ZOTMH0TS.jpg,0.97339886,0.95 and above
828,shot framing,1.0,C,C,1,1,single,False,False,image/5YV7F9PJ.jpg,image/5YV7F9PJ.jpg,0.86404467,0.85-0.90
829,shot framing,0.0,A,D,1,1,single,False,False,image/9BPEWUZ0.jpg,image/9BPEWUZ0.jpg,0.8266219,below 0.85
830,shot framing,1.0,D,D,1,1,single,False,False,image/71U0SYJ6.jpg,image/71U0SYJ6.jpg,0.8602547,0.85-0.90
831,shot framing,0.0,B,D,1,1,single,False,False,image/D9S3JWXV.jpg,image/D9S3JWXV.jpg,0.8340745,below 0.85
832,shot framing,1.0,C,C,1,1,single,False,False,image/UZ7NR1HN.jpg,image/UZ7NR1HN.jpg,0.819165,below 0.85
833,shot framing,1.0,B,B,1,2,combination,False,False,image/K8G4CS9N.jpg,image/K8G4CS9N.jpg,0.8289237,below 0.85
834,shot framing,0.0,D,A,1,1,single,False,False,image/H25J18ST.jpg,image/H25J18ST.jpg,0.83272415,below 0.85
835,shot framing,1.0,D,D,1,1,single,False,False,image/DWVIZGNY.jpg,image/DWVIZGNY.jpg,0.8118013,below 0.85
836,shot framing,1.0,A,A,1,1,single,False,False,image/XEN8F2RG.jpg,image/XEN8F2RG.jpg,0.88146144,0.85-0.90
837,shot framing,1.0,C,C,1,1,single,False,False,image/ZEM1EIED.jpg,image/ZEM1EIED.jpg,0.92191786,0.90-0.95
838,shot framing,1.0,A,A,1,1,single,False,False,image/CEGTF5DY.jpg,image/CEGTF5DY.jpg,0.8187379,below 0.85
839,shot framing,0.0,D,A,1,1,single,False,False,image/85XMFEQY.jpg,image/85XMFEQY.jpg,0.7360971,below 0.85
840,shot framing,1.0,D,D,1,1,single,False,False,image/Z47Q5ULR.jpg,image/Z47Q5ULR.jpg,0.91976696,0.90-0.95
841,shot framing,1.0,B,B,1,1,single,False,False,image/PN7731IE.jpg,image/PN7731IE.jpg,0.9119914,0.90-0.95
842,shot framing,1.0,C,C,1,1,single,False,False,image/X46XTSR6.jpg,image/X46XTSR6.jpg,0.85848194,0.85-0.90
843,shot framing,1.0,C,C,1,1,single,False,False,image/HOWOOS77.jpg,image/HOWOOS77.jpg,0.9088849,0.90-0.95
844,shot framing,1.0,C,C,1,1,single,False,False,image/HA1BHG7F.jpg,image/HA1BHG7F.jpg,0.88098544,0.85-0.90
845,shot framing,1.0,B,B,1,1,single,False,False,image/NW1LNW0Q.jpg,image/NW1LNW0Q.jpg,0.9325921,0.90-0.95
846,shot framing,1.0,B,B,1,1,single,False,False,image/5F2JI0LG.jpg,image/5F2JI0LG.jpg,0.88565624,0.85-0.90
847,shot framing,1.0,B,B,1,2,combination,False,False,image/FFKUZCTC.jpg,image/FFKUZCTC.jpg,0.8453506,below 0.85
848,shot framing,1.0,D,D,1,1,single,False,False,image/0AMZQJZ1.jpg,image/0AMZQJZ1.jpg,0.8907779,0.85-0.90
849,shot framing,1.0,A,A,1,1,single,False,False,image/C9837HN8.jpg,image/C9837HN8.jpg,0.79408634,below 0.85
850,shot framing,1.0,B,B,1,1,single,False,False,image/FPGXY26I.jpg,image/FPGXY26I.jpg,0.8768377,0.85-0.90
851,shot framing,1.0,D,D,1,1,single,False,False,image/6BXXVXXJ.jpg,image/6BXXVXXJ.jpg,0.8605164,0.85-0.90
852,shot framing,1.0,D,D,1,1,single,False,False,image/GJV2WCTI.jpg,image/GJV2WCTI.jpg,0.8792916,0.85-0.90
853,shot framing,0.0,C,D,1,1,single,False,False,image/FW1T6AJA.jpg,image/FW1T6AJA.jpg,0.8333981,below 0.85
854,shot framing,0.0,C,D,1,1,single,False,False,image/4PRM8UJF.jpg,image/4PRM8UJF.jpg,0.90989137,0.90-0.95
855,shot framing,1.0,A,A,1,1,single,False,False,image/PR95Z14P.jpg,image/PR95Z14P.jpg,0.92345303,0.90-0.95
856,shot framing,1.0,C,C,1,1,single,False,False,image/6KFOYUKO.jpg,image/6KFOYUKO.jpg,0.8884235,0.85-0.90
857,shot framing,1.0,D,D,1,1,single,False,False,image/782H89OK.jpg,image/782H89OK.jpg,0.85730094,0.85-0.90
858,shot framing,1.0,A,A,1,1,single,False,False,image/Y6HS9XV0.jpg,image/Y6HS9XV0.jpg,0.78891873,below 0.85
859,shot framing,0.0,A,D,1,1,single,False,False,image/9BZOHZPC.jpg,image/9BZOHZPC.jpg,0.84621274,below 0.85
860,shot framing,1.0,B,B,1,1,single,False,False,image/3AXK95S8.jpg,image/3AXK95S8.jpg,0.74502647,below 0.85
861,shot framing,1.0,D,D,1,1,single,False,False,image/E4FRDBDZ.jpg,image/E4FRDBDZ.jpg,0.81588316,below 0.85
862,shot framing,1.0,D,D,1,1,single,False,False,image/8TU0JW1B.jpg,image/8TU0JW1B.jpg,0.85300654,0.85-0.90
863,shot framing,1.0,B,B,1,1,single,False,False,image/F225Q979.jpg,image/F225Q979.jpg,0.869726,0.85-0.90
864,shot framing,1.0,B,B,1,1,single,False,False,image/6Z0J5XUH.jpg,image/6Z0J5XUH.jpg,0.8602355,0.85-0.90
865,shot framing,0.0,C,B,1,1,single,False,False,image/XJW2H6YE.png,image/XJW2H6YE.png,0.8259244,below 0.85
866,shot framing,1.0,D,D,1,1,single,False,False,image/YDGCLD3A.jpg,image/YDGCLD3A.jpg,0.86989605,0.85-0.90
867,shot framing,1.0,B,B,1,1,single,False,False,image/FPSDFMU1.jpg,image/FPSDFMU1.jpg,0.9107475,0.90-0.95
868,shot framing,0.0,C,B,1,1,single,False,False,image/6WVQ1URB.jpg,image/6WVQ1URB.jpg,0.8688575,0.85-0.90
869,shot framing,0.0,A,B,1,1,single,False,False,image/OJG8CDGV.jpg,image/OJG8CDGV.jpg,0.8768592,0.85-0.90
870,shot framing,0.0,D,C,1,1,single,False,False,image/061OPHGH.jpg,image/061OPHGH.jpg,0.85573494,0.85-0.90
871,shot framing,1.0,D,D,1,1,single,False,False,image/CX8LPV7R.jpg,image/CX8LPV7R.jpg,0.91524637,0.90-0.95
872,shot framing,0.0,D,A,1,1,single,False,False,image/J7SZAC8P.jpg,image/J7SZAC8P.jpg,0.83165187,below 0.85
873,shot framing,1.0,B,B,1,1,single,False,False,image/GD3IFMP1.jpg,image/GD3IFMP1.jpg,0.7868753,below 0.85
874,shot framing,1.0,D,D,1,1,single,False,False,image/5WG247GV.jpg,image/5WG247GV.jpg,0.85635716,0.85-0.90
875,shot framing,0.0,B,A,1,1,single,False,False,image/CEGKA1O2.jpg,image/CEGKA1O2.jpg,0.8771722,0.85-0.90
876,shot framing,1.0,B,B,1,1,single,False,False,image/BWMS6UD0.jpg,image/BWMS6UD0.jpg,0.85321647,0.85-0.90
877,shot framing,1.0,A,A,1,1,single,False,False,image/B4P0FA5P.jpg,image/B4P0FA5P.jpg,0.8402379,below 0.85
878,shot framing,1.0,C,C,1,1,single,False,False,image/1SRHRFLQ.jpg,image/1SRHRFLQ.jpg,0.92362624,0.90-0.95
879,shot framing,0.0,C,D,1,1,single,False,False,image/17G62Z4C.png,image/17G62Z4C.png,0.856804,0.85-0.90
880,shot framing,1.0,C,C,1,1,single,False,False,image/O3N2J1J2.jpg,image/O3N2J1J2.jpg,0.8935857,0.85-0.90
881,shot framing,1.0,C,C,1,1,single,False,False,image/98HKQ8D7.jpg,image/98HKQ8D7.jpg,0.92528725,0.90-0.95
882,shot framing,0.0,D,A,1,1,single,False,False,image/W554RMJZ.jpg,image/W554RMJZ.jpg,0.8949207,0.85-0.90
883,shot framing,1.0,A,A,1,1,single,False,False,image/2I7FEP2Q.jpg,image/2I7FEP2Q.jpg,0.8587716,0.85-0.90
884,shot framing,1.0,D,D,1,1,single,False,False,image/8N5P5C13.jpg,image/8N5P5C13.jpg,0.83920807,below 0.85
885,shot framing,1.0,D,D,1,1,single,False,False,image/KFB3T6DS.jpg,image/KFB3T6DS.jpg,0.8127434,below 0.85
886,shot framing,1.0,D,D,1,1,single,False,False,image/33L99FJZ.jpg,image/33L99FJZ.jpg,0.8920728,0.85-0.90
887,shot framing,0.0,B,C,1,1,single,False,False,image/I91WSLDE.jpg,image/I91WSLDE.jpg,0.85158205,0.85-0.90
888,shot framing,0.0,B,C,1,1,single,False,False,image/P8S2RJ60.jpg,image/P8S2RJ60.jpg,0.90677077,0.90-0.95
889,shot framing,1.0,B,B,1,1,single,False,False,image/9DHYYL3B.jpg,image/9DHYYL3B.jpg,0.8047693,below 0.85
890,shot framing,1.0,A,A,1,1,single,False,False,image/1GOR5ICG.jpg,image/1GOR5ICG.jpg,0.879571,0.85-0.90
891,shot framing,0.0,C,A,1,1,single,False,False,image/LS2UM5FQ.jpg,image/LS2UM5FQ.jpg,0.8528651,0.85-0.90
892,shot framing,1.0,A,A,1,1,single,False,False,image/PIZE3BTO.jpg,image/PIZE3BTO.jpg,0.89096206,0.85-0.90
893,shot framing,1.0,A,A,1,1,single,False,False,image/QQ6CAG6F.jpg,image/QQ6CAG6F.jpg,0.82443374,below 0.85
894,shot framing,1.0,B,B,1,1,single,False,False,image/05VCDHAB.jpg,image/05VCDHAB.jpg,0.8610547,0.85-0.90
895,shot framing,1.0,D,D,1,1,single,False,False,image/1SJBGWYE.jpg,image/1SJBGWYE.jpg,0.86944455,0.85-0.90
896,shot framing,0.0,B,A,1,1,single,False,False,image/6SJ7GPZH.jpg,image/6SJ7GPZH.jpg,0.81801724,below 0.85
897,shot framing,1.0,C,C,1,1,single,False,False,image/HPNCZ8OZ.jpg,image/HPNCZ8OZ.jpg,0.91010654,0.90-0.95
898,shot framing,0.0,B,A,1,1,single,False,False,image/CMHIXR7E.jpg,image/CMHIXR7E.jpg,0.8521747,0.85-0.90
899,shot framing,0.0,A,B,1,1,single,False,False,image/K6IM8CPP.jpg,image/K6IM8CPP.jpg,0.89418346,0.85-0.90
900,shot framing,1.0,D,D,1,1,single,False,False,image/81VQGCA9.jpg,image/81VQGCA9.jpg,0.84185934,below 0.85
901,shot framing,1.0,D,D,1,1,single,False,False,image/VMWBU181.jpg,image/VMWBU181.jpg,0.90412164,0.90-0.95
902,shot framing,1.0,D,D,1,1,single,False,False,image/BTUFHQ9N.jpg,image/BTUFHQ9N.jpg,0.7994808,below 0.85
903,shot framing,1.0,C,C,1,1,single,False,False,image/WOV8NUK4.jpg,image/WOV8NUK4.jpg,0.889978,0.85-0.90
904,shot framing,0.0,B,C,1,1,single,False,False,image/ADQNBEGP.jpg,image/ADQNBEGP.jpg,0.8692665,0.85-0.90
905,shot framing,0.0,C,D,1,1,single,False,False,image/ZTNMIBX4.jpg,image/ZTNMIBX4.jpg,0.905596,0.90-0.95
906,shot framing,0.0,B,D,1,1,single,False,False,image/VRWWTPFG.jpg,image/VRWWTPFG.jpg,0.85510254,0.85-0.90
907,shot framing,0.0,A,D,1,1,single,False,False,image/8HL9NW06.jpg,image/8HL9NW06.jpg,0.9193729,0.90-0.95
908,shot framing,0.0,D,A,1,1,single,False,False,image/5HDXLTLQ.jpg,image/5HDXLTLQ.jpg,0.8468304,below 0.85
909,shot framing,0.0,B,D,1,1,single,False,False,image/643NQO7B.jpg,image/643NQO7B.jpg,0.86113,0.85-0.90
910,shot framing,0.0,C,D,1,1,single,False,False,image/AXSK5F0L.jpg,image/AXSK5F0L.jpg,0.86461735,0.85-0.90
911,shot framing,0.0,C,B,1,1,single,False,False,image/NWVAU3YU.jpg,image/NWVAU3YU.jpg,0.817511,below 0.85
912,shot framing,1.0,D,D,1,1,single,False,False,image/N3O2Y0LQ.jpg,image/N3O2Y0LQ.jpg,0.91339016,0.90-0.95
913,shot framing,0.0,B,A,1,1,single,False,False,image/753SM4JV.jpg,image/753SM4JV.jpg,0.8872947,0.85-0.90
914,shot framing,1.0,D,D,1,1,single,False,False,image/4B2RAA6T.jpg,image/4B2RAA6T.jpg,0.8375447,below 0.85
915,shot framing,0.0,C,A,1,1,single,False,False,image/CPAZY6H6.jpg,image/CPAZY6H6.jpg,0.872054,0.85-0.90
916,shot framing,0.0,D,B,1,1,single,False,False,image/NZAG9JRS.jpg,image/NZAG9JRS.jpg,0.81238246,below 0.85
917,shot framing,0.0,C,D,1,1,single,False,False,image/9D2BSJJB.jpg,image/9D2BSJJB.jpg,0.8726529,0.85-0.90
918,shot framing,1.0,D,D,1,1,single,False,False,image/FHMQFXWH.jpg,image/FHMQFXWH.jpg,0.8909781,0.85-0.90
919,shot framing,0.0,B,C,1,1,single,False,False,image/R2XX1LK0.jpg,image/R2XX1LK0.jpg,0.8398638,below 0.85
920,shot framing,0.0,D,B,1,1,single,False,False,image/ILI6HSAE.jpg,image/ILI6HSAE.jpg,0.87061095,0.85-0.90
921,shot framing,1.0,B,B,1,1,single,False,False,image/ZQ8U4G5M.jpg,image/ZQ8U4G5M.jpg,0.85689205,0.85-0.90
922,shot framing,0.0,C,D,1,1,single,False,False,image/SZUR569X.jpg,image/SZUR569X.jpg,0.8619721,0.85-0.90
923,shot framing,0.0,C,B,1,1,single,False,False,image/O0FZGRRO.jpg,image/O0FZGRRO.jpg,0.8288537,below 0.85
924,shot framing,0.0,C,B,1,1,single,False,False,image/A51M8AIT.jpg,image/A51M8AIT.jpg,0.8293182,below 0.85
925,shot framing,0.0,B,A,1,1,single,False,False,image/XPJ5BUQE.jpg,image/XPJ5BUQE.jpg,0.8795688,0.85-0.90
926,shot framing,0.0,A,D,1,1,single,False,False,image/CW51PBZ5.jpg,image/CW51PBZ5.jpg,0.85910445,0.85-0.90
927,shot framing,1.0,A,A,1,1,single,False,False,image/QGHZGMWN.jpg,image/QGHZGMWN.jpg,0.8570491,0.85-0.90
928,shot framing,0.0,A,D,1,1,single,False,False,image/SWIRYLI6.jpg,image/SWIRYLI6.jpg,0.7808333,below 0.85
929,shot framing,0.0,B,A,1,1,single,False,False,image/IX314X5P.jpg,image/IX314X5P.jpg,0.8385066,below 0.85
930,shot framing,0.0,C,D,1,1,single,False,False,image/YCXWI552.jpg,image/YCXWI552.jpg,0.90140575,0.90-0.95
931,camera angle,1.0,D,D,1,2,combination,False,False,image/RLWTMT7B.jpg,image/RLWTMT7B.jpg,0.98499435,0.95 and above
932,camera angle,1.0,B,B,1,1,single,False,False,image/ZPRLV7K6.jpg,image/ZPRLV7K6.jpg,0.8533042,0.85-0.90
933,camera angle,1.0,C,C,1,1,single,False,False,image/ZI3BISHF.jpg,image/ZI3BISHF.jpg,0.8863836,0.85-0.90
934,camera angle,1.0,B,B,1,1,single,False,False,image/A8MUTPGG.jpg,image/A8MUTPGG.jpg,0.9063103,0.90-0.95
935,camera angle,1.0,C,C,1,1,single,False,False,image/BQFI4EYE.jpg,image/BQFI4EYE.jpg,0.88225263,0.85-0.90
936,camera angle,1.0,D,D,1,1,single,False,False,image/ONFCC49P.jpg,image/ONFCC49P.jpg,0.9086745,0.90-0.95
937,camera angle,1.0,D,D,1,1,single,False,False,image/SCO8924S.JPG,image/SCO8924S.JPG,0.8410245,below 0.85
938,camera angle,1.0,D,D,1,1,single,False,False,image/AEQ117S1.JPG,image/AEQ117S1.JPG,0.9049747,0.90-0.95
939,camera angle,1.0,A,A,1,1,single,False,False,image/SU7120SN.jpg,image/SU7120SN.jpg,0.93287355,0.90-0.95
940,camera angle,1.0,D,D,1,1,single,False,False,image/Q53NCWUP.jpg,image/Q53NCWUP.jpg,0.8727635,0.85-0.90
941,camera angle,1.0,B,B,1,2,combination,False,False,image/CMLFZE3V.jpg,image/CMLFZE3V.jpg,0.89735657,0.85-0.90
942,camera angle,1.0,C,C,1,2,combination,False,False,image/RS9POF1V.jpg,image/RS9POF1V.jpg,0.86518383,0.85-0.90
943,camera angle,0.0,D,B,1,1,single,False,False,image/HRB9FRXH.jpg,image/HRB9FRXH.jpg,0.83014184,below 0.85
944,camera angle,1.0,C,C,1,1,single,False,False,image/VGJG8HJB.jpg,image/VGJG8HJB.jpg,0.8416587,below 0.85
945,camera angle,1.0,A,A,1,1,single,False,False,image/64CD2NV5.png,image/64CD2NV5.png,0.9075432,0.90-0.95
946,camera angle,0.0,A,B,1,1,single,False,False,image/VLKJ97QB.jpg,image/VLKJ97QB.jpg,0.8578087,0.85-0.90
947,camera angle,1.0,D,D,1,1,single,False,False,image/N6X0YE9Q.jpg,image/N6X0YE9Q.jpg,0.90065324,0.90-0.95
948,camera angle,1.0,A,A,1,1,single,False,False,image/XTHZJJU9.jpg,image/XTHZJJU9.jpg,0.9481538,0.90-0.95
949,camera angle,1.0,B,B,1,2,combination,False,False,image/P98A1L6Y.jpg,image/P98A1L6Y.jpg,0.89694643,0.85-0.90
950,camera angle,1.0,D,D,1,1,single,False,False,image/3CPJ9HW6.jpg,image/3CPJ9HW6.jpg,0.8647317,0.85-0.90
951,camera angle,1.0,A,A,1,2,combination,False,False,image/LPZ6D4O5.jpg,image/LPZ6D4O5.jpg,0.8691696,0.85-0.90
952,camera angle,1.0,C,C,1,1,single,False,False,image/UWBKF5QT.jpg,image/UWBKF5QT.jpg,0.91733265,0.90-0.95
953,camera angle,1.0,B,B,1,1,single,False,False,image/J0DTOSMT.jpg,image/J0DTOSMT.jpg,0.8537963,0.85-0.90
954,camera angle,0.0,C,D,1,1,single,False,False,image/U4P1ZW7U.jpg,image/U4P1ZW7U.jpg,0.871488,0.85-0.90
955,camera angle,1.0,C,C,1,1,single,False,False,image/289B9IUU.jpg,image/289B9IUU.jpg,0.82943827,below 0.85
956,camera angle,1.0,A,A,1,1,single,False,False,image/3ZO5LMV0.jpg,image/3ZO5LMV0.jpg,0.8926903,0.85-0.90
957,camera angle,1.0,A,A,1,1,single,False,False,image/9NJGCS6U.jpg,image/9NJGCS6U.jpg,0.8937494,0.85-0.90
958,camera angle,1.0,A,A,1,1,single,False,False,image/3AEQ79MM.jpg,image/3AEQ79MM.jpg,0.885669,0.85-0.90
959,camera angle,1.0,B,B,1,1,single,False,False,image/GJHDK0AZ.jpg,image/GJHDK0AZ.jpg,0.84677446,below 0.85
960,camera angle,1.0,B,B,1,1,single,False,False,image/ZIUGR479.jpg,image/ZIUGR479.jpg,0.8437737,below 0.85
961,camera angle,1.0,D,D,1,1,single,False,False,image/DOD6UCIK.jpg,image/DOD6UCIK.jpg,0.8993505,0.85-0.90
962,camera angle,1.0,B,B,1,1,single,False,False,image/ZML7C2TB.jpg,image/ZML7C2TB.jpg,0.92726445,0.90-0.95
963,camera angle,0.0,B,A,1,1,single,False,False,image/KUJ0D4WY.jpg,image/KUJ0D4WY.jpg,0.81230605,below 0.85
964,camera angle,1.0,D,D,1,1,single,False,False,image/M1M5PNF7.jpg,image/M1M5PNF7.jpg,0.8529183,0.85-0.90
965,camera angle,0.0,D,B,1,1,single,False,False,image/B9IVFT4W.jpg,image/B9IVFT4W.jpg,0.87411946,0.85-0.90
966,camera angle,1.0,A,A,1,1,single,False,False,image/LVJYLRR5.jpg,image/LVJYLRR5.jpg,0.8459632,below 0.85
967,camera angle,1.0,A,A,1,1,single,False,False,image/QECIOW4R.jpg,image/QECIOW4R.jpg,0.8773761,0.85-0.90
968,camera angle,0.0,B,A,1,2,combination,False,False,image/292WGRBM.jpg,image/292WGRBM.jpg,0.87218505,0.85-0.90
969,camera angle,1.0,A,A,1,1,single,False,False,image/ZKQDRXD7.jpg,image/ZKQDRXD7.jpg,0.8549099,0.85-0.90
970,camera angle,1.0,C,C,1,1,single,False,False,image/2N1JNJZM.jpg,image/2N1JNJZM.jpg,0.83704644,below 0.85
971,camera angle,1.0,D,D,1,1,single,False,False,image/ADXC9I3B.jpg,image/ADXC9I3B.jpg,0.8279027,below 0.85
972,camera angle,0.0,C,D,1,1,single,False,False,image/VKHHVQI5.jpg,image/VKHHVQI5.jpg,0.84421873,below 0.85
973,camera angle,1.0,B,B,1,1,single,False,False,image/V8594P4I.jpg,image/V8594P4I.jpg,0.8451101,below 0.85
974,camera angle,1.0,A,A,1,4,combination,False,False,image/ZM7YG30T.jpg,image/ZM7YG30T.jpg,0.8787379,0.85-0.90
975,camera angle,1.0,A,A,1,1,single,False,False,image/TY5AS2PC.jpg,image/TY5AS2PC.jpg,0.9452888,0.90-0.95
976,camera angle,1.0,A,A,1,1,single,False,False,image/YZCXXS13.jpg,image/YZCXXS13.jpg,0.8001632,below 0.85
977,camera angle,1.0,C,C,1,1,single,False,False,image/4KJ0Y0QY.jpg,image/4KJ0Y0QY.jpg,0.8563216,0.85-0.90
978,camera angle,1.0,C,C,1,2,combination,False,False,image/765XUN5A.jpg,image/765XUN5A.jpg,0.94094795,0.90-0.95
979,camera angle,1.0,B,B,1,1,single,False,False,image/5UDMGDZV.jpg,image/5UDMGDZV.jpg,0.8743221,0.85-0.90
980,camera angle,1.0,A,A,1,1,single,False,False,image/YJ689DJU.jpg,image/YJ689DJU.jpg,0.86669713,0.85-0.90
981,camera angle,1.0,B,B,1,1,single,False,False,image/TZD0ALAG.jpg,image/TZD0ALAG.jpg,0.9021579,0.90-0.95
982,camera angle,0.0,D,A,1,1,single,False,False,image/PDDFM9Y3.jpg,image/PDDFM9Y3.jpg,0.91389334,0.90-0.95
983,camera angle,1.0,D,D,1,1,single,False,False,image/QV9WDZ02.jpg,image/QV9WDZ02.jpg,0.8467443,below 0.85
984,camera angle,1.0,A,A,1,1,single,False,False,image/IBQ5T86B.jpg,image/IBQ5T86B.jpg,0.8360584,below 0.85
985,camera angle,0.0,C,A,1,2,combination,False,False,image/M0A7ME22.jpg,image/M0A7ME22.jpg,0.85403603,0.85-0.90
986,camera angle,1.0,D,D,1,1,single,False,False,image/1AUQAO8G.jpg,image/1AUQAO8G.jpg,0.87580353,0.85-0.90
987,camera angle,1.0,B,B,1,1,single,False,False,image/3KILPZJK.jpg,image/3KILPZJK.jpg,0.8641851,0.85-0.90
988,camera angle,1.0,A,A,1,1,single,False,False,image/BZG9WIVD.jpg,image/BZG9WIVD.jpg,0.9121619,0.90-0.95
989,camera angle,1.0,C,C,1,1,single,False,False,image/RB46PESQ.jpg,image/RB46PESQ.jpg,0.85399,0.85-0.90
990,camera angle,1.0,C,C,1,1,single,False,False,image/KXANYGW4.jpg,image/KXANYGW4.jpg,0.91040057,0.90-0.95
991,camera angle,1.0,A,A,1,1,single,False,False,image/CKJVVWKS.jpg,image/CKJVVWKS.jpg,0.9190024,0.90-0.95
992,camera angle,0.0,C,D,1,1,single,False,False,image/NJ68PCA9.jpg,image/NJ68PCA9.jpg,0.9188072,0.90-0.95
993,camera angle,1.0,D,D,1,1,single,False,False,image/XEZ46GQ2.jpg,image/XEZ46GQ2.jpg,0.9043449,0.90-0.95
994,camera angle,1.0,C,C,1,1,single,False,False,image/CKDE3Z7N.jpg,image/CKDE3Z7N.jpg,0.77602464,below 0.85
995,camera angle,1.0,B,B,1,1,single,False,False,image/OK0NNCMK.jpg,image/OK0NNCMK.jpg,0.78506976,below 0.85
996,camera angle,1.0,C,C,1,2,combination,False,False,image/RNQ6WDHG.jpg,image/RNQ6WDHG.jpg,0.8310012,below 0.85
997,camera angle,1.0,D,D,1,1,single,False,False,image/CWIQ6SRI.jpg,image/CWIQ6SRI.jpg,0.90986204,0.90-0.95
998,camera angle,1.0,A,A,1,1,single,False,False,image/41JMRL72.jpg,image/41JMRL72.jpg,0.8959357,0.85-0.90
999,camera angle,1.0,C,C,1,1,single,False,False,image/LUGBHJ7U.jpg,image/LUGBHJ7U.jpg,0.86083114,0.85-0.90
1000,camera angle,1.0,A,A,1,1,single,False,False,image/IMJ99JVT.jpg,image/IMJ99JVT.jpg,0.8398313,below 0.85
1001,camera angle,1.0,D,D,1,1,single,False,False,image/37I82RHV.jpg,image/37I82RHV.jpg,0.8068752,below 0.85
1002,camera angle,0.0,C,D,1,1,single,False,False,image/P9GR9ZS8.jpg,image/P9GR9ZS8.jpg,0.86569,0.85-0.90
1003,camera angle,1.0,C,C,1,1,single,False,False,image/172UI2ME.jpg,image/172UI2ME.jpg,0.79931414,below 0.85
1004,camera angle,1.0,D,D,1,1,single,False,False,image/EFV1VVMK.jpg,image/EFV1VVMK.jpg,0.86787623,0.85-0.90
1005,camera angle,0.0,C,D,1,1,single,False,False,image/N5AKA7N5.jpg,image/N5AKA7N5.jpg,0.8644922,0.85-0.90
1006,camera angle,1.0,C,C,1,1,single,False,False,image/GOLOSPA8.jpg,image/GOLOSPA8.jpg,0.8972804,0.85-0.90
1007,camera angle,1.0,A,A,1,1,single,False,False,image/LHEG7JF7.jpg,image/LHEG7JF7.jpg,0.87692374,0.85-0.90
1008,camera angle,1.0,C,C,1,1,single,False,False,image/C6VU1XE4.png,image/C6VU1XE4.png,0.8873573,0.85-0.90
1009,camera angle,1.0,A,A,1,1,single,False,False,image/ZEQ7L72U.jpg,image/ZEQ7L72U.jpg,0.7687892,below 0.85
1010,camera angle,1.0,B,B,1,1,single,False,False,image/QPOC7ZYH.jpg,image/QPOC7ZYH.jpg,0.81626695,below 0.85
1011,camera angle,1.0,B,B,1,2,combination,False,False,image/SHC9DQJQ.jpg,image/SHC9DQJQ.jpg,0.87791824,0.85-0.90
1012,camera angle,1.0,D,D,1,1,single,False,False,image/CDHHVRAP.jpg,image/CDHHVRAP.jpg,0.84775966,below 0.85
1013,camera angle,0.0,C,B,1,2,combination,False,False,image/U3Y4CNP4.jpg,image/U3Y4CNP4.jpg,0.91144955,0.90-0.95
1014,camera angle,1.0,B,B,1,1,single,False,False,image/M4B8VS1K.jpg,image/M4B8VS1K.jpg,0.87822556,0.85-0.90
1015,camera angle,1.0,D,D,1,1,single,False,False,image/JZR4BWU7.jpg,image/JZR4BWU7.jpg,0.8975356,0.85-0.90
1016,camera angle,1.0,C,C,1,1,single,False,False,image/RAEU56MW.jpg,image/RAEU56MW.jpg,0.75298953,below 0.85
1017,camera angle,1.0,A,A,1,1,single,False,False,image/EHKUDV6N.jpg,image/EHKUDV6N.jpg,0.82813036,below 0.85
1018,camera angle,1.0,D,D,1,1,single,False,False,image/ZEHKG57O.jpg,image/ZEHKG57O.jpg,0.91377777,0.90-0.95
1019,camera angle,1.0,A,A,1,1,single,False,False,image/R3FNYXE5.jpg,image/R3FNYXE5.jpg,0.8241655,below 0.85
1020,camera angle,1.0,A,A,1,1,single,False,False,image/UE6F8YT1.jpg,image/UE6F8YT1.jpg,0.8410539,below 0.85
1021,camera angle,0.0,D,A,1,1,single,False,False,image/61QL5XKY.jpg,image/61QL5XKY.jpg,0.8837669,0.85-0.90
1022,camera angle,1.0,B,B,1,1,single,False,False,image/FFUOTJJM.jpg,image/FFUOTJJM.jpg,0.9348985,0.90-0.95
1023,camera angle,1.0,C,C,1,2,combination,False,False,image/7RSN94FH.jpg,image/7RSN94FH.jpg,0.85569644,0.85-0.90
1024,camera angle,1.0,D,D,1,2,combination,False,False,image/WV6QHRHF.jpg,image/WV6QHRHF.jpg,0.90938675,0.90-0.95
1025,camera angle,1.0,C,C,1,1,single,False,False,image/I0B5QLLS.jpg,image/I0B5QLLS.jpg,0.86005634,0.85-0.90
1026,camera angle,1.0,C,C,1,1,single,False,False,image/V4NX3CC6.jpg,image/V4NX3CC6.jpg,0.8850852,0.85-0.90
1027,camera angle,1.0,B,B,1,1,single,False,False,image/8MXTH0NN.jpg,image/8MXTH0NN.jpg,0.84025925,below 0.85
1028,camera angle,0.0,B,C,1,3,combination,False,False,image/SIJEMVFL.jpg,image/SIJEMVFL.jpg,0.9334245,0.90-0.95
1029,camera angle,1.0,D,D,1,1,single,False,False,image/1XYX7P6A.jpeg,image/1XYX7P6A.jpeg,0.8869341,0.85-0.90
1030,camera angle,1.0,D,D,1,1,single,False,False,image/HKKZBNL1.jpg,image/HKKZBNL1.jpg,0.8214797,below 0.85
1031,camera angle,1.0,B,B,1,1,single,False,False,image/NCXG7X1Q.jpg,image/NCXG7X1Q.jpg,0.88044614,0.85-0.90
1032,camera angle,1.0,B,B,1,1,single,False,False,image/B7MYNZYM.jpg,image/B7MYNZYM.jpg,0.92717344,0.90-0.95
1033,camera angle,1.0,B,B,1,1,single,False,False,image/TJNCYCTG.jpg,image/TJNCYCTG.jpg,0.8795727,0.85-0.90
1034,camera angle,0.0,A,C,1,1,single,False,False,image/ULU1L7UB.jpg,image/ULU1L7UB.jpg,0.88261634,0.85-0.90
1035,camera angle,1.0,A,A,1,1,single,False,False,image/8U2LBCTG.jpg,image/8U2LBCTG.jpg,0.91836995,0.90-0.95
1036,camera angle,1.0,C,C,1,1,single,False,False,image/TEIJX0YO.jpg,image/TEIJX0YO.jpg,0.79557693,below 0.85
1037,camera angle,0.0,B,D,1,2,combination,False,False,image/K99FLEFH.jpg,image/K99FLEFH.jpg,0.8395975,below 0.85
1038,camera angle,1.0,B,B,1,1,single,False,False,image/ZAHDQBAJ.jpg,image/ZAHDQBAJ.jpg,0.92767674,0.90-0.95
1039,camera angle,1.0,A,A,1,1,single,False,False,image/ED8SQ4FX.jpg,image/ED8SQ4FX.jpg,0.90432864,0.90-0.95
1040,camera angle,1.0,B,B,1,1,single,False,False,image/Y2HYAZ0P.png,image/Y2HYAZ0P.png,0.86170083,0.85-0.90
1041,camera angle,1.0,B,B,1,1,single,False,False,image/DVOJKBSJ.jpg,image/DVOJKBSJ.jpg,0.8272267,below 0.85
1042,camera angle,1.0,B,B,1,1,single,False,False,image/F7FNM4NY.jpg,image/F7FNM4NY.jpg,0.8702817,0.85-0.90
1043,camera angle,0.0,B,D,1,1,single,False,False,image/9O4JJKLB.jpg,image/9O4JJKLB.jpg,0.78548807,below 0.85
1044,camera angle,1.0,A,A,1,1,single,False,False,image/D3I5UP8C.jpg,image/D3I5UP8C.jpg,0.8716892,0.85-0.90
1045,camera angle,1.0,B,B,1,1,single,False,False,image/92NT37GL.jpg,image/92NT37GL.jpg,0.8077653,below 0.85
1046,camera angle,1.0,D,D,1,1,single,False,False,image/UWETFCST.jpg,image/UWETFCST.jpg,0.8998693,0.85-0.90
1047,camera angle,1.0,D,D,1,1,single,False,False,image/DC53ZAN9.jpg,image/DC53ZAN9.jpg,0.8546256,0.85-0.90
1048,camera angle,0.0,B,D,1,1,single,False,False,image/IXHY494M.jpg,image/IXHY494M.jpg,0.9315481,0.90-0.95
1049,camera angle,1.0,A,A,1,1,single,False,False,image/NSSDHWMR.jpg,image/NSSDHWMR.jpg,0.88758093,0.85-0.90
1050,camera angle,1.0,D,D,1,1,single,False,False,image/DJVIJ1J4.jpg,image/DJVIJ1J4.jpg,0.8746996,0.85-0.90
1051,camera angle,1.0,B,B,1,2,combination,False,False,image/6Z55XKZK.jpg,image/6Z55XKZK.jpg,0.9325657,0.90-0.95
1052,camera angle,0.0,D,C,1,1,single,False,False,image/IVLM68RC.jpg,image/IVLM68RC.jpg,0.9041286,0.90-0.95
1053,camera angle,1.0,B,B,1,1,single,False,False,image/Q9F66Y9W.jpg,image/Q9F66Y9W.jpg,0.89079946,0.85-0.90
1054,camera angle,1.0,D,D,1,1,single,False,False,image/TX7R1YI2.jpg,image/TX7R1YI2.jpg,0.79145116,below 0.85
1055,camera angle,1.0,B,B,1,1,single,False,False,image/OPR3HELV.jpg,image/OPR3HELV.jpg,0.85632026,0.85-0.90
1056,camera angle,1.0,C,C,1,1,single,False,False,image/4SYL1CRF.jpg,image/4SYL1CRF.jpg,0.8217767,below 0.85
1057,camera angle,1.0,D,D,1,1,single,False,False,image/VPZT3L84.jpg,image/VPZT3L84.jpg,0.9205671,0.90-0.95
1058,camera angle,0.0,D,B,1,1,single,False,False,image/GYIEP9LJ.jpg,image/GYIEP9LJ.jpg,0.83795536,below 0.85
1059,camera angle,1.0,D,D,1,1,single,False,False,image/QCJKGIUS.JPG,image/QCJKGIUS.JPG,0.80948377,below 0.85
1060,camera angle,1.0,B,B,1,1,single,False,False,image/LGAYLDZV.jpg,image/LGAYLDZV.jpg,0.8760992,0.85-0.90
1061,camera angle,1.0,A,A,1,1,single,False,False,image/FSBBA1Z8.jpg,image/FSBBA1Z8.jpg,0.8618161,0.85-0.90
1062,camera angle,1.0,B,B,1,1,single,False,False,image/LUPMK7MX.jpg,image/LUPMK7MX.jpg,0.9455399,0.90-0.95
1063,camera angle,1.0,C,C,1,1,single,False,False,image/CQM5RWNP.jpg,image/CQM5RWNP.jpg,0.8895015,0.85-0.90
1064,camera angle,1.0,D,D,1,1,single,False,False,image/VXWUDN7C.jpg,image/VXWUDN7C.jpg,0.9478284,0.90-0.95
1065,camera angle,1.0,B,B,1,1,single,False,False,image/SX1DCDBI.jpg,image/SX1DCDBI.jpg,0.9637644,0.95 and above
1066,camera angle,0.0,C,D,1,1,single,False,False,image/C1YEXGMQ.jpg,image/C1YEXGMQ.jpg,0.9045929,0.90-0.95
1067,camera angle,1.0,D,D,1,1,single,False,False,image/K7SXJFUR.jpg,image/K7SXJFUR.jpg,0.89747334,0.85-0.90
1068,camera angle,1.0,A,A,1,1,single,False,False,image/GCJ05K02.jpg,image/GCJ05K02.jpg,0.8700388,0.85-0.90
1069,camera angle,0.0,A,D,1,1,single,False,False,image/DO1NE6T6.jpg,image/DO1NE6T6.jpg,0.86794496,0.85-0.90
1070,camera angle,0.0,D,A,1,1,single,False,False,image/3ODLSVNQ.jpg,image/3ODLSVNQ.jpg,0.8500329,0.85-0.90
1071,camera angle,1.0,D,D,1,1,single,False,False,image/54ISW569.jpg,image/54ISW569.jpg,0.8166609,below 0.85
1072,camera angle,1.0,A,A,1,1,single,False,False,image/O2910K3R.jpg,image/O2910K3R.jpg,0.9314395,0.90-0.95
1073,camera angle,1.0,D,D,1,1,single,False,False,image/Y9V4P3LF.jpg,image/Y9V4P3LF.jpg,0.9021791,0.90-0.95
1074,camera angle,1.0,A,A,1,1,single,False,False,image/7598D4VM.jpg,image/7598D4VM.jpg,0.86843884,0.85-0.90
1075,camera angle,1.0,C,C,1,1,single,False,False,image/28ZUG9C1.jpg,image/28ZUG9C1.jpg,0.7587412,below 0.85
1076,camera angle,1.0,D,D,1,2,combination,False,False,image/PVSBQNHE.jpg,image/PVSBQNHE.jpg,0.8515896,0.85-0.90
1077,camera angle,1.0,C,C,1,1,single,False,False,image/L6P77DCI.jpg,image/L6P77DCI.jpg,0.9464288,0.90-0.95
1078,camera angle,1.0,C,C,1,1,single,False,False,image/HZEKXVVC.jpg,image/HZEKXVVC.jpg,0.915314,0.90-0.95
1079,camera angle,1.0,B,B,1,1,single,False,False,image/SNA7S3UT.jpg,image/SNA7S3UT.jpg,0.83028907,below 0.85
1080,camera angle,1.0,D,D,1,1,single,False,False,image/YB7W2ISD.jpg,image/YB7W2ISD.jpg,0.8244491,below 0.85
1081,camera angle,1.0,D,D,1,1,single,False,False,image/HXFW932F.jpg,image/HXFW932F.jpg,0.8776751,0.85-0.90
1082,camera angle,1.0,D,D,1,1,single,False,False,image/PIEAGE8L.jpg,image/PIEAGE8L.jpg,0.8861648,0.85-0.90
1083,camera angle,1.0,D,D,1,1,single,False,False,image/B391LKZI.jpg,image/B391LKZI.jpg,0.8558721,0.85-0.90
1084,camera angle,1.0,B,B,1,1,single,False,False,image/43D8TMAL.jpg,image/43D8TMAL.jpg,0.88985634,0.85-0.90
1085,camera angle,1.0,B,B,1,1,single,False,False,image/MCA03Y1B.jpg,image/MCA03Y1B.jpg,0.91023284,0.90-0.95
1086,camera angle,0.0,C,A,1,1,single,False,False,image/FUSSUL9P.jpg,image/FUSSUL9P.jpg,0.91448075,0.90-0.95
1087,camera angle,1.0,C,C,1,1,single,False,False,image/FI52IZT3.jpg,image/FI52IZT3.jpg,0.78079957,below 0.85
1088,camera angle,1.0,C,C,1,1,single,False,False,image/WKPL9AHI.jpg,image/WKPL9AHI.jpg,0.8539536,0.85-0.90
1089,camera angle,1.0,B,B,1,1,single,False,False,image/7MU8Z8LQ.jpg,image/7MU8Z8LQ.jpg,0.86158496,0.85-0.90
1090,camera angle,1.0,C,C,1,1,single,False,False,image/NPI4NKQ6.jpg,image/NPI4NKQ6.jpg,0.870416,0.85-0.90
1091,camera angle,1.0,D,D,1,2,combination,False,False,image/Z1488QGK.jpg,image/Z1488QGK.jpg,0.89659864,0.85-0.90
1092,camera angle,1.0,C,C,1,1,single,False,False,image/G2VSGA6C.jpg,image/G2VSGA6C.jpg,0.8996074,0.85-0.90
1093,camera angle,1.0,D,D,1,1,single,False,False,image/SSOQ4SXU.jpg,image/SSOQ4SXU.jpg,0.83286786,below 0.85
1094,camera angle,1.0,A,A,1,1,single,False,False,image/6DVTFFC6.jpg,image/6DVTFFC6.jpg,0.84713525,below 0.85
1095,camera angle,1.0,C,C,1,1,single,False,False,image/E8KASPU5.jpg,image/E8KASPU5.jpg,0.86006045,0.85-0.90
1096,camera angle,1.0,B,B,1,1,single,False,False,image/RBFGQH88.jpg,image/RBFGQH88.jpg,0.8785297,0.85-0.90
1097,camera angle,1.0,C,C,1,1,single,False,False,image/AU3UCGMD.jpg,image/AU3UCGMD.jpg,0.90253514,0.90-0.95
1098,camera angle,1.0,C,C,1,2,combination,False,False,image/552Y4HU8.jpg,image/552Y4HU8.jpg,0.84162855,below 0.85
1099,camera angle,1.0,A,A,1,1,single,False,False,image/5WWMVIA2.png,image/5WWMVIA2.png,0.9042218,0.90-0.95
1100,camera angle,1.0,D,D,1,1,single,False,False,image/IKFYHDXV.png,image/IKFYHDXV.png,0.82436866,below 0.85
1101,camera angle,1.0,C,C,1,1,single,False,False,image/SBH5420I.jpg,image/SBH5420I.jpg,0.89590365,0.85-0.90
1102,camera angle,1.0,C,C,1,1,single,False,False,image/LW5GH1VG.jpg,image/LW5GH1VG.jpg,0.89795923,0.85-0.90
1103,camera angle,0.0,A,D,1,1,single,False,False,image/ORDVKVB3.jpg,image/ORDVKVB3.jpg,0.87884325,0.85-0.90
1104,camera angle,1.0,C,C,1,1,single,False,False,image/6BWULRV3.jpg,image/6BWULRV3.jpg,0.800242,below 0.85
1105,camera angle,1.0,A,A,1,1,single,False,False,image/ZIXMUMA3.jpg,image/ZIXMUMA3.jpg,0.92946225,0.90-0.95
1106,camera angle,1.0,B,B,1,1,single,False,False,image/FK8ZH774.jpg,image/FK8ZH774.jpg,0.90346986,0.90-0.95
1107,camera angle,1.0,D,D,1,1,single,False,False,image/S1JN840S.JPG,image/S1JN840S.JPG,0.77689236,below 0.85
1108,camera angle,1.0,C,C,1,1,single,False,False,image/USWYFTJJ.jpg,image/USWYFTJJ.jpg,0.8687432,0.85-0.90
1109,camera angle,1.0,A,A,1,1,single,False,False,image/XBUWPB7E.jpg,image/XBUWPB7E.jpg,0.91001356,0.90-0.95
1110,camera angle,1.0,C,C,1,1,single,False,False,image/I1N2QTKZ.jpg,image/I1N2QTKZ.jpg,0.89493126,0.85-0.90
1111,camera angle,0.0,A,D,1,2,combination,False,False,image/Y8ZI2HFZ.jpg,image/Y8ZI2HFZ.jpg,0.9115157,0.90-0.95
1112,camera angle,1.0,B,B,1,1,single,False,False,image/9Y29OMVV.jpg,image/9Y29OMVV.jpg,0.8508354,0.85-0.90
1113,camera angle,0.0,C,B,1,1,single,False,False,image/O3FVSC9R.jpg,image/O3FVSC9R.jpg,0.79838705,below 0.85
1114,camera angle,1.0,C,C,1,1,single,False,False,image/W9DQMT27.jpg,image/W9DQMT27.jpg,0.85020703,0.85-0.90
1115,camera angle,1.0,A,A,1,1,single,False,False,image/MJKT3T9L.jpg,image/MJKT3T9L.jpg,0.88662595,0.85-0.90
1116,camera angle,1.0,D,D,1,1,single,False,False,image/ADD21M7I.jpg,image/ADD21M7I.jpg,0.83730984,below 0.85
1117,camera angle,0.0,C,A,1,1,single,False,False,image/B6NVD15O.jpg,image/B6NVD15O.jpg,0.79741514,below 0.85
1118,camera angle,1.0,A,A,1,1,single,False,False,image/7ZHHNRVZ.jpg,image/7ZHHNRVZ.jpg,0.881951,0.85-0.90
1119,camera angle,1.0,B,B,1,1,single,False,False,image/35SYMSGA.jpg,image/35SYMSGA.jpg,0.90745157,0.90-0.95
1120,camera angle,0.0,C,A,1,1,single,False,False,image/FG6CJNA8.jpg,image/FG6CJNA8.jpg,0.79979336,below 0.85
1121,camera angle,1.0,A,A,1,1,single,False,False,image/YOZBR32N.jpg,image/YOZBR32N.jpg,0.8275871,below 0.85
1122,camera angle,1.0,B,B,1,1,single,False,False,image/CYMUQSUP.jpg,image/CYMUQSUP.jpg,0.76653475,below 0.85
1123,camera angle,0.0,D,A,1,2,combination,False,False,image/3261OQU8.jpg,image/3261OQU8.jpg,0.85400623,0.85-0.90
1124,camera angle,1.0,A,A,1,1,single,False,False,image/ZJ6CASET.jpg,image/ZJ6CASET.jpg,0.91747487,0.90-0.95
1125,camera angle,1.0,D,D,1,1,single,False,False,image/CCEY2PRA.jpg,image/CCEY2PRA.jpg,0.8948996,0.85-0.90
1126,camera angle,1.0,D,D,1,1,single,False,False,image/OF5BF1E9.jpg,image/OF5BF1E9.jpg,0.88881683,0.85-0.90
1127,camera angle,1.0,A,A,1,1,single,False,False,image/QX5WQW5L.jpg,image/QX5WQW5L.jpg,0.9306676,0.90-0.95
1128,camera angle,0.0,D,B,1,1,single,False,False,image/C5G06MEE.jpg,image/C5G06MEE.jpg,0.8592382,0.85-0.90
1129,camera angle,1.0,C,C,1,1,single,False,False,image/DSATO6S3.jpg,image/DSATO6S3.jpg,0.91258097,0.90-0.95
1130,camera angle,1.0,D,D,1,1,single,False,False,image/OYXWYVMQ.jpg,image/OYXWYVMQ.jpg,0.905708,0.90-0.95
1131,camera angle,1.0,A,A,1,1,single,False,False,image/M3DX7RP7.jpg,image/M3DX7RP7.jpg,0.9245288,0.90-0.95
1132,camera angle,1.0,A,A,1,1,single,False,False,image/FR589NXC.jpg,image/FR589NXC.jpg,0.86417717,0.85-0.90
1133,camera angle,1.0,B,B,1,1,single,False,False,image/SZ1IJRU9.jpg,image/SZ1IJRU9.jpg,0.9025163,0.90-0.95
1134,camera angle,1.0,C,C,1,1,single,False,False,image/06PKMXD2.jpg,image/06PKMXD2.jpg,0.8847176,0.85-0.90
1135,camera angle,1.0,B,B,1,1,single,False,False,image/GTW2SBJR.jpg,image/GTW2SBJR.jpg,0.841082,below 0.85
1136,camera angle,1.0,D,D,1,2,combination,False,False,image/XGBCFBYL.jpg,image/XGBCFBYL.jpg,0.8525799,0.85-0.90
1137,camera angle,1.0,D,D,1,1,single,False,False,image/3KW50Q68.jpg,image/3KW50Q68.jpg,0.920462,0.90-0.95
1138,camera angle,1.0,A,A,1,1,single,False,False,image/OYBBEY4J.jpg,image/OYBBEY4J.jpg,0.82628554,below 0.85
1139,camera angle,1.0,C,C,1,1,single,False,False,image/7MH3LQ4E.jpg,image/7MH3LQ4E.jpg,0.83330995,below 0.85
1140,camera angle,1.0,B,B,1,1,single,False,False,image/EQZQMJMS.jpg,image/EQZQMJMS.jpg,0.89089745,0.85-0.90
1141,camera angle,1.0,C,C,1,1,single,False,False,image/TT2XGR87.png,image/TT2XGR87.png,0.89932686,0.85-0.90
1142,camera angle,1.0,C,C,1,1,single,False,False,image/91KTD9GS.jpg,image/91KTD9GS.jpg,0.9011799,0.90-0.95
1143,camera angle,0.0,C,D,1,1,single,False,False,image/7QUCTZKU.jpg,image/7QUCTZKU.jpg,0.82620096,below 0.85
1144,camera angle,0.0,B,D,1,1,single,False,False,image/YIEAZ7LM.jpg,image/YIEAZ7LM.jpg,0.75056064,below 0.85
1145,camera angle,0.0,D,C,1,1,single,False,False,image/2DML8ULZ.jpg,image/2DML8ULZ.jpg,0.8575025,0.85-0.90
1146,camera angle,1.0,A,A,1,1,single,False,False,image/V1Y1Q26N.jpg,image/V1Y1Q26N.jpg,0.85945845,0.85-0.90
1147,camera angle,1.0,D,D,1,1,single,False,False,image/E9DSOFV5.jpg,image/E9DSOFV5.jpg,0.8253271,below 0.85
1148,camera angle,1.0,B,B,1,1,single,False,False,image/6PC5SUBI.jpg,image/6PC5SUBI.jpg,0.8760235,0.85-0.90
1149,camera angle,1.0,A,A,1,1,single,False,False,image/MNWI0UXU.jpg,image/MNWI0UXU.jpg,0.87187356,0.85-0.90
1150,camera angle,1.0,D,D,1,1,single,False,False,image/R8C5SDBK.jpg,image/R8C5SDBK.jpg,0.82639736,below 0.85
1151,camera angle,1.0,B,B,1,1,single,False,False,image/LOT1GI1E.jpg,image/LOT1GI1E.jpg,0.8944057,0.85-0.90
1152,camera angle,1.0,C,C,1,1,single,False,False,image/G7CIF7M1.jpg,image/G7CIF7M1.jpg,0.9049541,0.90-0.95
1153,camera angle,1.0,A,A,1,1,single,False,False,image/N5TW9NZV.jpg,image/N5TW9NZV.jpg,0.83460855,below 0.85
1154,camera angle,1.0,D,D,1,2,combination,False,False,image/6OYNSN7R.jpg,image/6OYNSN7R.jpg,0.8559004,0.85-0.90
1155,camera angle,1.0,A,A,1,1,single,False,False,image/79DA6IVO.jpg,image/79DA6IVO.jpg,0.9014872,0.90-0.95
1156,camera angle,1.0,C,C,1,1,single,False,False,image/UJF5Z2RB.jpg,image/UJF5Z2RB.jpg,0.8913118,0.85-0.90
1157,camera angle,1.0,A,A,1,1,single,False,False,image/QUUGTE5N.jpg,image/QUUGTE5N.jpg,0.8632318,0.85-0.90
1158,camera angle,1.0,A,A,1,1,single,False,False,image/77PY80O4.jpg,image/77PY80O4.jpg,0.8896736,0.85-0.90
1159,camera angle,0.0,B,A,1,1,single,False,False,image/MEVQRZ9J.jpg,image/MEVQRZ9J.jpg,0.8741028,0.85-0.90
1160,camera angle,0.0,A,B,1,1,single,False,False,image/STAMG6D1.jpg,image/STAMG6D1.jpg,0.8943895,0.85-0.90
1161,camera angle,1.0,B,B,1,1,single,False,False,image/R6KPWBX3.jpg,image/R6KPWBX3.jpg,0.8703536,0.85-0.90
1162,camera angle,1.0,D,D,1,1,single,False,False,image/E2KTPRU4.jpg,image/E2KTPRU4.jpg,0.9042282,0.90-0.95
1163,camera angle,1.0,B,B,1,2,combination,False,False,image/KBAYVH0W.jpg,image/KBAYVH0W.jpg,0.90885293,0.90-0.95
1164,camera angle,1.0,B,B,1,1,single,False,False,image/3VX5FBBA.jpg,image/3VX5FBBA.jpg,0.8946816,0.85-0.90
1165,camera angle,1.0,C,C,1,1,single,False,False,image/3YW1SJZW.jpg,image/3YW1SJZW.jpg,0.8479391,below 0.85
1166,camera angle,1.0,D,D,1,1,single,False,False,image/LZR5WGJ6.jpg,image/LZR5WGJ6.jpg,0.8969656,0.85-0.90
1167,camera angle,1.0,D,D,1,1,single,False,False,image/TRMCVVBJ.jpg,image/TRMCVVBJ.jpg,0.93708956,0.90-0.95
1168,camera angle,1.0,C,C,1,1,single,False,False,image/VH1ZF7WN.jpg,image/VH1ZF7WN.jpg,0.9247131,0.90-0.95
1169,camera angle,0.0,A,C,1,1,single,False,False,image/Q18E1S72.jpg,image/Q18E1S72.jpg,0.83752835,below 0.85
1170,camera angle,1.0,C,C,1,1,single,False,False,image/225QG2G0.jpg,image/225QG2G0.jpg,0.86324507,0.85-0.90
1171,camera angle,0.0,A,C,1,1,single,False,False,image/OTF9CXZO.jpg,image/OTF9CXZO.jpg,0.7993199,below 0.85
1172,camera angle,1.0,D,D,1,1,single,False,False,image/QYZ06CH5.jpg,image/QYZ06CH5.jpg,0.81140536,below 0.85
1173,camera angle,0.0,B,C,1,2,combination,False,False,image/44L8EJY7.jpg,image/44L8EJY7.jpg,0.8498933,below 0.85
1174,camera angle,1.0,A,A,1,1,single,False,False,image/D2QG1WDI.jpg,image/D2QG1WDI.jpg,0.815857,below 0.85
1175,camera angle,1.0,D,D,1,1,single,False,False,image/1CNEK7WA.jpg,image/1CNEK7WA.jpg,0.88970387,0.85-0.90
1176,camera angle,1.0,C,C,1,1,single,False,False,image/U4X1ORC8.jpg,image/U4X1ORC8.jpg,0.9933563,0.95 and above
1177,camera angle,0.0,B,C,1,2,combination,False,False,image/DK9W68HA.jpg,image/DK9W68HA.jpg,0.92534536,0.90-0.95
1178,camera angle,1.0,C,C,1,1,single,False,False,image/ADIA14LI.jpg,image/ADIA14LI.jpg,0.8227711,below 0.85
1179,camera angle,1.0,C,C,1,1,single,False,False,image/XRWQM6I6.jpg,image/XRWQM6I6.jpg,0.8671171,0.85-0.90
1180,camera angle,0.0,B,D,1,1,single,False,False,image/SWS7RJJB.jpg,image/SWS7RJJB.jpg,0.8230176,below 0.85
1181,camera angle,0.0,C,B,1,1,single,False,False,image/IY2HQRRA.jpg,image/IY2HQRRA.jpg,0.88703674,0.85-0.90
1182,camera angle,1.0,A,A,1,2,combination,False,False,image/R31NEH9U.jpg,image/R31NEH9U.jpg,0.9180549,0.90-0.95
1183,camera angle,1.0,D,D,1,1,single,False,False,image/O10NBYJI.jpg,image/O10NBYJI.jpg,0.9118637,0.90-0.95
1184,camera angle,0.0,C,D,1,1,single,False,False,image/V4OM4F2H.jpg,image/V4OM4F2H.jpg,0.86163336,0.85-0.90
1185,camera angle,0.0,A,C,1,1,single,False,False,image/TS997J9K.jpg,image/TS997J9K.jpg,0.87114197,0.85-0.90
1186,camera angle,1.0,A,A,1,1,single,False,False,image/CP4NKX1L.jpg,image/CP4NKX1L.jpg,0.8661867,0.85-0.90
1187,camera angle,1.0,D,D,1,1,single,False,False,image/0TCUY8QQ.jpg,image/0TCUY8QQ.jpg,0.7531468,below 0.85
1188,camera angle,1.0,C,C,1,1,single,False,False,image/1J2FMPIV.jpg,image/1J2FMPIV.jpg,0.8938844,0.85-0.90
1189,camera angle,1.0,B,B,1,1,single,False,False,image/5HD8OS7D.jpg,image/5HD8OS7D.jpg,0.8807718,0.85-0.90
1190,camera angle,0.0,D,A,1,1,single,False,False,image/63O30QTE.jpg,image/63O30QTE.jpg,0.8079787,below 0.85
1191,camera angle,1.0,B,B,1,2,combination,False,False,image/ZB3NN56I.jpg,image/ZB3NN56I.jpg,0.88550067,0.85-0.90
1192,camera angle,0.0,A,D,1,1,single,False,False,image/ZFQV9R7W.jpg,image/ZFQV9R7W.jpg,0.84221447,below 0.85
1193,camera angle,0.0,B,C,1,1,single,False,False,image/DKRNPZP3.jpg,image/DKRNPZP3.jpg,0.89076674,0.85-0.90
1194,camera angle,1.0,B,B,1,1,single,False,False,image/75THWTKZ.jpg,image/75THWTKZ.jpg,0.9146707,0.90-0.95
1195,camera angle,1.0,A,A,1,1,single,False,False,image/OCBTJMNK.jpg,image/OCBTJMNK.jpg,0.9277281,0.90-0.95
1196,camera angle,1.0,B,B,1,1,single,False,False,image/HHVHJHL5.jpg,image/HHVHJHL5.jpg,0.9075992,0.90-0.95
1197,camera angle,1.0,C,C,1,2,combination,False,False,image/ZKG3UB9G.jpg,image/ZKG3UB9G.jpg,0.89275086,0.85-0.90
1198,camera angle,0.0,A,B,1,1,single,False,False,image/OCPJM8T7.jpg,image/OCPJM8T7.jpg,0.67599875,below 0.85
1199,camera angle,1.0,A,A,1,2,combination,False,False,image/TAMKQACY.jpg,image/TAMKQACY.jpg,0.8980249,0.85-0.90
1200,camera angle,1.0,D,D,1,1,single,False,False,image/XALJLJXC.jpg,image/XALJLJXC.jpg,0.91258305,0.90-0.95
1201,camera angle,1.0,C,C,1,1,single,False,False,image/W08FP9SE.jpg,image/W08FP9SE.jpg,0.9150363,0.90-0.95
1202,camera angle,0.0,B,D,1,1,single,False,False,image/M8YFXMR1.JPG,image/M8YFXMR1.JPG,0.74047524,below 0.85
1203,camera angle,0.0,A,C,1,1,single,False,False,image/7NCW6WHY.jpg,image/7NCW6WHY.jpg,0.8512632,0.85-0.90
1204,camera angle,1.0,B,B,1,1,single,False,False,image/B4JP8KUW.jpg,image/B4JP8KUW.jpg,0.9284711,0.90-0.95
1205,camera angle,0.0,B,D,1,1,single,False,False,image/GTXVC2C0.jpg,image/GTXVC2C0.jpg,0.9197379,0.90-0.95
1206,camera angle,0.0,C,B,1,1,single,False,False,image/IROQ1C1G.jpg,image/IROQ1C1G.jpg,0.7945346,below 0.85
1207,camera angle,1.0,C,C,1,1,single,False,False,image/ERFRUT0H.jpg,image/ERFRUT0H.jpg,0.8709652,0.85-0.90
1208,camera angle,1.0,D,D,1,1,single,False,False,image/NW1LNW0Q.jpg,image/NW1LNW0Q.jpg,0.9325921,0.90-0.95
1209,camera angle,1.0,B,B,1,1,single,False,False,image/90SR2FMS.jpg,image/90SR2FMS.jpg,0.88121873,0.85-0.90
1210,camera angle,0.0,C,A,1,2,combination,False,False,image/VB5LP6TX.jpg,image/VB5LP6TX.jpg,0.8828027,0.85-0.90
1211,camera angle,0.0,D,B,1,1,single,False,False,image/EZES6EZJ.jpg,image/EZES6EZJ.jpg,0.799717,below 0.85
1212,camera angle,1.0,A,A,1,1,single,False,False,image/3AAIKVR4.jpg,image/3AAIKVR4.jpg,0.7943906,below 0.85
1213,camera angle,1.0,A,A,1,1,single,False,False,image/CQFXKQTS.jpg,image/CQFXKQTS.jpg,0.9150776,0.90-0.95
1214,camera angle,0.0,A,B,1,1,single,False,False,image/U0LSDJU1.jpg,image/U0LSDJU1.jpg,0.89228326,0.85-0.90
1215,camera angle,1.0,A,A,1,1,single,False,False,image/MZW7LDSA.jpg,image/MZW7LDSA.jpg,0.8838386,0.85-0.90
1216,camera angle,1.0,D,D,1,1,single,False,False,image/S3WUIC8N.jpg,image/S3WUIC8N.jpg,0.91848516,0.90-0.95
1217,camera angle,1.0,B,B,1,1,single,False,False,image/1UCNHM65.jpg,image/1UCNHM65.jpg,0.90382475,0.90-0.95
1218,camera angle,0.0,A,D,1,1,single,False,False,image/RAWVYEIW.jpg,image/RAWVYEIW.jpg,0.9172688,0.90-0.95
1219,camera angle,1.0,C,C,1,1,single,False,False,image/CYDT72VN.jpg,image/CYDT72VN.jpg,0.8775497,0.85-0.90
1220,camera angle,0.0,C,D,1,1,single,False,False,image/B82K4BSW.jpg,image/B82K4BSW.jpg,0.88847613,0.85-0.90
1221,camera angle,1.0,D,D,1,1,single,False,False,image/0IUYYXLZ.jpg,image/0IUYYXLZ.jpg,0.87190986,0.85-0.90
1222,camera angle,1.0,D,D,1,1,single,False,False,image/SSKL5OP9.jpg,image/SSKL5OP9.jpg,0.8893119,0.85-0.90
1223,camera angle,1.0,C,C,1,1,single,False,False,image/B2HXAOW7.jpg,image/B2HXAOW7.jpg,0.9785099,0.95 and above
1224,camera angle,0.0,A,B,1,1,single,False,False,image/BSG5B90U.jpg,image/BSG5B90U.jpg,0.9264886,0.90-0.95
1225,camera angle,0.0,B,A,1,1,single,False,False,image/2MZ8J9O4.jpg,image/2MZ8J9O4.jpg,0.8064944,below 0.85
1226,camera angle,1.0,B,B,1,1,single,False,False,image/60UMD6LS.jpg,image/60UMD6LS.jpg,0.88606995,0.85-0.90
1227,camera angle,1.0,C,C,1,1,single,False,False,image/7WTUM5YS.jpg,image/7WTUM5YS.jpg,0.9029813,0.90-0.95
1228,camera angle,0.0,C,D,1,1,single,False,False,image/D4XIYUKH.jpg,image/D4XIYUKH.jpg,0.8609248,0.85-0.90
1229,camera angle,1.0,A,A,1,1,single,False,False,image/B2ZIY98C.jpg,image/B2ZIY98C.jpg,0.8226173,below 0.85
1230,camera angle,1.0,B,B,1,1,single,False,False,image/FA55H9BN.jpg,image/FA55H9BN.jpg,0.8978145,0.85-0.90
1231,camera angle,0.0,C,B,1,1,single,False,False,image/IZNVX1UW.jpg,image/IZNVX1UW.jpg,0.7988687,below 0.85
1232,camera angle,0.0,B,D,1,1,single,False,False,image/T2THSV44.jpg,image/T2THSV44.jpg,0.8608653,0.85-0.90
1233,camera angle,1.0,A,A,1,1,single,False,False,image/IOKVSTYD.jpg,image/IOKVSTYD.jpg,0.8348685,below 0.85
1234,camera angle,1.0,D,D,1,1,single,False,False,image/TPMJ7Z4G.jpg,image/TPMJ7Z4G.jpg,0.8292181,below 0.85
1235,camera angle,1.0,A,A,1,1,single,False,False,image/O2IZWKQX.jpg,image/O2IZWKQX.jpg,0.8596671,0.85-0.90
1236,camera angle,1.0,D,D,1,1,single,False,False,image/G2PKKOUB.jpg,image/G2PKKOUB.jpg,0.9203038,0.90-0.95
1237,camera angle,1.0,B,B,1,1,single,False,False,image/GIQR59GG.jpg,image/GIQR59GG.jpg,0.920556,0.90-0.95
1238,camera angle,1.0,A,A,1,1,single,False,False,image/5P90ET0O.jpg,image/5P90ET0O.jpg,0.80503887,below 0.85
1239,camera angle,1.0,D,D,1,1,single,False,False,image/R3SNLI9O.jpg,image/R3SNLI9O.jpg,0.8800473,0.85-0.90
1240,camera angle,1.0,D,D,1,1,single,False,False,image/GBRM3N96.jpg,image/GBRM3N96.jpg,0.8396016,below 0.85
1241,camera angle,0.0,A,B,1,2,combination,False,False,image/0CL3A7PO.jpg,image/0CL3A7PO.jpg,0.88622016,0.85-0.90
1242,camera angle,0.0,B,A,1,1,single,False,False,image/WASF2UAF.jpg,image/WASF2UAF.jpg,0.87270004,0.85-0.90
1243,camera angle,1.0,C,C,1,1,single,False,False,image/ZUAXJ5JD.jpg,image/ZUAXJ5JD.jpg,0.9052363,0.90-0.95
1244,camera angle,1.0,D,D,1,1,single,False,False,image/S9ZDOKEV.jpg,image/S9ZDOKEV.jpg,0.8633867,0.85-0.90
1245,camera angle,1.0,C,C,1,1,single,False,False,image/1N8PWTHS.png,image/1N8PWTHS.png,0.8187905,below 0.85
1246,camera angle,1.0,D,D,1,1,single,False,False,image/1VHT316Q.jpg,image/1VHT316Q.jpg,0.8062995,below 0.85
1247,camera angle,1.0,C,C,1,1,single,False,False,image/HL7VVITT.jpg,image/HL7VVITT.jpg,0.8903537,0.85-0.90
1248,camera angle,0.0,B,C,1,1,single,False,False,image/58IZ9FUM.jpg,image/58IZ9FUM.jpg,0.8987063,0.85-0.90
1249,camera angle,1.0,D,D,1,1,single,False,False,image/4JXMXN2B.jpg,image/4JXMXN2B.jpg,0.87877494,0.85-0.90
1250,camera angle,0.0,B,D,1,1,single,False,False,image/Q5A1AW8H.jpg,image/Q5A1AW8H.jpg,0.82847273,below 0.85
1251,camera angle,1.0,B,B,1,1,single,False,False,image/VIMFD4SM.jpg,image/VIMFD4SM.jpg,0.8821384,0.85-0.90
1252,camera angle,1.0,D,D,1,1,single,False,False,image/ZX8B41QU.jpg,image/ZX8B41QU.jpg,0.7382618,below 0.85
1253,camera angle,1.0,D,D,1,1,single,False,False,image/JHYSHZ4G.jpg,image/JHYSHZ4G.jpg,0.9019026,0.90-0.95
1254,camera angle,0.0,D,C,1,1,single,False,False,image/VY3W5SZS.jpg,image/VY3W5SZS.jpg,0.8044369,below 0.85
1255,camera angle,1.0,C,C,1,1,single,False,False,image/ZEABU46U.jpg,image/ZEABU46U.jpg,0.9182005,0.90-0.95
1256,camera angle,0.0,B,A,1,1,single,False,False,image/XB191SCH.jpg,image/XB191SCH.jpg,0.8956903,0.85-0.90
1257,camera angle,1.0,B,B,1,2,combination,False,False,image/8LRFD3ZY.jpg,image/8LRFD3ZY.jpg,0.9190454,0.90-0.95
1258,camera angle,0.0,C,B,1,1,single,False,False,image/7ULUCKHA.jpg,image/7ULUCKHA.jpg,0.87954783,0.85-0.90
1259,camera angle,0.0,A,D,1,2,combination,False,False,image/KNNCD1CB.jpg,image/KNNCD1CB.jpg,0.8442285,below 0.85
1260,camera angle,0.0,D,A,1,1,single,False,False,image/KNGNGIXQ.jpg,image/KNGNGIXQ.jpg,0.8380957,below 0.85
1261,camera angle,1.0,D,D,1,1,single,False,False,image/EBBSF244.jpg,image/EBBSF244.jpg,0.8881462,0.85-0.90
1262,camera angle,0.0,A,C,1,1,single,False,False,image/LGU1JR2L.jpg,image/LGU1JR2L.jpg,0.7937041,below 0.85
1263,camera angle,1.0,B,B,1,1,single,False,False,image/1KAYPFRF.jpg,image/1KAYPFRF.jpg,0.8562387,0.85-0.90
1264,camera angle,0.0,C,D,1,1,single,False,False,image/L5WTOO0H.jpg,image/L5WTOO0H.jpg,0.91782516,0.90-0.95
1265,camera angle,0.0,B,A,1,1,single,False,False,image/F3JJOS7V.jpg,image/F3JJOS7V.jpg,0.9897235,0.95 and above
1266,camera angle,0.0,A,C,1,1,single,False,False,image/30Z3Q01V.jpg,image/30Z3Q01V.jpg,0.8896924,0.85-0.90
1267,camera angle,0.0,A,D,1,2,combination,False,False,image/7XQCBVZK.jpg,image/7XQCBVZK.jpg,0.94872046,0.90-0.95
1268,camera angle,0.0,B,A,1,1,single,False,False,image/F5CT511J.jpg,image/F5CT511J.jpg,0.8789217,0.85-0.90
1269,camera angle,0.0,B,A,1,1,single,False,False,image/BCWL29E8.jpg,image/BCWL29E8.jpg,0.85153115,0.85-0.90
1270,camera angle,0.0,D,C,1,1,single,False,False,image/9SVEP0SV.jpg,image/9SVEP0SV.jpg,0.93250775,0.90-0.95
1271,camera angle,1.0,B,B,1,1,single,False,False,image/XI8ZCVIM.jpg,image/XI8ZCVIM.jpg,0.79752475,below 0.85
1272,camera angle,1.0,D,D,1,1,single,False,False,image/5LIJMS9Y.jpg,image/5LIJMS9Y.jpg,0.8892327,0.85-0.90
1273,camera angle,0.0,D,B,1,2,combination,False,False,image/WDYJNGLS.jpg,image/WDYJNGLS.jpg,0.84030384,below 0.85
1274,camera angle,0.0,B,D,1,1,single,False,False,image/G7KM8YZL.jpg,image/G7KM8YZL.jpg,0.8830257,0.85-0.90
1275,camera angle,0.0,D,C,1,1,single,False,False,image/A3X08S8C.jpg,image/A3X08S8C.jpg,0.88814497,0.85-0.90
1276,camera angle,0.0,B,A,1,1,single,False,False,image/TTK5AEVA.jpg,image/TTK5AEVA.jpg,0.90016973,0.90-0.95
1277,camera angle,1.0,D,D,1,1,single,False,False,image/9NNO9YQR.jpg,image/9NNO9YQR.jpg,0.8298991,below 0.85
1278,camera angle,0.0,C,D,1,1,single,False,False,image/MKU2XQ7W.jpg,image/MKU2XQ7W.jpg,0.85391855,0.85-0.90
1279,camera angle,0.0,B,A,1,1,single,False,False,image/VSOLPM0L.jpg,image/VSOLPM0L.jpg,0.90328604,0.90-0.95
1280,camera angle,0.0,A,B,1,1,single,False,False,image/45HS91BI.jpg,image/45HS91BI.jpg,0.83946544,below 0.85
1281,camera angle,1.0,D,D,1,1,single,False,False,image/3VIMKGLR.jpg,image/3VIMKGLR.jpg,0.8642957,0.85-0.90
1282,camera angle,1.0,A,A,1,3,combination,False,False,image/GAP8KCB4.jpg,image/GAP8KCB4.jpg,0.9671025,0.95 and above
1283,camera angle,1.0,D,D,1,1,single,False,False,image/K6T1C3XX.jpg,image/K6T1C3XX.jpg,0.9052048,0.90-0.95
1284,camera angle,1.0,D,D,1,1,single,False,False,image/NROZCO91.jpg,image/NROZCO91.jpg,0.8767876,0.85-0.90
1285,camera angle,1.0,A,A,1,1,single,False,False,image/3S6292OY.jpg,image/3S6292OY.jpg,0.827774,below 0.85
1286,camera angle,0.0,C,B,1,1,single,False,False,image/6GOTEQZP.jpg,image/6GOTEQZP.jpg,0.9179827,0.90-0.95
1287,camera angle,1.0,B,B,1,1,single,False,False,image/LHVFRVPE.jpg,image/LHVFRVPE.jpg,0.89593804,0.85-0.90
1288,camera angle,1.0,D,D,1,1,single,False,False,image/NDMWU5ZM.jpg,image/NDMWU5ZM.jpg,0.8918758,0.85-0.90
1289,camera angle,1.0,A,A,1,1,single,False,False,image/F5XWUIH1.jpg,image/F5XWUIH1.jpg,0.86663353,0.85-0.90
1290,camera angle,1.0,B,B,1,1,single,False,False,image/8H8W7M6T.jpg,image/8H8W7M6T.jpg,0.8464628,below 0.85
1291,camera angle,1.0,C,C,1,1,single,False,False,image/Y9F7I0W2.jpg,image/Y9F7I0W2.jpg,0.9237255,0.90-0.95
1292,camera angle,1.0,C,C,1,1,single,False,False,image/82OQEVA2.jpg,image/82OQEVA2.jpg,0.847206,below 0.85
1293,camera angle,0.0,B,C,1,1,single,False,False,image/R6SN4WHP.jpg,image/R6SN4WHP.jpg,0.95671767,0.95 and above
1294,camera angle,0.0,A,D,1,1,single,False,False,image/UNL5ACEK.jpg,image/UNL5ACEK.jpg,0.8931698,0.85-0.90
1295,camera angle,0.0,D,C,1,1,single,False,False,image/ZNYGB4SD.jpg,image/ZNYGB4SD.jpg,0.9118477,0.90-0.95
1296,camera angle,0.0,A,B,1,1,single,False,False,image/4NH3URZC.jpg,image/4NH3URZC.jpg,0.93002117,0.90-0.95
1297,camera angle,1.0,B,B,1,1,single,False,False,image/MOQ1FVOK.jpg,image/MOQ1FVOK.jpg,0.8580689,0.85-0.90
1298,camera angle,0.0,D,B,1,1,single,False,False,image/9SU40OA0.jpg,image/9SU40OA0.jpg,0.92834693,0.90-0.95
1299,camera angle,1.0,C,C,1,1,single,False,False,image/B0EDGRYA.jpg,image/B0EDGRYA.jpg,0.8563813,0.85-0.90
1300,camera angle,1.0,C,C,1,1,single,False,False,image/1UR6KDT1.jpg,image/1UR6KDT1.jpg,0.77008635,below 0.85
1301,camera angle,1.0,B,B,1,1,single,False,False,image/LHSDPXYU.jpg,image/LHSDPXYU.jpg,0.8217489,below 0.85
1302,camera angle,0.0,B,A,1,1,single,False,False,image/RTOJJVY7.jpg,image/RTOJJVY7.jpg,0.85094565,0.85-0.90
1303,camera angle,1.0,C,C,1,1,single,False,False,image/Q9ZUCY9J.jpg,image/Q9ZUCY9J.jpg,0.9577958,0.95 and above
1304,camera angle,1.0,D,D,1,1,single,False,False,image/O0SD8XX7.jpg,image/O0SD8XX7.jpg,0.9004034,0.90-0.95
1305,camera angle,0.0,D,C,1,1,single,False,False,image/M66IQXEN.jpg,image/M66IQXEN.jpg,0.92194396,0.90-0.95
1306,camera angle,0.0,B,A,1,2,combination,False,False,image/9WBZKY47.jpg,image/9WBZKY47.jpg,0.8749491,0.85-0.90
1307,camera angle,0.0,D,C,1,1,single,False,False,image/U1CGBW4L.jpg,image/U1CGBW4L.jpg,0.9261134,0.90-0.95
1308,camera angle,1.0,A,A,1,1,single,False,False,image/93UFA1TE.jpg,image/93UFA1TE.jpg,0.8770079,0.85-0.90
1309,camera angle,0.0,C,D,1,1,single,False,False,image/YEQRVRYY.jpg,image/YEQRVRYY.jpg,0.8376898,below 0.85
1310,camera angle,0.0,B,D,1,1,single,False,False,image/N0M0ETB3.jpg,image/N0M0ETB3.jpg,0.83504236,below 0.85
1311,camera angle,0.0,D,A,1,1,single,False,False,image/4L8FBZRU.jpg,image/4L8FBZRU.jpg,0.834157,below 0.85
1312,camera angle,0.0,D,A,1,1,single,False,False,image/DLHXLGHC.jpg,image/DLHXLGHC.jpg,0.88570774,0.85-0.90
1313,camera angle,1.0,A,A,1,1,single,False,False,image/MAH1G7UP.jpg,image/MAH1G7UP.jpg,0.7993117,below 0.85
1314,camera angle,0.0,A,B,1,1,single,False,False,image/VJZP5AR1.jpg,image/VJZP5AR1.jpg,0.8835313,0.85-0.90
1315,camera angle,1.0,C,C,1,1,single,False,False,image/88WOCHI9.jpg,image/88WOCHI9.jpg,0.8904285,0.85-0.90
1316,camera angle,0.0,B,C,1,1,single,False,False,image/SADBBMVE.jpg,image/SADBBMVE.jpg,0.90794873,0.90-0.95
1317,camera angle,0.0,D,C,1,1,single,False,False,image/FPRL62LN.jpg,image/FPRL62LN.jpg,0.8834895,0.85-0.90
1318,camera angle,0.0,B,C,1,1,single,False,False,image/50SMP5MH.jpg,image/50SMP5MH.jpg,0.8336504,below 0.85
1319,camera angle,0.0,C,B,1,1,single,False,False,image/BORG0X46.jpg,image/BORG0X46.jpg,0.9299164,0.90-0.95
1320,camera angle,0.0,B,D,1,1,single,False,False,image/YPNVWZD8.jpg,image/YPNVWZD8.jpg,0.80480886,below 0.85
1321,camera angle,0.0,D,C,1,1,single,False,False,image/ZXDCB37J.jpg,image/ZXDCB37J.jpg,0.8881751,0.85-0.90
1322,camera angle,0.0,C,D,1,1,single,False,False,image/5Z0Q5TIL.jpg,image/5Z0Q5TIL.jpg,0.85775197,0.85-0.90
1323,camera angle,0.0,B,A,1,2,combination,False,False,image/QRJR123K.jpg,image/QRJR123K.jpg,0.90045655,0.90-0.95
1324,camera angle,1.0,D,D,1,1,single,False,False,image/1KYW0AVO.jpg,image/1KYW0AVO.jpg,0.92342097,0.90-0.95
1325,camera angle,1.0,A,A,1,1,single,False,False,image/F5R5SF5D.jpg,image/F5R5SF5D.jpg,0.82660806,below 0.85
1326,camera angle,0.0,C,A,1,1,single,False,False,image/BXD8TX51.jpg,image/BXD8TX51.jpg,0.98384917,0.95 and above
1327,camera angle,0.0,B,C,1,1,single,False,False,image/QOR2IVX4.jpg,image/QOR2IVX4.jpg,0.88167286,0.85-0.90
1328,camera angle,0.0,A,C,1,1,single,False,False,image/EIMP4AH9.jpg,image/EIMP4AH9.jpg,0.8756743,0.85-0.90
1329,camera angle,0.0,D,C,1,1,single,False,False,image/IDIT4CVT.jpg,image/IDIT4CVT.jpg,0.8614763,0.85-0.90
1330,camera angle,0.0,A,D,1,1,single,False,False,image/4JQOXE90.jpg,image/4JQOXE90.jpg,0.8579846,0.85-0.90
1331,camera angle,0.0,D,A,1,1,single,False,False,image/EDLKEW63.jpg,image/EDLKEW63.jpg,0.8192793,below 0.85
1332,camera angle,0.0,D,B,1,1,single,False,False,image/I9SHXZDH.jpg,image/I9SHXZDH.jpg,0.86743456,0.85-0.90
1333,camera angle,0.0,C,B,1,1,single,False,False,image/70DLPN1G.jpg,image/70DLPN1G.jpg,0.914996,0.90-0.95
1334,camera angle,0.0,A,D,1,1,single,False,False,image/SPUHWIL6.jpg,image/SPUHWIL6.jpg,0.87352276,0.85-0.90
1335,camera angle,0.0,C,A,1,1,single,False,False,image/FGSVDS26.jpg,image/FGSVDS26.jpg,0.9287083,0.90-0.95
1336,camera angle,0.0,C,B,1,1,single,False,False,image/VZII92I0.jpg,image/VZII92I0.jpg,0.87005955,0.85-0.90
1337,camera angle,0.0,C,B,1,1,single,False,False,image/JV4J3TU0.jpg,image/JV4J3TU0.jpg,0.78145856,below 0.85
1338,camera angle,0.0,A,D,1,1,single,False,False,image/P9T4PCSD.jpg,image/P9T4PCSD.jpg,0.8994634,0.85-0.90
1339,camera angle,1.0,B,B,1,1,single,False,False,image/V932L83E.jpg,image/V932L83E.jpg,0.8488353,below 0.85
1340,camera angle,0.0,A,B,1,1,single,False,False,image/PSF7YZW4.jpg,image/PSF7YZW4.jpg,0.85731864,0.85-0.90
1341,camera angle,0.0,B,A,1,2,combination,False,False,image/KNY4HW3M.jpg,image/KNY4HW3M.jpg,0.9874501,0.95 and above
1342,camera angle,0.0,C,B,1,1,single,False,False,image/MMUS9Y9D.jpg,image/MMUS9Y9D.jpg,0.8771611,0.85-0.90
1343,camera angle,0.0,A,B,1,1,single,False,False,image/R9K07QPR.jpg,image/R9K07QPR.jpg,0.90344125,0.90-0.95
1344,camera angle,0.0,C,B,1,1,single,False,False,image/BC08G8A0.jpg,image/BC08G8A0.jpg,0.80950665,below 0.85
1345,camera angle,1.0,A,A,1,1,single,False,False,image/J08062OJ.jpg,image/J08062OJ.jpg,0.8648621,0.85-0.90
1346,camera angle,0.0,D,C,1,1,single,False,False,image/N8Q3RN2H.jpg,image/N8Q3RN2H.jpg,0.8928917,0.85-0.90
1347,camera angle,1.0,D,D,1,1,single,False,False,image/KERQTI8V.jpg,image/KERQTI8V.jpg,0.7962015,below 0.85
1348,camera angle,1.0,C,C,1,1,single,False,False,image/9NYXO3XR.jpg,image/9NYXO3XR.jpg,0.9065989,0.90-0.95
1349,camera angle,0.0,A,C,1,1,single,False,False,image/EVNC4JYH.jpg,image/EVNC4JYH.jpg,0.86413455,0.85-0.90
1350,camera angle,0.0,A,B,1,1,single,False,False,image/PA3AQYNV.jpg,image/PA3AQYNV.jpg,0.90580106,0.90-0.95
1351,camera angle,0.0,C,A,1,1,single,False,False,image/UV0HHETK.jpg,image/UV0HHETK.jpg,0.89243215,0.85-0.90
1352,camera angle,0.0,A,D,1,1,single,False,False,image/DD70L70F.jpg,image/DD70L70F.jpg,0.92925805,0.90-0.95
1353,camera angle,0.0,D,C,1,1,single,False,False,image/AJVI35RZ.jpg,image/AJVI35RZ.jpg,0.90821195,0.90-0.95
1354,camera angle,0.0,C,B,1,1,single,False,False,image/12O3FK71.jpg,image/12O3FK71.jpg,0.92309445,0.90-0.95
1355,camera angle,1.0,A,A,1,1,single,False,False,image/00G8U3VE.jpg,image/00G8U3VE.jpg,0.8800863,0.85-0.90
1356,camera angle,0.0,D,B,1,1,single,False,False,image/4XNY0R77.jpg,image/4XNY0R77.jpg,0.92897445,0.90-0.95
1357,camera angle,0.0,C,D,1,1,single,False,False,image/EIZ7FW23.jpg,image/EIZ7FW23.jpg,0.9302255,0.90-0.95
1358,camera angle,1.0,D,D,1,1,single,False,False,image/2C3NSHK2.jpg,image/2C3NSHK2.jpg,0.9199708,0.90-0.95
1359,camera angle,0.0,A,D,1,1,single,False,False,image/PIDZ7M2Q.jpg,image/PIDZ7M2Q.jpg,0.9114448,0.90-0.95
1360,camera angle,0.0,A,D,1,1,single,False,False,image/59HH2D5Z.jpg,image/59HH2D5Z.jpg,0.85674065,0.85-0.90
1361,camera angle,1.0,A,A,1,1,single,False,False,image/3R2YZ55P.jpg,image/3R2YZ55P.jpg,0.89554805,0.85-0.90
1362,camera angle,0.0,A,C,1,1,single,False,False,image/ZTM8O3SF.jpg,image/ZTM8O3SF.jpg,0.9036946,0.90-0.95
1363,camera angle,0.0,D,A,1,1,single,False,False,image/DEVL74O8.jpg,image/DEVL74O8.jpg,0.8646983,0.85-0.90
1364,camera angle,0.0,C,D,1,1,single,False,False,image/UTRFM3CO.jpg,image/UTRFM3CO.jpg,0.8466451,below 0.85
1365,camera angle,0.0,A,B,1,1,single,False,False,image/S46WAB8N.jpg,image/S46WAB8N.jpg,0.911615,0.90-0.95
1366,camera angle,0.0,B,A,1,1,single,False,False,image/9EEIDB26.jpg,image/9EEIDB26.jpg,0.8957929,0.85-0.90
1367,camera angle,1.0,A,A,1,1,single,False,False,image/KDIA5EYG.jpg,image/KDIA5EYG.jpg,0.84602696,below 0.85
1368,camera angle,0.0,D,B,1,1,single,False,False,image/3WLQ9LB6.jpg,image/3WLQ9LB6.jpg,0.9099013,0.90-0.95
1369,camera angle,0.0,D,B,1,1,single,False,False,image/ODCFKGGO.jpg,image/ODCFKGGO.jpg,0.9125048,0.90-0.95
1370,camera angle,0.0,C,B,1,1,single,False,False,image/PQXO5TBG.jpg,image/PQXO5TBG.jpg,0.8268334,below 0.85
1371,camera angle,0.0,B,D,1,1,single,False,False,image/9NPZSLFQ.jpg,image/9NPZSLFQ.jpg,0.8835805,0.85-0.90
1372,camera angle,1.0,C,C,1,1,single,False,False,image/WQQCV0XX.jpg,image/WQQCV0XX.jpg,0.8947993,0.85-0.90
1373,camera angle,0.0,C,D,1,1,single,False,False,image/PRZEPJN6.jpg,image/PRZEPJN6.jpg,0.88598394,0.85-0.90
1374,camera angle,0.0,A,D,1,1,single,False,False,image/ZOE0XA6A.jpg,image/ZOE0XA6A.jpg,0.8589701,0.85-0.90
1375,camera angle,0.0,D,A,1,1,single,False,False,image/F9GA27GJ.jpg,image/F9GA27GJ.jpg,0.91236484,0.90-0.95
1376,camera angle,0.0,B,C,1,1,single,False,False,image/L8UV4VUU.jpg,image/L8UV4VUU.jpg,0.9135504,0.90-0.95
1377,camera angle,1.0,A,A,1,1,single,False,False,image/B7ZCR7WL.jpg,image/B7ZCR7WL.jpg,0.9344389,0.90-0.95
1378,camera angle,0.0,B,C,1,1,single,False,False,image/B2LYNGZX.jpg,image/B2LYNGZX.jpg,0.8845669,0.85-0.90
1379,camera angle,0.0,D,A,1,1,single,False,False,image/AIOSM00W.jpg,image/AIOSM00W.jpg,0.87141573,0.85-0.90
1380,camera angle,1.0,B,B,1,1,single,False,False,image/C9ADALXJ.jpg,image/C9ADALXJ.jpg,0.89211076,0.85-0.90
1381,camera angle,0.0,C,A,1,1,single,False,False,image/LQAJ0DR7.jpg,image/LQAJ0DR7.jpg,0.9560658,0.95 and above
1382,camera angle,0.0,A,C,1,1,single,False,False,image/TYEHA3FW.jpg,image/TYEHA3FW.jpg,0.7585344,below 0.85
1383,camera angle,0.0,C,D,1,1,single,False,False,image/0IGW9T4F.jpg,image/0IGW9T4F.jpg,0.8697292,0.85-0.90
1384,camera angle,1.0,C,C,1,1,single,False,False,image/ID8ISMD0.jpg,image/ID8ISMD0.jpg,0.937153,0.90-0.95
1385,camera angle,1.0,B,B,1,1,single,False,False,image/8QEI0UT4.jpg,image/8QEI0UT4.jpg,0.8974897,0.85-0.90
1386,lens size,1.0,A,A,1,1,single,False,False,image/5ZZAZSA3.jpg,image/5ZZAZSA3.jpg,0.77543175,below 0.85
1387,lens size,1.0,A,A,1,1,single,False,False,image/6D3W4G7B.jpg,image/6D3W4G7B.jpg,0.89042133,0.85-0.90
1388,lens size,1.0,B,B,1,1,single,False,False,image/5IZ9LTXH.jpg,image/5IZ9LTXH.jpg,0.8767456,0.85-0.90
1389,lens size,0.0,A,C,1,1,single,False,False,image/4KTWFAOQ.jpg,image/4KTWFAOQ.jpg,0.8653808,0.85-0.90
1390,lens size,1.0,C,C,1,1,single,False,False,image/1OQ3MHJL.jpg,image/1OQ3MHJL.jpg,0.868014,0.85-0.90
1391,lens size,1.0,C,C,1,1,single,False,False,image/WHCO698H.jpg,image/WHCO698H.jpg,0.8427478,below 0.85
1392,lens size,0.0,D,C,1,1,single,False,False,image/XEM6JW7X.jpg,image/XEM6JW7X.jpg,0.91034025,0.90-0.95
1393,lens size,0.0,B,C,1,1,single,False,False,image/4EZ4Y353.jpg,image/4EZ4Y353.jpg,0.85050446,0.85-0.90
1394,lens size,0.0,D,C,1,1,single,False,False,image/477R9LOL.jpg,image/477R9LOL.jpg,0.85201985,0.85-0.90
1395,lens size,1.0,B,B,1,1,single,False,False,image/JPX0RBZO.jpg,image/JPX0RBZO.jpg,0.79118,below 0.85
1396,lens size,1.0,D,D,1,1,single,False,False,image/NK269AFB.jpg,image/NK269AFB.jpg,0.8882976,0.85-0.90
1397,lens size,1.0,A,A,1,1,single,False,False,image/CSYGJMZA.png,image/CSYGJMZA.png,0.83137417,below 0.85
1398,lens size,1.0,D,D,1,1,single,False,False,image/Y9DCLUY2.jpg,image/Y9DCLUY2.jpg,0.8492558,below 0.85
1399,lens size,1.0,B,B,1,1,single,False,False,image/XQLY4LQN.jpg,image/XQLY4LQN.jpg,0.81632185,below 0.85
1400,lens size,1.0,B,B,1,1,single,False,False,image/4RB8OCSO.jpg,image/4RB8OCSO.jpg,0.8263416,below 0.85
1401,lens size,1.0,B,B,1,1,single,False,False,image/4GJVVBY2.jpg,image/4GJVVBY2.jpg,0.9365693,0.90-0.95
1402,lens size,1.0,C,C,1,1,single,False,False,image/5QEN43NO.jpg,image/5QEN43NO.jpg,0.8976652,0.85-0.90
1403,lens size,1.0,B,B,1,1,single,False,False,image/URZQ5AV8.jpg,image/URZQ5AV8.jpg,0.8835776,0.85-0.90
1404,lens size,1.0,B,B,1,1,single,False,False,image/VK0L0OHD.jpg,image/VK0L0OHD.jpg,0.91441345,0.90-0.95
1405,lens size,1.0,C,C,1,1,single,False,False,image/QVSXRQ1E.jpg,image/QVSXRQ1E.jpg,0.90798926,0.90-0.95
1406,lens size,1.0,C,C,1,1,single,False,False,image/ZMQPTQLN.jpg,image/ZMQPTQLN.jpg,0.8930952,0.85-0.90
1407,lens size,1.0,A,A,1,1,single,False,False,image/AGZPCD1A.jpg,image/AGZPCD1A.jpg,0.9167923,0.90-0.95
1408,lens size,1.0,D,D,1,1,single,False,False,image/E02Q48HL.jpg,image/E02Q48HL.jpg,0.8260255,below 0.85
1409,lens size,1.0,A,A,1,1,single,False,False,image/DGRUMW7S.jpg,image/DGRUMW7S.jpg,0.88169235,0.85-0.90
1410,lens size,0.0,A,B,1,1,single,False,False,image/O0XE47BH.jpg,image/O0XE47BH.jpg,0.83631396,below 0.85
1411,lens size,0.0,B,D,1,1,single,False,False,image/56W2ZTT1.jpg,image/56W2ZTT1.jpg,0.8335383,below 0.85
1412,lens size,1.0,B,B,1,1,single,False,False,image/R93P49B2.jpg,image/R93P49B2.jpg,0.86685055,0.85-0.90
1413,lens size,0.0,D,A,1,1,single,False,False,image/Y8H9HSJE.jpg,image/Y8H9HSJE.jpg,0.928174,0.90-0.95
1414,lens size,1.0,D,D,1,1,single,False,False,image/K03YOZSE.jpg,image/K03YOZSE.jpg,0.83028996,below 0.85
1415,lens size,0.0,C,D,1,1,single,False,False,image/TEIJX0YO.jpg,image/TEIJX0YO.jpg,0.79557693,below 0.85
1416,lens size,0.0,C,A,1,1,single,False,False,image/B1A10FVM.jpg,image/B1A10FVM.jpg,0.898214,0.85-0.90
1417,lens size,0.0,D,A,1,1,single,False,False,image/3LWVBDXG.jpg,image/3LWVBDXG.jpg,0.8406721,below 0.85
1418,lens size,1.0,C,C,1,1,single,False,False,image/608DQQ5T.jpg,image/608DQQ5T.jpg,0.8371929,below 0.85
1419,lens size,0.0,A,C,1,1,single,False,False,image/999LKFJP.jpg,image/999LKFJP.jpg,0.9043013,0.90-0.95
1420,lens size,0.0,A,C,1,1,single,False,False,image/0H4DUR2U.jpg,image/0H4DUR2U.jpg,0.89710164,0.85-0.90
1421,lens size,1.0,C,C,1,1,single,False,False,image/8RXGG8B7.jpg,image/8RXGG8B7.jpg,0.8768983,0.85-0.90
1422,lens size,0.0,B,D,1,1,single,False,False,image/K2HPWW6V.jpg,image/K2HPWW6V.jpg,0.88583255,0.85-0.90
1423,lens size,1.0,A,A,1,1,single,False,False,image/I6K64Z6E.jpg,image/I6K64Z6E.jpg,0.9104021,0.90-0.95
1424,lens size,0.0,C,D,1,1,single,False,False,image/LHEDFIA0.jpg,image/LHEDFIA0.jpg,0.8608344,0.85-0.90
1425,lens size,1.0,D,D,1,1,single,False,False,image/Q2LKGNAD.JPG,image/Q2LKGNAD.JPG,0.909354,0.90-0.95
1426,lens size,0.0,C,A,1,1,single,False,False,image/V3KMUTC4.jpg,image/V3KMUTC4.jpg,0.8954842,0.85-0.90
1427,lens size,1.0,C,C,1,1,single,False,False,image/IAH04OL7.jpg,image/IAH04OL7.jpg,0.8995609,0.85-0.90
1428,lens size,1.0,A,A,1,1,single,False,False,image/1QIEDQDI.jpg,image/1QIEDQDI.jpg,0.8119761,below 0.85
1429,lens size,0.0,C,B,1,1,single,False,False,image/CIKNP43Q.jpg,image/CIKNP43Q.jpg,0.86250174,0.85-0.90
1430,lens size,1.0,C,C,1,1,single,False,False,image/58G3KZFK.jpg,image/58G3KZFK.jpg,0.8948438,0.85-0.90
1431,lens size,0.0,B,A,1,1,single,False,False,image/7QK6MUTM.jpg,image/7QK6MUTM.jpg,0.8869209,0.85-0.90
1432,lens size,1.0,B,B,1,2,combination,False,False,image/CQ7OL34U.jpg,image/CQ7OL34U.jpg,0.84997505,below 0.85
1433,lens size,0.0,B,C,1,1,single,False,False,image/XA74QUVY.jpg,image/XA74QUVY.jpg,0.9155528,0.90-0.95
1434,lens size,1.0,B,B,1,1,single,False,False,image/C7Q0K104.jpg,image/C7Q0K104.jpg,0.7844308,below 0.85
1435,lens size,1.0,D,D,1,1,single,False,False,image/1U2NISRZ.jpg,image/1U2NISRZ.jpg,0.8992963,0.85-0.90
1436,lens size,0.0,C,B,1,1,single,False,False,image/D1FBZX07.jpg,image/D1FBZX07.jpg,0.8688885,0.85-0.90
1437,lens size,1.0,C,C,1,1,single,False,False,image/HA59IR2A.jpg,image/HA59IR2A.jpg,0.9229898,0.90-0.95
1438,lens size,1.0,D,D,1,1,single,False,False,image/R3Y0CZBS.jpg,image/R3Y0CZBS.jpg,0.82618004,below 0.85
1439,lens size,0.0,B,C,1,1,single,False,False,image/54153TR9.jpg,image/54153TR9.jpg,0.9037419,0.90-0.95
1440,lens size,0.0,C,D,1,1,single,False,False,image/36SYLGJ5.jpg,image/36SYLGJ5.jpg,0.92070043,0.90-0.95
1441,lens size,1.0,C,C,1,1,single,False,False,image/PDJT9UD0.jpg,image/PDJT9UD0.jpg,0.9331791,0.90-0.95
1442,lens size,0.0,C,A,1,1,single,False,False,image/NRXJK2H9.jpg,image/NRXJK2H9.jpg,0.8136064,below 0.85
1443,lens size,0.0,C,D,1,1,single,False,False,image/5U3PQKTX.jpg,image/5U3PQKTX.jpg,0.84554136,below 0.85
1444,lens size,1.0,C,C,1,1,single,False,False,image/GNG3HBOW.jpg,image/GNG3HBOW.jpg,0.83832294,below 0.85
1445,lens size,0.0,A,C,1,1,single,False,False,image/2GLG50MI.jpg,image/2GLG50MI.jpg,0.8355671,below 0.85
1446,lens size,1.0,B,B,1,2,combination,False,False,image/XOS00KHO.jpg,image/XOS00KHO.jpg,0.8771587,0.85-0.90
1447,lens size,1.0,C,C,1,1,single,False,False,image/6NIJNJUJ.jpg,image/6NIJNJUJ.jpg,0.85337865,0.85-0.90
1448,lens size,1.0,D,D,1,1,single,False,False,image/L859PMDL.png,image/L859PMDL.png,0.8346751,below 0.85
1449,lens size,1.0,D,D,1,1,single,False,False,image/JZR4BWU7.jpg,image/JZR4BWU7.jpg,0.8975356,0.85-0.90
1450,lens size,0.0,A,C,1,1,single,False,False,image/H0L7QHZI.jpg,image/H0L7QHZI.jpg,0.7854944,below 0.85
1451,lens size,0.0,D,A,1,1,single,False,False,image/1Y1WZVMK.jpg,image/1Y1WZVMK.jpg,0.90582496,0.90-0.95
1452,lens size,1.0,B,B,1,1,single,False,False,image/7AH1020P.jpg,image/7AH1020P.jpg,0.8664569,0.85-0.90
1453,lens size,1.0,A,A,1,1,single,False,False,image/3WGASJLS.jpg,image/3WGASJLS.jpg,0.88028234,0.85-0.90
1454,lens size,1.0,B,B,1,1,single,False,False,image/WM2LGS6Z.jpg,image/WM2LGS6Z.jpg,0.88098735,0.85-0.90
1455,lens size,1.0,A,A,1,1,single,False,False,image/5MYQ89LX.jpg,image/5MYQ89LX.jpg,0.8216746,below 0.85
1456,lens size,0.0,C,D,1,1,single,False,False,image/KY9Q730X.jpg,image/KY9Q730X.jpg,0.87282014,0.85-0.90
1457,lens size,1.0,C,C,1,1,single,False,False,image/CGRFMOJR.jpg,image/CGRFMOJR.jpg,0.81864864,below 0.85
1458,lens size,1.0,D,D,1,1,single,False,False,image/E2Z11UIW.jpg,image/E2Z11UIW.jpg,0.8571404,0.85-0.90
1459,lens size,1.0,D,D,1,1,single,False,False,image/IU1VRZD3.jpg,image/IU1VRZD3.jpg,0.8165776,below 0.85
1460,lens size,1.0,A,A,1,1,single,False,False,image/LHLFY2S9.jpg,image/LHLFY2S9.jpg,0.8144687,below 0.85
1461,lens size,1.0,D,D,1,1,single,False,False,image/JFVP2WDD.jpg,image/JFVP2WDD.jpg,0.86872596,0.85-0.90
1462,lens size,0.0,C,A,1,1,single,False,False,image/MBWCMJGT.jpg,image/MBWCMJGT.jpg,0.8577405,0.85-0.90
1463,lens size,1.0,D,D,1,1,single,False,False,image/XIRJ092X.jpg,image/XIRJ092X.jpg,0.85811526,0.85-0.90
1464,lens size,0.0,B,C,1,1,single,False,False,image/1VTYWONK.jpg,image/1VTYWONK.jpg,0.92700905,0.90-0.95
1465,lens size,0.0,A,C,1,1,single,False,False,image/DSRIB35K.jpg,image/DSRIB35K.jpg,0.9245253,0.90-0.95
1466,lens size,1.0,C,C,1,1,single,False,False,image/QS4E47XT.jpg,image/QS4E47XT.jpg,0.8389239,below 0.85
1467,lens size,0.0,C,B,1,1,single,False,False,image/YNI6TAKC.jpg,image/YNI6TAKC.jpg,0.8617763,0.85-0.90
1468,lens size,1.0,D,D,1,1,single,False,False,image/8L9Z4C19.jpg,image/8L9Z4C19.jpg,0.85760874,0.85-0.90
1469,lens size,1.0,A,A,1,1,single,False,False,image/3ADWFDYO.jpg,image/3ADWFDYO.jpg,0.91302794,0.90-0.95
1470,lens size,0.0,A,C,1,1,single,False,False,image/2TCBBWMW.jpg,image/2TCBBWMW.jpg,0.9082225,0.90-0.95
1471,lens size,1.0,A,A,1,1,single,False,False,image/I6QCQYTZ.jpg,image/I6QCQYTZ.jpg,0.8418232,below 0.85
1472,lens size,1.0,D,D,1,1,single,False,False,image/LB0B9ORK.jpg,image/LB0B9ORK.jpg,0.8392468,below 0.85
1473,lens size,1.0,B,B,1,1,single,False,False,image/FAIYSYB4.jpg,image/FAIYSYB4.jpg,0.8219985,below 0.85
1474,lens size,1.0,D,D,1,1,single,False,False,image/61K6LS1I.jpg,image/61K6LS1I.jpg,0.89800173,0.85-0.90
1475,lens size,1.0,B,B,1,1,single,False,False,image/TKCM0302.jpg,image/TKCM0302.jpg,0.9154657,0.90-0.95
1476,lens size,0.0,B,D,1,1,single,False,False,image/B32YNN72.jpg,image/B32YNN72.jpg,0.85615885,0.85-0.90
1477,lens size,0.0,A,B,1,1,single,False,False,image/7R7AOI0T.jpg,image/7R7AOI0T.jpg,0.87443936,0.85-0.90
1478,lens size,1.0,B,B,1,2,combination,False,False,image/4WINOEV1.jpg,image/4WINOEV1.jpg,0.8703046,0.85-0.90
1479,lens size,0.0,A,D,1,1,single,False,False,image/W8LF9RL1.jpg,image/W8LF9RL1.jpg,0.87557715,0.85-0.90
1480,lens size,1.0,C,C,1,1,single,False,False,image/1W0SQ5NM.jpg,image/1W0SQ5NM.jpg,0.914412,0.90-0.95
1481,lens size,1.0,A,A,1,1,single,False,False,image/XZ7SH1VX.jpg,image/XZ7SH1VX.jpg,0.9441716,0.90-0.95
1482,lens size,1.0,B,B,1,1,single,False,False,image/7LAW31PJ.jpg,image/7LAW31PJ.jpg,0.91197234,0.90-0.95
1483,lens size,0.0,C,B,1,1,single,False,False,image/J1DBQ7M3.jpg,image/J1DBQ7M3.jpg,0.85958326,0.85-0.90
1484,lens size,1.0,A,A,1,1,single,False,False,image/YCFG3W4P.png,image/YCFG3W4P.png,0.830202,below 0.85
1485,lens size,1.0,B,B,1,1,single,False,False,image/YGV1WW8C.jpg,image/YGV1WW8C.jpg,0.8133951,below 0.85
1486,lens size,1.0,B,B,1,1,single,False,False,image/MNL50NMI.jpg,image/MNL50NMI.jpg,0.8852216,0.85-0.90
1487,lens size,1.0,A,A,1,1,single,False,False,image/I2322J7W.jpg,image/I2322J7W.jpg,0.8512705,0.85-0.90
1488,lens size,1.0,B,B,1,1,single,False,False,image/GKTV17SU.jpg,image/GKTV17SU.jpg,0.86398953,0.85-0.90
1489,lens size,1.0,D,D,1,1,single,False,False,image/8ERVF42H.jpg,image/8ERVF42H.jpg,0.8476142,below 0.85
1490,lens size,1.0,D,D,1,1,single,False,False,image/ZCXT8GML.jpg,image/ZCXT8GML.jpg,0.8977437,0.85-0.90
1491,lens size,1.0,B,B,1,1,single,False,False,image/48P35VLN.jpg,image/48P35VLN.jpg,0.90178823,0.90-0.95
1492,lens size,1.0,A,A,1,1,single,False,False,image/MURF261J.jpg,image/MURF261J.jpg,0.8892219,0.85-0.90
1493,lens size,1.0,D,D,1,1,single,False,False,image/FL627BL9.jpg,image/FL627BL9.jpg,0.86210394,0.85-0.90
1494,lens size,1.0,C,C,1,1,single,False,False,image/5OWEM2N4.jpg,image/5OWEM2N4.jpg,0.8409848,below 0.85
1495,lens size,1.0,C,C,1,1,single,False,False,image/4KI994WK.jpg,image/4KI994WK.jpg,0.8814588,0.85-0.90
1496,lens size,1.0,C,C,1,1,single,False,False,image/0Q5LAY1I.jpg,image/0Q5LAY1I.jpg,0.7956604,below 0.85
1497,lens size,1.0,D,D,1,1,single,False,False,image/3TMX0MJ1.jpg,image/3TMX0MJ1.jpg,0.84518474,below 0.85
1498,lens size,0.0,A,D,1,1,single,False,False,image/1ISR7BG9.jpg,image/1ISR7BG9.jpg,0.8230899,below 0.85
1499,lens size,1.0,A,A,1,1,single,False,False,image/GHIDJSBU.jpg,image/GHIDJSBU.jpg,0.81908065,below 0.85
1500,lens size,1.0,C,C,1,1,single,False,False,image/3DSFNIZ2.jpg,image/3DSFNIZ2.jpg,0.8843006,0.85-0.90
1501,lens size,1.0,D,D,1,1,single,False,False,image/WP9G9JLM.jpg,image/WP9G9JLM.jpg,0.8370062,below 0.85
1502,lens size,1.0,D,D,1,1,single,False,False,image/RNH3E4IJ.jpg,image/RNH3E4IJ.jpg,0.8714367,0.85-0.90
1503,lens size,1.0,D,D,1,1,single,False,False,image/VUP4VMPP.jpg,image/VUP4VMPP.jpg,0.8534828,0.85-0.90
1504,lens size,0.0,D,A,1,1,single,False,False,image/IEMARX1M.jpg,image/IEMARX1M.jpg,0.8327394,below 0.85
1505,lens size,1.0,A,A,1,1,single,False,False,image/OH0QYNKP.jpg,image/OH0QYNKP.jpg,0.8494476,below 0.85
1506,lens size,1.0,C,C,1,1,single,False,False,image/FPBEAK3U.jpg,image/FPBEAK3U.jpg,0.9123676,0.90-0.95
1507,lens size,1.0,D,D,1,1,single,False,False,image/9XFHP1SY.png,image/9XFHP1SY.png,0.8657162,0.85-0.90
1508,lens size,1.0,B,B,1,1,single,False,False,image/4N0KUVGM.jpg,image/4N0KUVGM.jpg,0.8741333,0.85-0.90
1509,lens size,0.0,B,A,1,1,single,False,False,image/0CCOVF1L.jpg,image/0CCOVF1L.jpg,0.9087355,0.90-0.95
1510,lens size,0.0,C,B,1,1,single,False,False,image/U1E3VBC3.jpg,image/U1E3VBC3.jpg,0.8588783,0.85-0.90
1511,lens size,1.0,A,A,1,1,single,False,False,image/N1MM18SV.png,image/N1MM18SV.png,0.86699396,0.85-0.90
1512,lens size,1.0,C,C,1,1,single,False,False,image/QYD13HJV.jpg,image/QYD13HJV.jpg,0.8939809,0.85-0.90
1513,lens size,1.0,C,C,1,1,single,False,False,image/DBRKPZE1.jpg,image/DBRKPZE1.jpg,0.87990105,0.85-0.90
1514,lens size,1.0,B,B,1,1,single,False,False,image/V4HIYE8N.jpg,image/V4HIYE8N.jpg,0.8269225,below 0.85
1515,lens size,1.0,C,C,1,1,single,False,False,image/I9437L08.jpg,image/I9437L08.jpg,0.85826015,0.85-0.90
1516,lens size,1.0,A,A,1,1,single,False,False,image/B6322W6U.jpg,image/B6322W6U.jpg,0.87026185,0.85-0.90
1517,lens size,1.0,D,D,1,2,combination,False,False,image/R79OR5KO.jpg,image/R79OR5KO.jpg,0.856355,0.85-0.90
1518,lens size,0.0,B,A,1,1,single,False,False,image/8MFRKBI9.jpg,image/8MFRKBI9.jpg,0.82969505,below 0.85
1519,lens size,1.0,B,B,1,1,single,False,False,image/AHZCCQ33.jpg,image/AHZCCQ33.jpg,0.8305782,below 0.85
1520,lens size,0.0,B,A,1,1,single,False,False,image/V7XZCIKA.jpg,image/V7XZCIKA.jpg,0.89353275,0.85-0.90
1521,lens size,1.0,B,B,1,1,single,False,False,image/QFF9YLRR.jpg,image/QFF9YLRR.jpg,0.8580825,0.85-0.90
1522,lens size,0.0,B,D,1,1,single,False,False,image/6Z5O8G29.jpg,image/6Z5O8G29.jpg,0.8994439,0.85-0.90
1523,lens size,1.0,B,B,1,1,single,False,False,image/E1ZVA6TH.jpg,image/E1ZVA6TH.jpg,0.8142651,below 0.85
1524,lens size,0.0,D,B,1,1,single,False,False,image/39VDOPCT.jpg,image/39VDOPCT.jpg,0.8554899,0.85-0.90
1525,lens size,1.0,C,C,1,1,single,False,False,image/NK03D0V4.jpg,image/NK03D0V4.jpg,0.82797724,below 0.85
1526,lens size,0.0,D,C,1,1,single,False,False,image/BSRRXOID.jpg,image/BSRRXOID.jpg,0.8575491,0.85-0.90
1527,lens size,0.0,D,A,1,1,single,False,False,image/S9HDBUOA.jpg,image/S9HDBUOA.jpg,0.84866506,below 0.85
1528,lens size,1.0,C,C,1,1,single,False,False,image/V6OCDU4E.jpg,image/V6OCDU4E.jpg,0.77011204,below 0.85
1529,lens size,1.0,C,C,1,1,single,False,False,image/UEXLUKR1.jpg,image/UEXLUKR1.jpg,0.859105,0.85-0.90
1530,lens size,0.0,D,C,1,1,single,False,False,image/9QX2VI74.jpg,image/9QX2VI74.jpg,0.8625812,0.85-0.90
1531,lens size,1.0,B,B,1,1,single,False,False,image/WWWO7ZOS.jpg,image/WWWO7ZOS.jpg,0.91485184,0.90-0.95
1532,lens size,0.0,C,A,1,1,single,False,False,image/DHLJ3RWM.jpg,image/DHLJ3RWM.jpg,0.88879126,0.85-0.90
1533,lens size,1.0,D,D,1,1,single,False,False,image/DBCEAKQT.jpg,image/DBCEAKQT.jpg,0.8004073,below 0.85
1534,lens size,1.0,A,A,1,1,single,False,False,image/4LRGE6RA.jpg,image/4LRGE6RA.jpg,0.8503961,0.85-0.90
1535,lens size,1.0,C,C,1,2,combination,False,False,image/G9QS1EGA.jpg,image/G9QS1EGA.jpg,0.8453194,below 0.85
1536,lens size,0.0,B,C,1,1,single,False,False,image/H2V9G3V2.jpg,image/H2V9G3V2.jpg,0.8750881,0.85-0.90
1537,lens size,1.0,C,C,1,1,single,False,False,image/I7IM910K.jpg,image/I7IM910K.jpg,0.8482192,below 0.85
1538,lens size,1.0,C,C,1,1,single,False,False,image/KU9CA65J.jpg,image/KU9CA65J.jpg,0.8941837,0.85-0.90
1539,lens size,1.0,C,C,1,1,single,False,False,image/DYYK5C5H.jpg,image/DYYK5C5H.jpg,0.85755765,0.85-0.90
1540,lens size,1.0,A,A,1,1,single,False,False,image/MW2HRBZD.jpg,image/MW2HRBZD.jpg,0.8584718,0.85-0.90
1541,lens size,1.0,C,C,1,1,single,False,False,image/02L6YRXE.jpg,image/02L6YRXE.jpg,0.884429,0.85-0.90
1542,lens size,1.0,B,B,1,1,single,False,False,image/K9J67HCA.jpg,image/K9J67HCA.jpg,0.83709353,below 0.85
1543,lens size,0.0,C,D,1,1,single,False,False,image/OUUC3LI3.jpg,image/OUUC3LI3.jpg,0.8895868,0.85-0.90
1544,lens size,1.0,D,D,1,1,single,False,False,image/1DBPJVWA.jpg,image/1DBPJVWA.jpg,0.8883836,0.85-0.90
1545,lens size,1.0,A,A,1,1,single,False,False,image/WBYGIZ5I.jpg,image/WBYGIZ5I.jpg,0.86824524,0.85-0.90
1546,lens size,0.0,A,C,1,1,single,False,False,image/ZN1S496R.jpg,image/ZN1S496R.jpg,0.79623014,below 0.85
1547,lens size,1.0,A,A,1,1,single,False,False,image/OG0TW2U2.jpg,image/OG0TW2U2.jpg,0.85490483,0.85-0.90
1548,lens size,1.0,A,A,1,1,single,False,False,image/P65IX18L.jpg,image/P65IX18L.jpg,0.90172565,0.90-0.95
1549,lens size,0.0,C,D,1,2,combination,False,False,image/W6T8NZP4.jpg,image/W6T8NZP4.jpg,0.81215185,below 0.85
1550,lens size,0.0,D,A,1,1,single,False,False,image/FX9MFMH6.jpg,image/FX9MFMH6.jpg,0.8382396,below 0.85
1551,lens size,0.0,A,B,1,1,single,False,False,image/HX6DZUPZ.png,image/HX6DZUPZ.png,0.7918382,below 0.85
1552,lens size,1.0,B,B,1,1,single,False,False,image/51V4BXR6.jpg,image/51V4BXR6.jpg,0.89962053,0.85-0.90
1553,lens size,0.0,D,B,1,1,single,False,False,image/P22AXPHH.jpg,image/P22AXPHH.jpg,0.8763662,0.85-0.90
1554,lens size,1.0,D,D,1,1,single,False,False,image/JBI164BK.jpg,image/JBI164BK.jpg,0.886874,0.85-0.90
1555,lens size,1.0,A,A,1,1,single,False,False,image/YXWQU5DM.jpg,image/YXWQU5DM.jpg,0.8429499,below 0.85
1556,lens size,0.0,A,B,1,1,single,False,False,image/ZXUNSKMO.jpg,image/ZXUNSKMO.jpg,0.85134757,0.85-0.90
1557,lens size,1.0,A,A,1,1,single,False,False,image/5ENTL5HB.jpg,image/5ENTL5HB.jpg,0.82720864,below 0.85
1558,lens size,1.0,A,A,1,1,single,False,False,image/4NIZ4UIG.jpg,image/4NIZ4UIG.jpg,0.8684899,0.85-0.90
1559,lens size,1.0,C,C,1,1,single,False,False,image/N3ONXB9E.jpg,image/N3ONXB9E.jpg,0.8087084,below 0.85
1560,lens size,1.0,A,A,1,1,single,False,False,image/1XX7PAC5.jpg,image/1XX7PAC5.jpg,0.93703103,0.90-0.95
1561,lens size,1.0,D,D,1,2,combination,False,False,image/VV63GSP7.jpg,image/VV63GSP7.jpg,0.8538416,0.85-0.90
1562,lens size,1.0,C,C,1,1,single,False,False,image/I379XWXI.jpg,image/I379XWXI.jpg,0.7861954,below 0.85
1563,lens size,0.0,A,D,1,1,single,False,False,image/1IY4SZ31.jpg,image/1IY4SZ31.jpg,0.8195016,below 0.85
1564,lens size,0.0,C,B,1,1,single,False,False,image/7W1T9EO9.jpg,image/7W1T9EO9.jpg,0.91055816,0.90-0.95
1565,lens size,1.0,A,A,1,1,single,False,False,image/XNHZ7YUD.jpg,image/XNHZ7YUD.jpg,0.7944706,below 0.85
1566,lens size,0.0,C,D,1,1,single,False,False,image/6O369PXQ.jpg,image/6O369PXQ.jpg,0.8884336,0.85-0.90
1567,lens size,0.0,B,D,1,1,single,False,False,image/LNQRGFAI.jpg,image/LNQRGFAI.jpg,0.8751165,0.85-0.90
1568,lens size,1.0,B,B,1,1,single,False,False,image/I78COJHW.JPG,image/I78COJHW.JPG,0.86724854,0.85-0.90
1569,lens size,0.0,D,C,1,1,single,False,False,image/X0LOQK6R.jpg,image/X0LOQK6R.jpg,0.8367538,below 0.85
1570,lens size,1.0,A,A,1,1,single,False,False,image/B9IVFT4W.jpg,image/B9IVFT4W.jpg,0.87411946,0.85-0.90
1571,lens size,1.0,C,C,1,1,single,False,False,image/Z2QENP2C.jpg,image/Z2QENP2C.jpg,0.88820136,0.85-0.90
1572,lens size,1.0,D,D,1,1,single,False,False,image/VICFF6JY.png,image/VICFF6JY.png,0.85656494,0.85-0.90
1573,lens size,0.0,B,C,1,1,single,False,False,image/VQNL5T6Y.png,image/VQNL5T6Y.png,0.73067415,below 0.85
1574,lens size,1.0,C,C,1,1,single,False,False,image/QAY2YME6.jpg,image/QAY2YME6.jpg,0.83741575,below 0.85
1575,lens size,1.0,B,B,1,2,combination,False,False,image/AYTI90DQ.jpg,image/AYTI90DQ.jpg,0.8746527,0.85-0.90
1576,lens size,0.0,B,A,1,1,single,False,False,image/YI1Z2DRH.jpg,image/YI1Z2DRH.jpg,0.85325307,0.85-0.90
1577,lens size,0.0,A,C,1,1,single,False,False,image/WXECIV71.jpg,image/WXECIV71.jpg,0.7696801,below 0.85
1578,lens size,1.0,A,A,1,1,single,False,False,image/FWSEBZEE.jpg,image/FWSEBZEE.jpg,0.8897134,0.85-0.90
1579,lens size,1.0,D,D,1,1,single,False,False,image/8CHFB4CT.jpg,image/8CHFB4CT.jpg,0.8973551,0.85-0.90
1580,lens size,1.0,D,D,1,1,single,False,False,image/SD9DDS42.jpg,image/SD9DDS42.jpg,0.8456293,below 0.85
1581,lens size,1.0,B,B,1,2,combination,False,False,image/76XOS14Q.jpg,image/76XOS14Q.jpg,0.8976636,0.85-0.90
1582,lens size,1.0,D,D,1,2,combination,False,False,image/QIO9RXB1.jpg,image/QIO9RXB1.jpg,0.89457184,0.85-0.90
1583,lens size,1.0,D,D,1,1,single,False,False,image/HQ8Z4YC4.jpg,image/HQ8Z4YC4.jpg,0.8622209,0.85-0.90
1584,lens size,1.0,D,D,1,1,single,False,False,image/IZNOSRJ6.jpg,image/IZNOSRJ6.jpg,0.88725483,0.85-0.90
1585,lens size,0.0,D,C,1,1,single,False,False,image/EZKUG2T5.jpg,image/EZKUG2T5.jpg,0.7756729,below 0.85
1586,lens size,1.0,B,B,1,1,single,False,False,image/FJ34KV38.jpg,image/FJ34KV38.jpg,0.81811583,below 0.85
1587,lens size,1.0,C,C,1,1,single,False,False,image/FEJTXMTU.jpg,image/FEJTXMTU.jpg,0.8666254,0.85-0.90
1588,lens size,1.0,A,A,1,1,single,False,False,image/A2ZOWYAY.jpg,image/A2ZOWYAY.jpg,0.9104168,0.90-0.95
1589,lens size,1.0,D,D,1,1,single,False,False,image/ABIZ54CC.jpg,image/ABIZ54CC.jpg,0.8206288,below 0.85
1590,lens size,1.0,A,A,1,1,single,False,False,image/W9XOP6M6.jpg,image/W9XOP6M6.jpg,0.94276327,0.90-0.95
1591,lens size,0.0,C,B,1,1,single,False,False,image/UMNFDXDD.jpg,image/UMNFDXDD.jpg,0.8649691,0.85-0.90
1592,lens size,0.0,C,A,1,1,single,False,False,image/BIG0A3GA.jpg,image/BIG0A3GA.jpg,0.9058478,0.90-0.95
1593,lens size,0.0,D,B,1,1,single,False,False,image/36DRLEP3.jpg,image/36DRLEP3.jpg,0.8275803,below 0.85
1594,lens size,1.0,B,B,1,1,single,False,False,image/2QJIPAUK.jpg,image/2QJIPAUK.jpg,0.83938885,below 0.85
1595,lens size,1.0,A,A,1,1,single,False,False,image/GXMVUAQ1.jpg,image/GXMVUAQ1.jpg,0.8633613,0.85-0.90
1596,lens size,1.0,A,A,1,1,single,False,False,image/TOQHLRKX.jpg,image/TOQHLRKX.jpg,0.86741936,0.85-0.90
1597,lens size,1.0,C,C,1,1,single,False,False,image/PR53XU85.jpg,image/PR53XU85.jpg,0.92789316,0.90-0.95
1598,lens size,1.0,A,A,1,1,single,False,False,image/EAOYLHL8.jpg,image/EAOYLHL8.jpg,0.9085389,0.90-0.95
1599,lens size,0.0,B,A,1,1,single,False,False,image/8JFVPGA1.jpg,image/8JFVPGA1.jpg,0.8687,0.85-0.90
1600,lens size,1.0,A,A,1,1,single,False,False,image/946XKUIN.jpg,image/946XKUIN.jpg,0.8711347,0.85-0.90
1601,lens size,0.0,D,B,1,1,single,False,False,image/30W9W7F0.jpg,image/30W9W7F0.jpg,0.892567,0.85-0.90
1602,lens size,0.0,B,A,1,1,single,False,False,image/L0QET9WZ.jpg,image/L0QET9WZ.jpg,0.90489644,0.90-0.95
1603,lens size,1.0,B,B,1,1,single,False,False,image/0CVM8DYB.jpg,image/0CVM8DYB.jpg,0.864548,0.85-0.90
1604,lens size,1.0,B,B,1,1,single,False,False,image/A5O7RTZJ.jpg,image/A5O7RTZJ.jpg,0.8180545,below 0.85
1605,lens size,1.0,D,D,1,1,single,False,False,image/9MXLYAON.jpg,image/9MXLYAON.jpg,0.8745366,0.85-0.90
1606,lens size,0.0,A,B,1,1,single,False,False,image/UNL5ACEK.jpg,image/UNL5ACEK.jpg,0.8931698,0.85-0.90
1607,lens size,1.0,D,D,1,1,single,False,False,image/CFBUCD0N.jpg,image/CFBUCD0N.jpg,0.85048467,0.85-0.90
1608,lens size,1.0,C,C,1,1,single,False,False,image/V2THJLBE.jpg,image/V2THJLBE.jpg,0.8864473,0.85-0.90
1609,lens size,1.0,B,B,1,1,single,False,False,image/YH65P7EM.jpg,image/YH65P7EM.jpg,0.8900083,0.85-0.90
1610,lens size,0.0,B,D,1,1,single,False,False,image/AP3L8O54.jpg,image/AP3L8O54.jpg,0.982749,0.95 and above
1611,lens size,1.0,A,A,1,1,single,False,False,image/HP7ACRW8.jpg,image/HP7ACRW8.jpg,0.89245003,0.85-0.90
1612,lens size,0.0,D,C,1,1,single,False,False,image/58MS8CD3.jpg,image/58MS8CD3.jpg,0.9303786,0.90-0.95
1613,lens size,1.0,C,C,1,1,single,False,False,image/VMWB4Q69.jpg,image/VMWB4Q69.jpg,0.83195865,below 0.85
1614,lens size,0.0,D,B,1,1,single,False,False,image/A7JX0UGC.jpg,image/A7JX0UGC.jpg,0.7906154,below 0.85
1615,lens size,1.0,C,C,1,1,single,False,False,image/0FS3WN9L.jpg,image/0FS3WN9L.jpg,0.8467612,below 0.85
1616,lens size,1.0,A,A,1,1,single,False,False,image/SD4RZCAC.jpg,image/SD4RZCAC.jpg,0.8624613,0.85-0.90
1617,lens size,0.0,B,A,1,1,single,False,False,image/OGA8R6GI.jpg,image/OGA8R6GI.jpg,0.8414164,below 0.85
1618,lens size,1.0,C,C,1,2,combination,False,False,image/HXXW6M9Z.jpg,image/HXXW6M9Z.jpg,0.9070252,0.90-0.95
1619,lens size,1.0,D,D,1,1,single,False,False,image/DWFZTVOG.jpg,image/DWFZTVOG.jpg,0.8861171,0.85-0.90
1620,lens size,0.0,B,C,1,1,single,False,False,image/NWXSMW6P.jpg,image/NWXSMW6P.jpg,0.8690707,0.85-0.90
1621,lens size,0.0,C,B,1,1,single,False,False,image/HWU6Y6KR.jpg,image/HWU6Y6KR.jpg,0.905675,0.90-0.95
1622,lens size,0.0,C,A,1,1,single,False,False,image/8VJXX7IG.jpg,image/8VJXX7IG.jpg,0.86503774,0.85-0.90
1623,lens size,0.0,C,D,1,1,single,False,False,image/ZFQV9R7W.jpg,image/ZFQV9R7W.jpg,0.84221447,below 0.85
1624,lens size,1.0,A,A,1,1,single,False,False,image/7AQ2JPVH.jpg,image/7AQ2JPVH.jpg,0.8569938,0.85-0.90
1625,lens size,1.0,D,D,1,1,single,False,False,image/VDSBBG29.jpg,image/VDSBBG29.jpg,0.82233685,below 0.85
1626,lens size,0.0,D,C,1,1,single,False,False,image/1BXM0SUV.jpg,image/1BXM0SUV.jpg,0.8223162,below 0.85
1627,lens size,1.0,B,B,1,1,single,False,False,image/SWX3YAG0.jpg,image/SWX3YAG0.jpg,0.868159,0.85-0.90
1628,lens size,0.0,B,D,1,1,single,False,False,image/KCXN95TO.jpg,image/KCXN95TO.jpg,0.8642214,0.85-0.90
1629,lens size,0.0,B,D,1,1,single,False,False,image/DVSC0GCY.jpg,image/DVSC0GCY.jpg,0.82970256,below 0.85
1630,lens size,1.0,D,D,1,1,single,False,False,image/YTHT32KM.jpg,image/YTHT32KM.jpg,0.8575368,0.85-0.90
1631,lens size,0.0,B,D,1,1,single,False,False,image/F4EHK9XT.jpg,image/F4EHK9XT.jpg,0.89980155,0.85-0.90
1632,lens size,1.0,D,D,1,1,single,False,False,image/DXPJHB5B.jpg,image/DXPJHB5B.jpg,0.9179528,0.90-0.95
1633,lens size,1.0,C,C,1,1,single,False,False,image/GQ9OD4NZ.jpg,image/GQ9OD4NZ.jpg,0.9027818,0.90-0.95
1634,lens size,1.0,B,B,1,1,single,False,False,image/S5F249IB.jpg,image/S5F249IB.jpg,0.85894954,0.85-0.90
1635,lens size,0.0,A,D,1,1,single,False,False,image/2BBNBY7Z.jpg,image/2BBNBY7Z.jpg,0.880085,0.85-0.90
1636,lens size,1.0,C,C,1,1,single,False,False,image/F170BQM3.jpg,image/F170BQM3.jpg,0.8380123,below 0.85
1637,lens size,0.0,D,C,1,1,single,False,False,image/RHRJINM2.jpg,image/RHRJINM2.jpg,0.84683675,below 0.85
1638,lens size,0.0,A,D,1,1,single,False,False,image/IGF2HNJA.jpeg,image/IGF2HNJA.jpeg,0.8325358,below 0.85
1639,lens size,1.0,C,C,1,1,single,False,False,image/VNGOIVYE.jpg,image/VNGOIVYE.jpg,0.8298558,below 0.85
1640,lens size,1.0,D,D,1,1,single,False,False,image/SLYKUFGG.jpg,image/SLYKUFGG.jpg,0.85965157,0.85-0.90
1641,lens size,1.0,B,B,1,1,single,False,False,image/D7RSMI7L.jpg,image/D7RSMI7L.jpg,0.8663905,0.85-0.90
1642,lens size,1.0,D,D,1,1,single,False,False,image/1W1I9CLG.jpg,image/1W1I9CLG.jpg,0.8498091,below 0.85
1643,lens size,1.0,B,B,1,1,single,False,False,image/DH41UD56.jpg,image/DH41UD56.jpg,0.8745682,0.85-0.90
1644,lens size,0.0,B,A,1,1,single,False,False,image/H6BFPFO0.jpg,image/H6BFPFO0.jpg,0.8610567,0.85-0.90
1645,lens size,1.0,C,C,1,1,single,False,False,image/YJ04PBON.jpg,image/YJ04PBON.jpg,0.8979636,0.85-0.90
1646,lens size,1.0,C,C,1,1,single,False,False,image/8EEB9HPD.jpg,image/8EEB9HPD.jpg,0.8429811,below 0.85
1647,lens size,0.0,C,D,1,1,single,False,False,image/IPMSBK7Z.jpg,image/IPMSBK7Z.jpg,0.9130373,0.90-0.95
1648,lens size,1.0,C,C,1,1,single,False,False,image/ZQ1O9U22.jpg,image/ZQ1O9U22.jpg,0.8417883,below 0.85
1649,lens size,1.0,B,B,1,1,single,False,False,image/SID370DD.jpg,image/SID370DD.jpg,0.8424836,below 0.85
1650,lens size,1.0,B,B,1,1,single,False,False,image/4DXSM99C.jpg,image/4DXSM99C.jpg,0.8673786,0.85-0.90
1651,lens size,1.0,A,A,1,1,single,False,False,image/RCUYW8DH.jpg,image/RCUYW8DH.jpg,0.89650816,0.85-0.90
1652,lens size,0.0,B,D,1,1,single,False,False,image/D4GGGMQ8.jpg,image/D4GGGMQ8.jpg,0.87360466,0.85-0.90
1653,lens size,0.0,D,C,1,1,single,False,False,image/IQHU6DCV.jpg,image/IQHU6DCV.jpg,0.88489103,0.85-0.90
1654,lens size,1.0,D,D,1,1,single,False,False,image/N19I1XPC.jpg,image/N19I1XPC.jpg,0.9649905,0.95 and above
1655,lens size,1.0,B,B,1,1,single,False,False,image/F7VOSH4B.jpg,image/F7VOSH4B.jpg,0.89704347,0.85-0.90
1656,lens size,1.0,A,A,1,1,single,False,False,image/2H5PDG4X.jpg,image/2H5PDG4X.jpg,0.92306817,0.90-0.95
1657,lens size,0.0,A,B,1,1,single,False,False,image/IBCWSAJG.jpg,image/IBCWSAJG.jpg,0.8411494,below 0.85
1658,lens size,1.0,A,A,1,1,single,False,False,image/K0HDLGMZ.jpg,image/K0HDLGMZ.jpg,0.8881011,0.85-0.90
1659,lens size,1.0,B,B,1,1,single,False,False,image/77MF86IG.jpg,image/77MF86IG.jpg,0.8464323,below 0.85
1660,lens size,0.0,C,A,1,1,single,False,False,image/APCZQ6ZN.jpg,image/APCZQ6ZN.jpg,0.8975152,0.85-0.90
1661,lens size,1.0,A,A,1,1,single,False,False,image/A85WCHGB.jpg,image/A85WCHGB.jpg,0.90981966,0.90-0.95
1662,lens size,0.0,B,D,1,1,single,False,False,image/ET9KMF7Q.jpg,image/ET9KMF7Q.jpg,0.853353,0.85-0.90
1663,lens size,1.0,C,C,1,1,single,False,False,image/2QU5PMRK.jpg,image/2QU5PMRK.jpg,0.77389276,below 0.85
1664,lens size,1.0,A,A,1,1,single,False,False,image/RG2W6SLH.jpg,image/RG2W6SLH.jpg,0.88350284,0.85-0.90
1665,lens size,0.0,A,C,1,1,single,False,False,image/0OPNYGTZ.jpg,image/0OPNYGTZ.jpg,0.7399469,below 0.85
1666,lens size,0.0,D,C,1,1,single,False,False,image/767QEHJM.jpg,image/767QEHJM.jpg,0.8339457,below 0.85
1667,lens size,1.0,A,A,1,1,single,False,False,image/Y5UR9BYC.jpg,image/Y5UR9BYC.jpg,0.831355,below 0.85
1668,lens size,1.0,D,D,1,1,single,False,False,image/TY53MUBQ.jpg,image/TY53MUBQ.jpg,0.86062413,0.85-0.90
1669,lens size,1.0,A,A,1,1,single,False,False,image/OF49OCGF.jpg,image/OF49OCGF.jpg,0.8433969,below 0.85
1670,lens size,0.0,A,C,1,1,single,False,False,image/YQP6TP16.jpg,image/YQP6TP16.jpg,0.77008575,below 0.85
1671,lens size,1.0,D,D,1,1,single,False,False,image/RE3VZB53.jpg,image/RE3VZB53.jpg,0.86729646,0.85-0.90
1672,lens size,0.0,A,C,1,1,single,False,False,image/XRIT5T57.png,image/XRIT5T57.png,0.8530973,0.85-0.90
1673,lens size,1.0,B,B,1,1,single,False,False,image/3PGJR7RX.jpg,image/3PGJR7RX.jpg,0.9167982,0.90-0.95
1674,lens size,1.0,C,C,1,1,single,False,False,image/YFZM159B.jpg,image/YFZM159B.jpg,0.83149683,below 0.85
1675,lens size,1.0,B,B,1,1,single,False,False,image/YWH61FJD.jpg,image/YWH61FJD.jpg,0.83713686,below 0.85
1676,lens size,1.0,A,A,1,1,single,False,False,image/CR2K2Y89.jpg,image/CR2K2Y89.jpg,0.8660039,0.85-0.90
1677,lens size,0.0,D,C,1,1,single,False,False,image/H31AXENT.jpg,image/H31AXENT.jpg,0.84813935,below 0.85
1678,lens size,0.0,B,A,1,1,single,False,False,image/OU7AS3DU.jpg,image/OU7AS3DU.jpg,0.91691566,0.90-0.95
1679,lens size,1.0,C,C,1,1,single,False,False,image/PUH4Y4JV.jpg,image/PUH4Y4JV.jpg,0.9163042,0.90-0.95
1680,lens size,1.0,A,A,1,1,single,False,False,image/DIP60EJN.jpg,image/DIP60EJN.jpg,0.8761187,0.85-0.90
1681,lens size,0.0,B,C,1,1,single,False,False,image/S7MLFHSS.jpg,image/S7MLFHSS.jpg,0.81641763,below 0.85
1682,lens size,0.0,A,C,1,1,single,False,False,image/XHL442WW.jpg,image/XHL442WW.jpg,0.9270547,0.90-0.95
1683,lens size,0.0,B,A,1,1,single,False,False,image/J3VTRL40.jpg,image/J3VTRL40.jpg,0.9090041,0.90-0.95
1684,lens size,0.0,B,D,1,1,single,False,False,image/KCNHO04Q.jpg,image/KCNHO04Q.jpg,0.8459523,below 0.85
1685,lens size,1.0,A,A,1,1,single,False,False,image/CFH1C5Q3.jpg,image/CFH1C5Q3.jpg,0.88356227,0.85-0.90
1686,lens size,1.0,B,B,1,1,single,False,False,image/N1HQLQ2J.jpg,image/N1HQLQ2J.jpg,0.86597914,0.85-0.90
1687,lens size,1.0,B,B,1,1,single,False,False,image/E4OCKA8D.jpg,image/E4OCKA8D.jpg,0.8801798,0.85-0.90
1688,lens size,1.0,B,B,1,1,single,False,False,image/RDQWASME.jpg,image/RDQWASME.jpg,0.9185916,0.90-0.95
1689,lens size,0.0,D,A,1,1,single,False,False,image/OVEBL1BG.jpg,image/OVEBL1BG.jpg,0.88779503,0.85-0.90
1690,lens size,1.0,C,C,1,1,single,False,False,image/XZN8XA78.jpg,image/XZN8XA78.jpg,0.9317735,0.90-0.95
1691,lens size,0.0,D,B,1,1,single,False,False,image/ME8NZAJA.jpg,image/ME8NZAJA.jpg,0.80230224,below 0.85
1692,lens size,1.0,A,A,1,1,single,False,False,image/OLIK1LJU.jpg,image/OLIK1LJU.jpg,0.89326555,0.85-0.90
1693,lens size,0.0,A,C,1,1,single,False,False,image/98DOP1TZ.jpg,image/98DOP1TZ.jpg,0.89057934,0.85-0.90
1694,lens size,1.0,B,B,1,1,single,False,False,image/D9UZN2ZB.jpg,image/D9UZN2ZB.jpg,0.9219713,0.90-0.95
1695,lens size,1.0,B,B,1,1,single,False,False,image/11KJDR2F.jpg,image/11KJDR2F.jpg,0.8488944,below 0.85
1696,lens size,0.0,B,A,1,1,single,False,False,image/TLAV2IYQ.jpg,image/TLAV2IYQ.jpg,0.8549085,0.85-0.90
1697,lens size,0.0,B,D,1,1,single,False,False,image/ZOG97UZU.jpg,image/ZOG97UZU.jpg,0.8389894,below 0.85
1698,lens size,1.0,C,C,1,1,single,False,False,image/FST328GG.jpg,image/FST328GG.jpg,0.8877578,0.85-0.90
1699,lens size,1.0,B,B,1,1,single,False,False,image/H13K14R1.jpg,image/H13K14R1.jpg,0.9336104,0.90-0.95
1700,lens size,1.0,B,B,1,1,single,False,False,image/PPI5V2NW.jpg,image/PPI5V2NW.jpg,0.83471024,below 0.85
1701,lens size,1.0,D,D,1,1,single,False,False,image/KNQXML8R.jpg,image/KNQXML8R.jpg,0.6679812,below 0.85
1702,lens size,1.0,C,C,1,1,single,False,False,image/XDZ7BMUI.jpg,image/XDZ7BMUI.jpg,0.9355561,0.90-0.95
1703,lens size,0.0,A,B,1,1,single,False,False,image/2VMLEGR1.jpg,image/2VMLEGR1.jpg,0.8545807,0.85-0.90
1704,lens size,0.0,B,A,1,1,single,False,False,image/IV4KATEV.jpg,image/IV4KATEV.jpg,0.84743595,below 0.85
1705,lens size,1.0,D,D,1,1,single,False,False,image/MLPX7Y0G.jpg,image/MLPX7Y0G.jpg,0.92133975,0.90-0.95
1706,lens size,0.0,C,B,1,1,single,False,False,image/P1792B5T.jpg,image/P1792B5T.jpg,0.9207328,0.90-0.95
1707,lens size,0.0,A,C,1,1,single,False,False,image/FJKNRXNS.jpg,image/FJKNRXNS.jpg,0.867023,0.85-0.90
1708,lens size,0.0,A,C,1,1,single,False,False,image/MIX6BLV2.jpg,image/MIX6BLV2.jpg,0.87569845,0.85-0.90
1709,lens size,0.0,C,B,1,1,single,False,False,image/JAFYVOP8.jpg,image/JAFYVOP8.jpg,0.79871505,below 0.85
1710,lens size,1.0,B,B,1,1,single,False,False,image/TV864G6V.jpg,image/TV864G6V.jpg,0.86691535,0.85-0.90
1711,lens size,1.0,B,B,1,1,single,False,False,image/X630B8W0.jpg,image/X630B8W0.jpg,0.8731543,0.85-0.90
1712,lens size,1.0,B,B,1,1,single,False,False,image/5YCS9GLQ.jpg,image/5YCS9GLQ.jpg,0.8765451,0.85-0.90
1713,lens size,1.0,A,A,1,1,single,False,False,image/3UDLAZ32.jpg,image/3UDLAZ32.jpg,0.90431523,0.90-0.95
1714,lens size,0.0,C,A,1,1,single,False,False,image/RKADCNKJ.jpg,image/RKADCNKJ.jpg,0.8515735,0.85-0.90
1715,lens size,1.0,D,D,1,1,single,False,False,image/Z69991RO.jpg,image/Z69991RO.jpg,0.8820835,0.85-0.90
1716,lens size,1.0,D,D,1,1,single,False,False,image/LBATDQU0.jpg,image/LBATDQU0.jpg,0.8559535,0.85-0.90
1717,lens size,0.0,D,C,1,1,single,False,False,image/9V2KLE33.jpg,image/9V2KLE33.jpg,0.68304205,below 0.85
1718,lens size,1.0,B,B,1,1,single,False,False,image/JHU71I69.jpg,image/JHU71I69.jpg,0.8321559,below 0.85
1719,lens size,0.0,A,C,1,1,single,False,False,image/OQ1K04GT.jpg,image/OQ1K04GT.jpg,0.9152282,0.90-0.95
1720,lens size,0.0,A,D,1,1,single,False,False,image/XEJOQFSL.jpg,image/XEJOQFSL.jpg,0.92327076,0.90-0.95
1721,lens size,0.0,D,C,1,1,single,False,False,image/7W4PXJP4.jpg,image/7W4PXJP4.jpg,0.85776985,0.85-0.90
1722,lens size,1.0,A,A,1,1,single,False,False,image/27HHYQDY.jpg,image/27HHYQDY.jpg,0.8908288,0.85-0.90
1723,lens size,1.0,C,C,1,1,single,False,False,image/N28YA678.jpg,image/N28YA678.jpg,0.9083849,0.90-0.95
1724,lens size,0.0,A,D,1,1,single,False,False,image/F8L6WV8F.jpg,image/F8L6WV8F.jpg,0.879613,0.85-0.90
1725,lens size,0.0,C,B,1,1,single,False,False,image/LVQ8F5XK.jpg,image/LVQ8F5XK.jpg,0.91347307,0.90-0.95
1726,lens size,0.0,D,A,1,1,single,False,False,image/SHM9VTU0.jpg,image/SHM9VTU0.jpg,0.84072685,below 0.85
1727,lens size,1.0,C,C,1,1,single,False,False,image/MK4PYARA.jpg,image/MK4PYARA.jpg,0.87888277,0.85-0.90
1728,lens size,1.0,B,B,1,1,single,False,False,image/5YDYEOIU.jpg,image/5YDYEOIU.jpg,0.8694807,0.85-0.90
1729,lens size,0.0,A,D,1,1,single,False,False,image/9JHA25ZH.jpg,image/9JHA25ZH.jpg,0.88563544,0.85-0.90
1730,lens size,1.0,D,D,1,1,single,False,False,image/WDNNB2PX.JPG,image/WDNNB2PX.JPG,0.7010787,below 0.85
1731,lens size,0.0,C,D,1,1,single,False,False,image/TBFCWB5E.jpg,image/TBFCWB5E.jpg,0.8714908,0.85-0.90
1732,lens size,1.0,C,C,1,1,single,False,False,image/PET2GM0V.jpg,image/PET2GM0V.jpg,0.81307524,below 0.85
1733,lens size,1.0,B,B,1,1,single,False,False,image/CKSY7UDE.jpg,image/CKSY7UDE.jpg,0.8852105,0.85-0.90
1734,lens size,1.0,A,A,1,1,single,False,False,image/M4PG81CN.jpg,image/M4PG81CN.jpg,0.90015954,0.90-0.95
1735,lens size,0.0,D,B,1,1,single,False,False,image/6VIQ1ZO9.jpg,image/6VIQ1ZO9.jpg,0.86043686,0.85-0.90
1736,lens size,0.0,D,A,1,1,single,False,False,image/N9ZC5785.jpg,image/N9ZC5785.jpg,0.86360973,0.85-0.90
1737,lens size,0.0,D,B,1,1,single,False,False,image/SS58LZEI.jpg,image/SS58LZEI.jpg,0.848405,below 0.85
1738,lens size,0.0,D,A,1,1,single,False,False,image/JSMH89NT.jpg,image/JSMH89NT.jpg,0.8057414,below 0.85
1739,lens size,1.0,A,A,1,1,single,False,False,image/K9QHTWHE.jpg,image/K9QHTWHE.jpg,0.8571391,0.85-0.90
1740,lens size,1.0,D,D,1,1,single,False,False,image/UHR6WHBC.jpg,image/UHR6WHBC.jpg,0.9042969,0.90-0.95
1741,lens size,0.0,B,D,1,1,single,False,False,image/04OPI7PB.jpg,image/04OPI7PB.jpg,0.8411528,below 0.85
1742,lens size,1.0,B,B,1,1,single,False,False,image/8N5P5C13.jpg,image/8N5P5C13.jpg,0.83920807,below 0.85
1743,lens size,0.0,B,D,1,1,single,False,False,image/V9I2XDY1.jpg,image/V9I2XDY1.jpg,0.8913862,0.85-0.90
1744,lens size,1.0,B,B,1,1,single,False,False,image/W4X5CXM3.jpg,image/W4X5CXM3.jpg,0.86673653,0.85-0.90
1745,lens size,0.0,C,A,1,1,single,False,False,image/T0IRI173.jpg,image/T0IRI173.jpg,0.92863977,0.90-0.95
1746,lens size,1.0,A,A,1,1,single,False,False,image/T2L7CYWY.jpg,image/T2L7CYWY.jpg,0.8673547,0.85-0.90
1747,lens size,0.0,B,D,1,1,single,False,False,image/330GV29A.jpg,image/330GV29A.jpg,0.84436715,below 0.85
1748,lens size,1.0,A,A,1,1,single,False,False,image/SXQ39VEV.jpg,image/SXQ39VEV.jpg,0.9114602,0.90-0.95
1749,lens size,1.0,B,B,1,1,single,False,False,image/8O4MSYKQ.jpg,image/8O4MSYKQ.jpg,0.8595154,0.85-0.90
1750,lens size,0.0,B,A,1,1,single,False,False,image/19JV62X6.jpg,image/19JV62X6.jpg,0.869902,0.85-0.90
1751,lens size,1.0,A,A,1,1,single,False,False,image/NYMMIUQF.jpg,image/NYMMIUQF.jpg,0.8938773,0.85-0.90
1752,lens size,0.0,D,A,1,1,single,False,False,image/KOI67B3N.jpg,image/KOI67B3N.jpg,0.88170254,0.85-0.90
1753,lens size,0.0,D,C,1,1,single,False,False,image/PKW862KC.jpg,image/PKW862KC.jpg,0.77918047,below 0.85
1754,lens size,0.0,D,C,1,1,single,False,False,image/BNTA7M8K.jpg,image/BNTA7M8K.jpg,0.87801903,0.85-0.90
1755,lens size,0.0,A,D,1,1,single,False,False,image/YWVBYN9S.jpg,image/YWVBYN9S.jpg,0.90432495,0.90-0.95
1756,lens size,1.0,B,B,1,1,single,False,False,image/DQZ0LGZB.jpg,image/DQZ0LGZB.jpg,0.9309139,0.90-0.95
1757,lens size,1.0,C,C,1,1,single,False,False,image/USXP4TFM.jpg,image/USXP4TFM.jpg,0.88804054,0.85-0.90
1758,lens size,0.0,D,A,1,1,single,False,False,image/63O30QTE.jpg,image/63O30QTE.jpg,0.8079787,below 0.85
1759,lens size,1.0,D,D,1,1,single,False,False,image/OJV8Q7NM.jpg,image/OJV8Q7NM.jpg,0.89295286,0.85-0.90
1760,lens size,0.0,D,A,1,1,single,False,False,image/OQGNWTCR.jpg,image/OQGNWTCR.jpg,0.815644,below 0.85
1761,lens size,1.0,B,B,1,1,single,False,False,image/PQXGPZCI.jpg,image/PQXGPZCI.jpg,0.83908594,below 0.85
1762,lens size,0.0,D,A,1,1,single,False,False,image/H016JBIR.jpg,image/H016JBIR.jpg,0.8241681,below 0.85
1763,lens size,1.0,A,A,1,1,single,False,False,image/28NRBU7I.jpg,image/28NRBU7I.jpg,0.77232903,below 0.85
1764,lens size,0.0,C,D,1,1,single,False,False,image/UX3UJ81T.jpg,image/UX3UJ81T.jpg,0.8704141,0.85-0.90
1765,lens size,0.0,D,B,1,1,single,False,False,image/TIW9TYML.jpg,image/TIW9TYML.jpg,0.8730205,0.85-0.90
1766,lens size,0.0,A,D,1,1,single,False,False,image/8I5E17Q9.jpg,image/8I5E17Q9.jpg,0.875812,0.85-0.90
1767,lens size,1.0,D,D,1,1,single,False,False,image/GWJN2UBW.jpg,image/GWJN2UBW.jpg,0.7503618,below 0.85
1768,lens size,1.0,C,C,1,1,single,False,False,image/OM2OKRO9.jpg,image/OM2OKRO9.jpg,0.8136799,below 0.85
1769,lens size,0.0,B,D,1,1,single,False,False,image/E6VBJNV4.jpg,image/E6VBJNV4.jpg,0.91149527,0.90-0.95
1770,lens size,0.0,D,B,1,1,single,False,False,image/DJ5A9JQQ.jpg,image/DJ5A9JQQ.jpg,0.84831756,below 0.85
1771,lens size,0.0,B,C,1,1,single,False,False,image/81GJ04YA.jpg,image/81GJ04YA.jpg,0.8260791,below 0.85
1772,lens size,0.0,C,B,1,1,single,False,False,image/W2RIEY89.jpg,image/W2RIEY89.jpg,0.8658104,0.85-0.90
1773,lens size,0.0,C,B,1,1,single,False,False,image/TFCBLB30.jpg,image/TFCBLB30.jpg,0.8713314,0.85-0.90
1774,lens size,0.0,B,A,1,1,single,False,False,image/IWYHD464.jpg,image/IWYHD464.jpg,0.91242105,0.90-0.95
1775,lens size,0.0,D,C,1,1,single,False,False,image/I3VIOPYJ.jpg,image/I3VIOPYJ.jpg,0.8902258,0.85-0.90
1776,lens size,0.0,D,C,1,1,single,False,False,image/298AGYH1.jpg,image/298AGYH1.jpg,0.8380625,below 0.85
1777,lens size,0.0,D,C,1,1,single,False,False,image/YI0YYM3G.jpg,image/YI0YYM3G.jpg,0.8375239,below 0.85
1778,lens size,0.0,B,D,1,1,single,False,False,image/45E47GD7.jpg,image/45E47GD7.jpg,0.87196904,0.85-0.90
1779,lens size,1.0,B,B,1,1,single,False,False,image/652OMCP1.jpg,image/652OMCP1.jpg,0.87183386,0.85-0.90
1780,lens size,0.0,B,D,1,1,single,False,False,image/1Y7Z2YBS.jpg,image/1Y7Z2YBS.jpg,0.8657113,0.85-0.90
1781,lens size,0.0,D,A,1,1,single,False,False,image/IEFJT1RV.jpg,image/IEFJT1RV.jpg,0.8295943,below 0.85
1782,lens size,0.0,A,D,1,1,single,False,False,image/WPT7XSZ8.jpg,image/WPT7XSZ8.jpg,0.88253236,0.85-0.90
1783,lens size,0.0,A,C,1,1,single,False,False,image/CZNZWZTW.jpg,image/CZNZWZTW.jpg,0.9000779,0.90-0.95
1784,lens size,0.0,C,A,1,1,single,False,False,image/KEIIAA3F.jpg,image/KEIIAA3F.jpg,0.8322953,below 0.85
1785,lens size,0.0,D,A,1,1,single,False,False,image/WG6GC8L3.jpg,image/WG6GC8L3.jpg,0.8811381,0.85-0.90
1786,lens size,0.0,A,C,1,1,single,False,False,image/JCL56J8C.jpg,image/JCL56J8C.jpg,0.91672415,0.90-0.95
1787,lens size,0.0,D,C,1,1,single,False,False,image/1TBN417M.jpg,image/1TBN417M.jpg,0.84788555,below 0.85
1788,lens size,0.0,C,B,1,1,single,False,False,image/QPBMWPSW.jpg,image/QPBMWPSW.jpg,0.89498985,0.85-0.90
1789,lens size,0.0,D,A,1,1,single,False,False,image/ZQYUU0DO.jpg,image/ZQYUU0DO.jpg,0.90275013,0.90-0.95
1790,lens size,0.0,A,B,1,1,single,False,False,image/VIKDB8NK.jpg,image/VIKDB8NK.jpg,0.8576606,0.85-0.90
1791,lens size,0.0,C,D,1,1,single,False,False,image/F9T74792.jpg,image/F9T74792.jpg,0.8147313,below 0.85
1792,lens size,0.0,C,D,1,1,single,False,False,image/U3INKFWW.jpg,image/U3INKFWW.jpg,0.86073244,0.85-0.90
1793,lens size,0.0,B,A,1,1,single,False,False,image/YUJ2JYML.jpg,image/YUJ2JYML.jpg,0.8491214,below 0.85
1794,lens size,0.0,B,A,1,1,single,False,False,image/75HQ0TE0.jpg,image/75HQ0TE0.jpg,0.80473167,below 0.85
1795,lens size,0.0,D,C,1,1,single,False,False,image/79Y4VGUE.jpg,image/79Y4VGUE.jpg,0.83946836,below 0.85
1796,lens size,0.0,B,D,1,1,single,False,False,image/GNYF4AUF.jpg,image/GNYF4AUF.jpg,0.8659092,0.85-0.90
1797,lens size,0.0,D,C,1,1,single,False,False,image/62Z5MCM5.jpg,image/62Z5MCM5.jpg,0.8828724,0.85-0.90
1798,lens size,0.0,D,B,1,1,single,False,False,image/UV8SEA8V.jpg,image/UV8SEA8V.jpg,0.7875881,below 0.85
1799,lens size,0.0,C,A,1,1,single,False,False,image/K09QG5C5.jpg,image/K09QG5C5.jpg,0.8399169,below 0.85
1800,lens size,0.0,C,A,1,1,single,False,False,image/QLLR9E8O.jpg,image/QLLR9E8O.jpg,0.8822213,0.85-0.90
1801,lens size,0.0,C,D,1,1,single,False,False,image/PRPTPAP3.jpg,image/PRPTPAP3.jpg,0.7471897,below 0.85
1802,lens size,0.0,B,C,1,1,single,False,False,image/VP1RREBB.jpg,image/VP1RREBB.jpg,0.85978454,0.85-0.90
1803,lens size,0.0,A,D,1,1,single,False,False,image/LRVSYA21.jpg,image/LRVSYA21.jpg,0.8898014,0.85-0.90
1804,lens size,0.0,D,B,1,1,single,False,False,image/AYXAG598.jpg,image/AYXAG598.jpg,0.87033546,0.85-0.90
1805,lens size,0.0,D,A,1,1,single,False,False,image/YNZ4J7BQ.jpg,image/YNZ4J7BQ.jpg,0.8591756,0.85-0.90
1806,lens size,0.0,B,C,1,1,single,False,False,image/6BWBMVAY.jpg,image/6BWBMVAY.jpg,0.861979,0.85-0.90
1807,lens size,0.0,A,D,1,1,single,False,False,image/EJYX94UZ.jpg,image/EJYX94UZ.jpg,0.86493224,0.85-0.90
1808,lens size,0.0,B,C,1,1,single,False,False,image/XKBPGB58.jpg,image/XKBPGB58.jpg,0.85118455,0.85-0.90
1809,lens size,0.0,C,D,1,1,single,False,False,image/G4SYF33S.jpg,image/G4SYF33S.jpg,0.9019751,0.90-0.95
1810,lens size,0.0,A,D,1,1,single,False,False,image/INN5HFJ2.jpg,image/INN5HFJ2.jpg,0.88576853,0.85-0.90
1811,lens size,1.0,A,A,1,1,single,False,False,image/F9XRQ517.jpg,image/F9XRQ517.jpg,0.8568782,0.85-0.90
1812,lens size,1.0,D,D,1,1,single,False,False,image/AX0AOUF0.jpg,image/AX0AOUF0.jpg,0.8150231,below 0.85
1813,lens size,0.0,C,A,1,1,single,False,False,image/BCJELHEZ.jpg,image/BCJELHEZ.jpg,0.8346395,below 0.85
1814,lens size,0.0,D,B,1,1,single,False,False,image/1R5UGAFL.jpg,image/1R5UGAFL.jpg,0.8870374,0.85-0.90
1815,lens size,0.0,D,A,1,1,single,False,False,image/RMELURU5.jpg,image/RMELURU5.jpg,0.8861541,0.85-0.90
1816,lens size,0.0,B,D,1,1,single,False,False,image/WRH3TBUN.jpg,image/WRH3TBUN.jpg,0.89258754,0.85-0.90
1817,lens size,0.0,B,C,1,1,single,False,False,image/NAYHE5MY.jpg,image/NAYHE5MY.jpg,0.9329316,0.90-0.95
1818,lens size,0.0,B,C,1,1,single,False,False,image/6W0LDE1O.jpg,image/6W0LDE1O.jpg,0.85710186,0.85-0.90
1819,lens size,0.0,C,D,1,1,single,False,False,image/IPD6WAS2.jpg,image/IPD6WAS2.jpg,0.8969822,0.85-0.90
1820,lens size,0.0,D,C,1,1,single,False,False,image/QP8I3NV9.jpg,image/QP8I3NV9.jpg,0.83419573,below 0.85
1821,lens size,0.0,A,C,1,1,single,False,False,image/ZSEIYOZU.jpg,image/ZSEIYOZU.jpg,0.8133106,below 0.85
1822,lens size,0.0,B,C,1,1,single,False,False,image/2S9NR4Y0.jpg,image/2S9NR4Y0.jpg,0.87086624,0.85-0.90
1823,lens size,0.0,B,C,1,1,single,False,False,image/FEG7K4QJ.jpg,image/FEG7K4QJ.jpg,0.856193,0.85-0.90
1824,lens size,0.0,B,C,1,1,single,False,False,image/0NG2EPK1.jpg,image/0NG2EPK1.jpg,0.8832237,0.85-0.90
1825,lens size,0.0,A,B,1,1,single,False,False,image/D58VKUSZ.jpg,image/D58VKUSZ.jpg,0.84833115,below 0.85
1826,lens size,0.0,C,A,1,1,single,False,False,image/WOK7ENS8.jpg,image/WOK7ENS8.jpg,0.89006937,0.85-0.90
1827,lens size,0.0,A,B,1,1,single,False,False,image/XN797ISK.jpg,image/XN797ISK.jpg,0.864608,0.85-0.90
1828,lens size,0.0,D,B,1,1,single,False,False,image/DV6KJ8M4.jpg,image/DV6KJ8M4.jpg,0.85720646,0.85-0.90
1829,lens size,1.0,D,D,1,1,single,False,False,image/SJGZOPYM.jpg,image/SJGZOPYM.jpg,0.85404545,0.85-0.90
1830,lens size,0.0,C,B,1,1,single,False,False,image/GTJO1MMM.jpg,image/GTJO1MMM.jpg,0.8578624,0.85-0.90
1831,lens size,0.0,B,C,1,1,single,False,False,image/OFSLVBF2.jpg,image/OFSLVBF2.jpg,0.93966866,0.90-0.95
1832,lens size,0.0,C,D,1,1,single,False,False,image/K0H28T7R.jpg,image/K0H28T7R.jpg,0.87045467,0.85-0.90
1833,lens size,0.0,B,D,1,1,single,False,False,image/MDY7EZVB.jpg,image/MDY7EZVB.jpg,0.87614316,0.85-0.90
1834,lens size,0.0,B,C,1,1,single,False,False,image/SLD4ZHCE.jpg,image/SLD4ZHCE.jpg,0.86337155,0.85-0.90
1835,lens size,0.0,D,C,1,1,single,False,False,image/W42V5T6F.png,image/W42V5T6F.png,0.8884137,0.85-0.90
1836,lens size,1.0,A,A,1,1,single,False,False,image/A0URZO42.jpg,image/A0URZO42.jpg,0.86329573,0.85-0.90
1837,lens size,0.0,B,D,1,1,single,False,False,image/OWXXFX8B.jpg,image/OWXXFX8B.jpg,0.8198955,below 0.85
1838,lens size,0.0,A,C,1,1,single,False,False,image/0DPXQLTG.jpg,image/0DPXQLTG.jpg,0.8730721,0.85-0.90
1839,lens size,0.0,B,A,1,1,single,False,False,image/8W1FLMR7.jpg,image/8W1FLMR7.jpg,0.788318,below 0.85
1840,lens size,0.0,D,C,1,1,single,False,False,image/VV38XSL9.jpg,image/VV38XSL9.jpg,0.8872434,0.85-0.90
1841,lens size,0.0,B,C,1,1,single,False,False,image/5EFTARV2.jpg,image/5EFTARV2.jpg,0.878633,0.85-0.90
1842,lens size,0.0,D,A,1,1,single,False,False,image/1PPQ66NY.jpg,image/1PPQ66NY.jpg,0.86591554,0.85-0.90
1843,lens size,0.0,B,A,1,1,single,False,False,image/D4FGRN2K.jpg,image/D4FGRN2K.jpg,0.6984734,below 0.85
1844,lens size,0.0,C,A,1,1,single,False,False,image/F1SX8CL7.jpg,image/F1SX8CL7.jpg,0.9025931,0.90-0.95
1845,lens size,0.0,C,D,1,1,single,False,False,image/8O4Y6T2B.jpg,image/8O4Y6T2B.jpg,0.91558397,0.90-0.95
1846,lens size,0.0,B,D,1,1,single,False,False,image/EWDIG3SJ.jpg,image/EWDIG3SJ.jpg,0.8759384,0.85-0.90
1847,lens size,0.0,D,B,1,1,single,False,False,image/1S3UQXZP.jpg,image/1S3UQXZP.jpg,0.92148,0.90-0.95
1848,lens size,0.0,A,C,1,1,single,False,False,image/XZE9GQ0F.jpg,image/XZE9GQ0F.jpg,0.8713182,0.85-0.90
1849,lens size,1.0,B,B,1,1,single,False,False,image/99K164PP.jpg,image/99K164PP.jpg,0.8771772,0.85-0.90
1850,lens size,0.0,C,D,1,1,single,False,False,image/KRIMG6MU.png,image/KRIMG6MU.png,0.8261738,below 0.85
1851,lens size,0.0,C,A,1,1,single,False,False,image/CBZLEYEE.jpg,image/CBZLEYEE.jpg,0.79057586,below 0.85
1852,lens size,0.0,D,B,1,1,single,False,False,image/2X7NRORL.jpg,image/2X7NRORL.jpg,0.90497094,0.90-0.95
1853,lens size,0.0,C,B,1,1,single,False,False,image/5ZAIJ1S6.jpg,image/5ZAIJ1S6.jpg,0.8171571,below 0.85
1854,lens size,0.0,A,D,1,1,single,False,False,image/G8YAJBMA.jpg,image/G8YAJBMA.jpg,0.8451823,below 0.85
1855,lens size,0.0,B,C,1,1,single,False,False,image/TAH5L0RO.jpg,image/TAH5L0RO.jpg,0.90988475,0.90-0.95
1856,lens size,0.0,C,D,1,1,single,False,False,image/IR488IKW.jpg,image/IR488IKW.jpg,0.90022546,0.90-0.95
1857,lens size,0.0,A,C,1,1,single,False,False,image/Y8IDQALK.jpg,image/Y8IDQALK.jpg,0.846397,below 0.85
1858,lens size,1.0,C,C,1,1,single,False,False,image/8G9ZT4N2.jpg,image/8G9ZT4N2.jpg,0.8616252,0.85-0.90
1859,lens size,0.0,B,C,1,1,single,False,False,image/LRKV3MYQ.jpg,image/LRKV3MYQ.jpg,0.88362443,0.85-0.90
1860,lens size,0.0,B,D,1,1,single,False,False,image/YY2047JD.jpg,image/YY2047JD.jpg,0.9114579,0.90-0.95
1861,lens size,0.0,D,B,1,1,single,False,False,image/PQIJ1YZ5.jpg,image/PQIJ1YZ5.jpg,0.8048491,below 0.85
1862,lens size,0.0,A,D,1,1,single,False,False,image/2WV7HIFZ.jpg,image/2WV7HIFZ.jpg,0.7891253,below 0.85
1863,lens size,0.0,C,A,1,1,single,False,False,image/8UCNUVWR.jpg,image/8UCNUVWR.jpg,0.85747904,0.85-0.90
1864,lens size,0.0,D,B,1,1,single,False,False,image/5B086C37.jpg,image/5B086C37.jpg,0.88020575,0.85-0.90
1865,lens size,1.0,C,C,1,1,single,False,False,image/MMX64UCF.jpg,image/MMX64UCF.jpg,0.877581,0.85-0.90
1866,lens size,0.0,C,B,1,1,single,False,False,image/ZNGXVAA1.jpg,image/ZNGXVAA1.jpg,0.9065131,0.90-0.95
1867,lens size,0.0,A,C,1,1,single,False,False,image/YZUDT9P9.jpg,image/YZUDT9P9.jpg,0.86795825,0.85-0.90
1868,lens size,0.0,A,B,1,1,single,False,False,image/P98A1L6Y.jpg,image/P98A1L6Y.jpg,0.89694643,0.85-0.90
1869,lens size,0.0,B,C,1,1,single,False,False,image/M2BYUIS2.jpg,image/M2BYUIS2.jpg,0.9051465,0.90-0.95
1870,lens size,0.0,D,B,1,1,single,False,False,image/0W2LZB9X.jpg,image/0W2LZB9X.jpg,0.8577128,0.85-0.90
1871,lens size,0.0,D,B,1,1,single,False,False,image/W9JSWB5X.jpg,image/W9JSWB5X.jpg,0.8236224,below 0.85
1872,lens size,0.0,A,C,1,1,single,False,False,image/TX23IBQB.jpg,image/TX23IBQB.jpg,0.841577,below 0.85
1873,lens size,1.0,C,C,1,1,single,False,False,image/P20TKDIW.jpg,image/P20TKDIW.jpg,0.7942197,below 0.85
1874,lens size,0.0,A,C,1,1,single,False,False,image/55O77MSO.jpg,image/55O77MSO.jpg,0.84684306,below 0.85
1875,lighting type,1.0,C,C,1,1,single,False,False,image/XHDRBTDB.jpg,image/XHDRBTDB.jpg,0.8881494,0.85-0.90
1876,lighting type,1.0,B,B,1,3,combination,False,False,image/FZXK830Z.jpg,image/FZXK830Z.jpg,0.88395554,0.85-0.90
1877,lighting type,1.0,A,A,1,2,combination,False,False,image/FL9P2SFK.jpg,image/FL9P2SFK.jpg,0.9200038,0.90-0.95
1878,lighting type,1.0,B,B,1,2,combination,False,False,image/I4MF2WPS.jpg,image/I4MF2WPS.jpg,0.85589206,0.85-0.90
1879,lighting type,0.0,A,B,1,1,single,False,False,image/JL5X469Y.jpg,image/JL5X469Y.jpg,0.83472174,below 0.85
1880,lighting type,1.0,A,A,1,2,combination,False,False,image/M62UCFEJ.jpg,image/M62UCFEJ.jpg,0.93614936,0.90-0.95
1881,lighting type,0.0,B,C,1,1,single,False,False,image/A414MV3T.jpg,image/A414MV3T.jpg,0.90348154,0.90-0.95
1882,lighting type,1.0,D,D,1,1,single,False,False,image/QMU8S6VT.jpg,image/QMU8S6VT.jpg,0.84877604,below 0.85
1883,lighting type,1.0,C,C,1,2,combination,False,False,image/QG5AQ6IO.jpg,image/QG5AQ6IO.jpg,0.9664275,0.95 and above
1884,lighting type,1.0,C,C,1,2,combination,False,False,image/VQHZMS4A.jpg,image/VQHZMS4A.jpg,0.8789402,0.85-0.90
1885,lighting type,0.0,D,B,1,1,single,False,False,image/4BBZDWIA.jpg,image/4BBZDWIA.jpg,0.8873054,0.85-0.90
1886,lighting type,1.0,C,C,1,1,single,False,False,image/LUDR35OO.jpg,image/LUDR35OO.jpg,0.83736706,below 0.85
1887,lighting type,1.0,B,B,1,2,combination,False,False,image/CQB5ZIK1.jpg,image/CQB5ZIK1.jpg,0.89370584,0.85-0.90
1888,lighting type,1.0,D,D,1,2,combination,False,False,image/COCPS6V2.jpg,image/COCPS6V2.jpg,0.8608735,0.85-0.90
1889,lighting type,1.0,A,A,1,1,single,False,False,image/9QN68CAN.jpg,image/9QN68CAN.jpg,0.9073828,0.90-0.95
1890,lighting type,1.0,A,A,1,2,combination,False,False,image/PN8DG4F9.jpg,image/PN8DG4F9.jpg,0.9189993,0.90-0.95
1891,lighting type,1.0,D,D,1,2,combination,False,False,image/M5DEBLN0.jpg,image/M5DEBLN0.jpg,0.8607515,0.85-0.90
1892,lighting type,1.0,B,B,1,1,single,False,False,image/TKQM2L6O.jpg,image/TKQM2L6O.jpg,0.8839907,0.85-0.90
1893,lighting type,1.0,A,A,1,2,combination,False,False,image/MHVKULBZ.jpg,image/MHVKULBZ.jpg,0.9059051,0.90-0.95
1894,lighting type,1.0,B,B,1,2,combination,False,False,image/BNBCHCM1.jpg,image/BNBCHCM1.jpg,0.8537098,0.85-0.90
1895,lighting type,0.0,A,D,1,1,single,False,False,image/OM1ON2Z7.jpg,image/OM1ON2Z7.jpg,0.85928184,0.85-0.90
1896,lighting type,1.0,B,B,1,1,single,False,False,image/D6QHAX6L.jpg,image/D6QHAX6L.jpg,0.8888675,0.85-0.90
1897,lighting type,1.0,B,B,1,2,combination,False,False,image/NFJOKXP3.jpg,image/NFJOKXP3.jpg,0.8780111,0.85-0.90
1898,lighting type,1.0,A,A,1,2,combination,False,False,image/VOQZA651.jpg,image/VOQZA651.jpg,0.8319188,below 0.85
1899,lighting type,1.0,D,D,1,4,combination,False,False,image/TVOYL4VW.jpg,image/TVOYL4VW.jpg,0.8657262,0.85-0.90
1900,lighting type,1.0,A,A,1,1,single,False,False,image/K71DK1NC.jpg,image/K71DK1NC.jpg,0.88634706,0.85-0.90
1901,lighting type,1.0,A,A,1,2,combination,False,False,image/CAEG0MJU.jpg,image/CAEG0MJU.jpg,0.8931015,0.85-0.90
1902,lighting type,1.0,D,D,1,1,single,False,False,image/N7V4YOIL.jpg,image/N7V4YOIL.jpg,0.8681888,0.85-0.90
1903,lighting type,1.0,D,D,1,2,combination,False,False,image/4ZJM9C4N.jpg,image/4ZJM9C4N.jpg,0.8811081,0.85-0.90
1904,lighting type,1.0,D,D,1,1,single,False,False,image/JLQVTUD9.jpg,image/JLQVTUD9.jpg,0.9184179,0.90-0.95
1905,lighting type,1.0,A,A,1,2,combination,False,False,image/4LH8TGGF.jpg,image/4LH8TGGF.jpg,0.81305635,below 0.85
1906,lighting type,1.0,C,C,1,1,single,False,False,image/7JTW63W7.jpg,image/7JTW63W7.jpg,0.8363219,below 0.85
1907,lighting type,0.0,B,A,1,2,combination,False,False,image/BKUJGEQJ.jpg,image/BKUJGEQJ.jpg,0.92395663,0.90-0.95
1908,lighting type,1.0,C,C,1,1,single,False,False,image/RQUZWYXT.jpg,image/RQUZWYXT.jpg,0.90516585,0.90-0.95
1909,lighting type,1.0,D,D,1,1,single,False,False,image/KAQBDZ44.jpg,image/KAQBDZ44.jpg,0.91446054,0.90-0.95
1910,lighting type,1.0,A,A,1,1,single,False,False,image/VRPB38ZF.jpg,image/VRPB38ZF.jpg,0.9322249,0.90-0.95
1911,lighting type,1.0,A,A,1,1,single,False,False,image/0BU9UY63.jpg,image/0BU9UY63.jpg,0.8641392,0.85-0.90
1912,lighting type,1.0,B,B,1,1,single,False,False,image/RXWKBIPI.jpg,image/RXWKBIPI.jpg,0.81761247,below 0.85
1913,lighting type,1.0,C,C,1,2,combination,False,False,image/L4X7T0DN.jpg,image/L4X7T0DN.jpg,0.88808,0.85-0.90
1914,lighting type,1.0,B,B,1,1,single,False,False,image/S590ZTZI.jpg,image/S590ZTZI.jpg,0.89565617,0.85-0.90
1915,lighting type,1.0,B,B,1,2,combination,False,False,image/C3H16SRJ.jpg,image/C3H16SRJ.jpg,0.8435678,below 0.85
1916,lighting type,1.0,B,B,1,1,single,False,False,image/G2P4VAWJ.jpg,image/G2P4VAWJ.jpg,0.9072995,0.90-0.95
1917,lighting type,1.0,C,C,1,3,combination,False,False,image/22H4TXY1.jpg,image/22H4TXY1.jpg,0.8610401,0.85-0.90
1918,lighting type,0.0,B,D,1,3,combination,False,False,image/EJGDV4AZ.jpg,image/EJGDV4AZ.jpg,0.78678954,below 0.85
1919,lighting type,1.0,A,A,1,3,combination,False,False,image/2Z0WCF7E.jpg,image/2Z0WCF7E.jpg,0.86849976,0.85-0.90
1920,lighting type,1.0,A,A,1,1,single,False,False,image/SLN7LJIH.jpg,image/SLN7LJIH.jpg,0.85241157,0.85-0.90
1921,lighting type,1.0,A,A,1,1,single,False,False,image/0FN4U1LZ.jpg,image/0FN4U1LZ.jpg,0.9191435,0.90-0.95
1922,lighting type,1.0,B,B,1,2,combination,False,False,image/KFM2ZH0E.jpg,image/KFM2ZH0E.jpg,0.81374854,below 0.85
1923,lighting type,1.0,D,D,1,1,single,False,False,image/SEUJ9UF5.jpg,image/SEUJ9UF5.jpg,0.9075721,0.90-0.95
1924,lighting type,1.0,B,B,1,1,single,False,False,image/HF7D7E3R.jpg,image/HF7D7E3R.jpg,0.8210475,below 0.85
1925,lighting type,0.0,B,C,1,1,single,False,False,image/REBME64W.jpg,image/REBME64W.jpg,0.8573422,0.85-0.90
1926,lighting type,1.0,D,D,1,1,single,False,False,image/QQDIDPK2.jpg,image/QQDIDPK2.jpg,0.874379,0.85-0.90
1927,lighting type,0.0,D,B,1,2,combination,False,False,image/ZZGG4P1X.jpg,image/ZZGG4P1X.jpg,0.90512824,0.90-0.95
1928,lighting type,1.0,C,C,1,2,combination,False,False,image/QB0KOEY3.jpg,image/QB0KOEY3.jpg,0.84821874,below 0.85
1929,lighting type,1.0,B,B,1,1,single,False,False,image/XWHEL4J6.jpg,image/XWHEL4J6.jpg,0.92212605,0.90-0.95
1930,lighting type,1.0,C,C,1,1,single,False,False,image/NK2RYF0K.jpg,image/NK2RYF0K.jpg,0.90106374,0.90-0.95
1931,lighting type,1.0,B,B,1,2,combination,False,False,image/70GN7XQD.jpg,image/70GN7XQD.jpg,0.8894343,0.85-0.90
1932,lighting type,1.0,D,D,1,1,single,False,False,image/FNATZAP3.jpg,image/FNATZAP3.jpg,0.84533215,below 0.85
1933,lighting type,1.0,C,C,1,1,single,False,False,image/UMW8E6E4.jpg,image/UMW8E6E4.jpg,0.8187873,below 0.85
1934,lighting type,1.0,B,B,1,1,single,False,False,image/NZ229E48.jpg,image/NZ229E48.jpg,0.89910513,0.85-0.90
1935,lighting type,1.0,B,B,1,5,combination,False,False,image/JQ06MJPN.jpg,image/JQ06MJPN.jpg,0.8298095,below 0.85
1936,lighting type,1.0,B,B,1,2,combination,False,False,image/K9PEV40E.jpg,image/K9PEV40E.jpg,0.8463948,below 0.85
1937,lighting type,1.0,D,D,1,1,single,False,False,image/C9SR2OIP.jpg,image/C9SR2OIP.jpg,0.8209215,below 0.85
1938,lighting type,1.0,C,C,1,1,single,False,False,image/VM9QDF6P.jpg,image/VM9QDF6P.jpg,0.9208628,0.90-0.95
1939,lighting type,1.0,C,C,1,2,combination,False,False,image/EPTI0Z18.jpg,image/EPTI0Z18.jpg,0.8594393,0.85-0.90
1940,lighting type,1.0,D,D,1,1,single,False,False,image/XF5ZCVNI.jpg,image/XF5ZCVNI.jpg,0.89121646,0.85-0.90
1941,lighting type,1.0,B,B,1,2,combination,False,False,image/8ENB5R98.jpg,image/8ENB5R98.jpg,0.8178027,below 0.85
1942,lighting type,1.0,B,B,1,2,combination,False,False,image/R19RN2CH.jpg,image/R19RN2CH.jpg,0.89507526,0.85-0.90
1943,lighting type,0.0,D,A,1,2,combination,False,False,image/UUCDX8Z1.jpg,image/UUCDX8Z1.jpg,0.8365228,below 0.85
1944,lighting type,1.0,D,D,1,1,single,False,False,image/SVQIG2Q3.jpg,image/SVQIG2Q3.jpg,0.8358354,below 0.85
1945,lighting type,1.0,B,B,1,1,single,False,False,image/7BQGQ4DX.jpg,image/7BQGQ4DX.jpg,0.84306437,below 0.85
1946,lighting type,1.0,A,A,1,2,combination,False,False,image/V0CAC7HD.jpg,image/V0CAC7HD.jpg,0.85257906,0.85-0.90
1947,lighting type,1.0,D,D,1,2,combination,False,False,image/ROK7MFCC.jpg,image/ROK7MFCC.jpg,0.7949494,below 0.85
1948,lighting type,1.0,C,C,1,1,single,False,False,image/SM2E0G2Q.jpg,image/SM2E0G2Q.jpg,0.90111935,0.90-0.95
1949,lighting type,1.0,D,D,1,1,single,False,False,image/J9AANNYH.jpg,image/J9AANNYH.jpg,0.83013844,below 0.85
1950,lighting type,1.0,D,D,1,1,single,False,False,image/DZ1DBOFL.jpg,image/DZ1DBOFL.jpg,0.88688254,0.85-0.90
1951,lighting type,1.0,B,B,1,1,single,False,False,image/SH654UY2.jpg,image/SH654UY2.jpg,0.94553906,0.90-0.95
1952,lighting type,1.0,D,D,1,2,combination,False,False,image/OVYV64P7.jpg,image/OVYV64P7.jpg,0.8580664,0.85-0.90
1953,lighting type,1.0,D,D,1,1,single,False,False,image/EPFFGGBL.png,image/EPFFGGBL.png,0.86233145,0.85-0.90
1954,lighting type,1.0,A,A,1,2,combination,False,False,image/HCD58BMZ.jpg,image/HCD58BMZ.jpg,0.9014481,0.90-0.95
1955,lighting type,1.0,D,D,1,1,single,False,False,image/DI8133KS.jpg,image/DI8133KS.jpg,0.82519585,below 0.85
1956,lighting type,1.0,D,D,1,2,combination,False,False,image/1J635DYL.jpg,image/1J635DYL.jpg,0.8118766,below 0.85
1957,lighting type,1.0,D,D,1,1,single,False,False,image/D5AGHC39.jpg,image/D5AGHC39.jpg,0.8374398,below 0.85
1958,lighting type,0.0,B,A,1,1,single,False,False,image/3AEME3EZ.jpg,image/3AEME3EZ.jpg,0.75989884,below 0.85
1959,lighting type,1.0,A,A,1,2,combination,False,False,image/OYANJBO9.jpg,image/OYANJBO9.jpg,0.82902884,below 0.85
1960,lighting type,1.0,D,D,1,1,single,False,False,image/Q6ZDTW2B.jpg,image/Q6ZDTW2B.jpg,0.8852696,0.85-0.90
1961,lighting type,1.0,A,A,1,2,combination,False,False,image/WG1GAXD6.jpg,image/WG1GAXD6.jpg,0.8850568,0.85-0.90
1962,lighting type,0.0,A,C,1,1,single,False,False,image/TJOE6NMV.jpg,image/TJOE6NMV.jpg,0.89117736,0.85-0.90
1963,lighting type,1.0,D,D,1,1,single,False,False,image/CEHWIDFT.jpg,image/CEHWIDFT.jpg,0.835699,below 0.85
1964,lighting type,0.0,C,D,1,1,single,False,False,image/P8XRHZEV.jpg,image/P8XRHZEV.jpg,0.8521096,0.85-0.90
1965,lighting type,1.0,D,D,1,1,single,False,False,image/IYUZG49O.jpg,image/IYUZG49O.jpg,0.90116996,0.90-0.95
1966,lighting type,1.0,D,D,1,1,single,False,False,image/TWIXOCC9.jpg,image/TWIXOCC9.jpg,0.8750087,0.85-0.90
1967,lighting type,0.0,A,C,1,1,single,False,False,image/VXZU9AJZ.jpg,image/VXZU9AJZ.jpg,0.89168894,0.85-0.90
1968,lighting type,1.0,A,A,1,1,single,False,False,image/1XMY9TV5.jpg,image/1XMY9TV5.jpg,0.8818832,0.85-0.90
1969,lighting type,1.0,B,B,1,1,single,False,False,image/TPN81F13.jpg,image/TPN81F13.jpg,0.9038066,0.90-0.95
1970,lighting type,0.0,D,C,1,1,single,False,False,image/YS9AMIZZ.png,image/YS9AMIZZ.png,0.8853516,0.85-0.90
1971,lighting type,0.0,B,A,1,1,single,False,False,image/NZVDC54N.jpg,image/NZVDC54N.jpg,0.8856792,0.85-0.90
1972,lighting type,0.0,C,B,1,1,single,False,False,image/E3PSUJ6N.jpg,image/E3PSUJ6N.jpg,0.8948875,0.85-0.90
1973,lighting type,1.0,A,A,1,1,single,False,False,image/ZJPXP7IL.jpg,image/ZJPXP7IL.jpg,0.87432873,0.85-0.90
1974,lighting type,0.0,C,B,1,1,single,False,False,image/VZD3GI3E.jpg,image/VZD3GI3E.jpg,0.8737609,0.85-0.90
1975,lighting type,1.0,D,D,1,1,single,False,False,image/8CFRL22D.jpg,image/8CFRL22D.jpg,0.9049808,0.90-0.95
1976,lighting type,0.0,D,A,1,1,single,False,False,image/RMDA00WS.jpg,image/RMDA00WS.jpg,0.86891073,0.85-0.90
1977,lighting type,1.0,B,B,1,1,single,False,False,image/7MF3GZ2S.jpg,image/7MF3GZ2S.jpg,0.8916945,0.85-0.90
1978,lighting type,0.0,D,B,1,1,single,False,False,image/1HBUFXT4.jpeg,image/1HBUFXT4.jpeg,0.89258474,0.85-0.90
1979,lighting type,1.0,D,D,1,1,single,False,False,image/HFGAUKDE.jpg,image/HFGAUKDE.jpg,0.84960234,below 0.85
1980,lighting type,1.0,D,D,1,1,single,False,False,image/I4GS9X43.jpg,image/I4GS9X43.jpg,0.749799,below 0.85
1981,lighting type,0.0,C,D,1,1,single,False,False,image/RTZ82MMG.jpg,image/RTZ82MMG.jpg,0.9014412,0.90-0.95
1982,lighting type,1.0,C,C,1,1,single,False,False,image/BHPMBLJ0.jpg,image/BHPMBLJ0.jpg,0.9103207,0.90-0.95
1983,lighting type,1.0,D,D,1,4,combination,False,False,image/OH8CLHIH.jpg,image/OH8CLHIH.jpg,0.8749696,0.85-0.90
1984,lighting type,0.0,A,C,1,1,single,False,False,image/GYY7ST56.jpg,image/GYY7ST56.jpg,0.8559307,0.85-0.90
1985,lighting type,1.0,D,D,1,1,single,False,False,image/EGDMIEDQ.jpg,image/EGDMIEDQ.jpg,0.8522614,0.85-0.90
1986,lighting type,1.0,D,D,1,1,single,False,False,image/4YOHJTA4.jpg,image/4YOHJTA4.jpg,0.8763328,0.85-0.90
1987,lighting type,1.0,A,A,1,3,combination,False,False,image/XJJK5FYZ.jpg,image/XJJK5FYZ.jpg,0.9009469,0.90-0.95
1988,lighting type,1.0,B,B,1,4,combination,False,False,image/GJKV06ZU.jpg,image/GJKV06ZU.jpg,0.9103798,0.90-0.95
1989,lighting type,0.0,D,A,1,1,single,False,False,image/SJM1OV0D.jpg,image/SJM1OV0D.jpg,0.88727653,0.85-0.90
1990,lighting type,1.0,D,D,1,1,single,False,False,image/DEIVPBN9.jpg,image/DEIVPBN9.jpg,0.9136364,0.90-0.95
1991,lighting type,1.0,C,C,1,1,single,False,False,image/431PGP55.jpg,image/431PGP55.jpg,0.8797006,0.85-0.90
1992,lighting type,0.0,B,A,1,1,single,False,False,image/BD3N4WA5.jpg,image/BD3N4WA5.jpg,0.86155105,0.85-0.90
1993,lighting type,0.0,C,A,1,1,single,False,False,image/IHEACKXK.jpg,image/IHEACKXK.jpg,0.847674,below 0.85
1994,lighting type,0.0,B,D,1,1,single,False,False,image/EXH4B4JJ.jpg,image/EXH4B4JJ.jpg,0.8746789,0.85-0.90
1995,lighting type,1.0,D,D,1,1,single,False,False,image/2MZG62KP.jpg,image/2MZG62KP.jpg,0.8977635,0.85-0.90
1996,lighting type,1.0,A,A,1,1,single,False,False,image/64CD2NV5.png,image/64CD2NV5.png,0.9075432,0.90-0.95
1997,lighting type,1.0,B,B,1,1,single,False,False,image/BNE0RA3J.jpg,image/BNE0RA3J.jpg,0.84881055,below 0.85
1998,lighting type,1.0,D,D,1,1,single,False,False,image/7JAT4IKF.png,image/7JAT4IKF.png,0.8036391,below 0.85
1999,lighting type,0.0,C,B,1,1,single,False,False,image/MUOSJRCL.jpg,image/MUOSJRCL.jpg,0.8551607,0.85-0.90
2000,lighting type,1.0,C,C,1,2,combination,False,False,image/DKYGZLYD.jpg,image/DKYGZLYD.jpg,0.8506701,0.85-0.90
2001,lighting type,1.0,C,C,1,1,single,False,False,image/8YY5L23F.png,image/8YY5L23F.png,0.8761727,0.85-0.90
2002,lighting type,0.0,A,C,1,1,single,False,False,image/RTTYSLR4.jpg,image/RTTYSLR4.jpg,0.8115218,below 0.85
2003,lighting type,1.0,A,A,1,1,single,False,False,image/1NDM5JX5.jpg,image/1NDM5JX5.jpg,0.872091,0.85-0.90
2004,lighting type,0.0,A,B,1,1,single,False,False,image/BLYNYVVE.jpg,image/BLYNYVVE.jpg,0.93251157,0.90-0.95
2005,lighting type,1.0,D,D,1,1,single,False,False,image/QOWJT8PC.jpg,image/QOWJT8PC.jpg,0.9425709,0.90-0.95
2006,lighting type,1.0,B,B,1,1,single,False,False,image/4J02L2I3.png,image/4J02L2I3.png,0.8887258,0.85-0.90
2007,lighting type,0.0,B,C,1,1,single,False,False,image/DJ80HMLM.jpg,image/DJ80HMLM.jpg,0.844192,below 0.85
2008,lighting type,1.0,A,A,1,1,single,False,False,image/W4TN4YYC.jpg,image/W4TN4YYC.jpg,0.8564943,0.85-0.90
2009,lighting type,0.0,A,B,1,1,single,False,False,image/RCP6QIHJ.jpg,image/RCP6QIHJ.jpg,0.9390854,0.90-0.95
2010,lighting type,0.0,C,B,1,1,single,False,False,image/NX9UG9GJ.jpg,image/NX9UG9GJ.jpg,0.88843006,0.85-0.90
2011,lighting type,1.0,D,D,1,1,single,False,False,image/TV8YG4WE.jpg,image/TV8YG4WE.jpg,0.82791334,below 0.85
2012,lighting type,0.0,A,D,1,1,single,False,False,image/2IYHNV4W.jpg,image/2IYHNV4W.jpg,0.88512695,0.85-0.90
2013,lighting type,1.0,B,B,1,1,single,False,False,image/Y2I8TB1X.jpg,image/Y2I8TB1X.jpg,0.89134234,0.85-0.90
2014,lighting type,0.0,A,B,1,1,single,False,False,image/MMZTB2GV.jpg,image/MMZTB2GV.jpg,0.8783979,0.85-0.90
2015,lighting type,0.0,D,B,1,1,single,False,False,image/FGOVUZOA.jpg,image/FGOVUZOA.jpg,0.8837744,0.85-0.90
2016,lighting type,0.0,B,C,1,2,combination,False,False,image/IZQD7LYU.jpg,image/IZQD7LYU.jpg,0.80561024,below 0.85
2017,lighting type,1.0,C,C,1,3,combination,False,False,image/78QKDHIE.jpg,image/78QKDHIE.jpg,0.88650244,0.85-0.90
2018,lighting type,0.0,B,C,1,1,single,False,False,image/RWCFCZCN.jpg,image/RWCFCZCN.jpg,0.85535115,0.85-0.90
2019,lighting type,1.0,C,C,1,1,single,False,False,image/OQLIIVFH.jpg,image/OQLIIVFH.jpg,0.86115205,0.85-0.90
2020,lighting type,0.0,A,B,1,2,combination,False,False,image/VXXOFQLA.jpg,image/VXXOFQLA.jpg,0.8461346,below 0.85
2021,lighting type,1.0,C,C,1,1,single,False,False,image/2EAK1S6V.jpg,image/2EAK1S6V.jpg,0.84098184,below 0.85
2022,lighting type,1.0,D,D,1,1,single,False,False,image/6MI4FA60.jpg,image/6MI4FA60.jpg,0.8729249,0.85-0.90
2023,lighting type,0.0,C,A,1,1,single,False,False,image/0M553PXR.png,image/0M553PXR.png,0.92328423,0.90-0.95
2024,lighting type,1.0,A,A,1,1,single,False,False,image/C7YIPM5A.jpg,image/C7YIPM5A.jpg,0.82137495,below 0.85
2025,lighting type,0.0,B,C,1,1,single,False,False,image/1328CUKL.jpg,image/1328CUKL.jpg,0.89987767,0.85-0.90
2026,lighting type,1.0,D,D,1,1,single,False,False,image/H75SCQ2R.jpg,image/H75SCQ2R.jpg,0.85572016,0.85-0.90
2027,lighting type,1.0,C,C,1,1,single,False,False,image/F1R9ZTT9.jpg,image/F1R9ZTT9.jpg,0.8599069,0.85-0.90
2028,lighting type,1.0,C,C,1,1,single,False,False,image/2IOMNJ45.jpg,image/2IOMNJ45.jpg,0.9035265,0.90-0.95
2029,lighting type,0.0,B,C,1,1,single,False,False,image/FQHCTXXS.jpg,image/FQHCTXXS.jpg,0.86783665,0.85-0.90
2030,lighting type,0.0,D,A,1,1,single,False,False,image/55YJFEGN.jpg,image/55YJFEGN.jpg,0.8341851,below 0.85
2031,lighting type,0.0,B,D,1,1,single,False,False,image/EU4BGPLD.jpg,image/EU4BGPLD.jpg,0.92036366,0.90-0.95
2032,lighting type,1.0,A,A,1,1,single,False,False,image/8I6A2Q6C.png,image/8I6A2Q6C.png,0.8632787,0.85-0.90
2033,lighting type,0.0,D,A,1,1,single,False,False,image/ZAYBYR9C.jpg,image/ZAYBYR9C.jpg,0.9056711,0.90-0.95
2034,lighting type,1.0,B,B,1,1,single,False,False,image/RPNPSSP1.jpg,image/RPNPSSP1.jpg,0.9127988,0.90-0.95
2035,lighting type,0.0,D,C,1,1,single,False,False,image/RZCV0CNK.jpg,image/RZCV0CNK.jpg,0.8457806,below 0.85
2036,lighting type,0.0,B,A,1,1,single,False,False,image/L4FHKX2O.jpg,image/L4FHKX2O.jpg,0.9142669,0.90-0.95
2037,lighting type,1.0,A,A,1,1,single,False,False,image/8CE18AD7.jpg,image/8CE18AD7.jpg,0.8283953,below 0.85
2038,lighting type,1.0,B,B,1,1,single,False,False,image/OIJJMIGM.jpg,image/OIJJMIGM.jpg,0.78126466,below 0.85
2039,lighting type,1.0,A,A,1,1,single,False,False,image/DB99CYMF.jpg,image/DB99CYMF.jpg,0.9014024,0.90-0.95
2040,lighting type,0.0,B,A,1,1,single,False,False,image/EVLIPM1U.jpg,image/EVLIPM1U.jpg,0.8485279,below 0.85
2041,lighting type,1.0,A,A,1,1,single,False,False,image/YEWQSKZS.jpg,image/YEWQSKZS.jpg,0.95004886,0.95 and above
2042,lighting type,1.0,D,D,1,1,single,False,False,image/1BMQC6T1.jpg,image/1BMQC6T1.jpg,0.90847635,0.90-0.95
2043,lighting type,1.0,B,B,1,1,single,False,False,image/DBCAFA3W.jpg,image/DBCAFA3W.jpg,0.87096435,0.85-0.90
2044,lighting type,1.0,A,A,1,1,single,False,False,image/M7NUA5XR.jpg,image/M7NUA5XR.jpg,0.8806416,0.85-0.90
2045,lighting type,1.0,C,C,1,1,single,False,False,image/UTZ82M4V.jpg,image/UTZ82M4V.jpg,0.69688714,below 0.85
2046,lighting type,0.0,D,C,1,1,single,False,False,image/P8BKFVYY.jpg,image/P8BKFVYY.jpg,0.8293772,below 0.85
2047,lighting type,0.0,C,A,1,1,single,False,False,image/ZSQ6VRXY.jpg,image/ZSQ6VRXY.jpg,0.85955554,0.85-0.90
2048,lighting type,0.0,B,C,1,1,single,False,False,image/YUT7LNAB.jpg,image/YUT7LNAB.jpg,0.8772797,0.85-0.90
2049,lighting type,1.0,D,D,1,1,single,False,False,image/L8JUI7ZQ.jpg,image/L8JUI7ZQ.jpg,0.85148317,0.85-0.90
2050,lighting type,1.0,D,D,1,1,single,False,False,image/IYQW5HOK.jpg,image/IYQW5HOK.jpg,0.88541126,0.85-0.90
2051,lighting type,0.0,C,D,1,1,single,False,False,image/A1G3ZENR.jpg,image/A1G3ZENR.jpg,0.98641604,0.95 and above
2052,lighting type,1.0,C,C,1,1,single,False,False,image/WXFVU9PB.png,image/WXFVU9PB.png,0.9100514,0.90-0.95
2053,lighting type,1.0,A,A,1,1,single,False,False,image/8QY4UBFV.jpg,image/8QY4UBFV.jpg,0.8342005,below 0.85
2054,lighting type,0.0,C,B,1,2,combination,False,False,image/9BZ7ZJMP.jpg,image/9BZ7ZJMP.jpg,0.850123,0.85-0.90
2055,lighting type,0.0,D,A,1,2,combination,False,False,image/DU9E2MZM.jpg,image/DU9E2MZM.jpg,0.9384543,0.90-0.95
2056,lighting type,0.0,D,B,1,1,single,False,False,image/3M4PDDU0.jpg,image/3M4PDDU0.jpg,0.90524966,0.90-0.95
2057,lighting type,1.0,A,A,1,1,single,False,False,image/3VQ8NPNU.jpg,image/3VQ8NPNU.jpg,0.926685,0.90-0.95
2058,lighting type,0.0,A,B,1,1,single,False,False,image/KLSUBW89.jpg,image/KLSUBW89.jpg,0.8877274,0.85-0.90
2059,lighting type,1.0,B,B,1,1,single,False,False,image/9WQOOLJ3.jpg,image/9WQOOLJ3.jpg,0.8572539,0.85-0.90
2060,lighting type,0.0,B,C,1,1,single,False,False,image/HSGUANV2.jpg,image/HSGUANV2.jpg,0.9016238,0.90-0.95
2061,lighting type,0.0,A,C,1,1,single,False,False,image/MLOKK8NN.jpg,image/MLOKK8NN.jpg,0.9235718,0.90-0.95
2062,lighting type,1.0,B,B,1,1,single,False,False,image/UAE1276O.jpg,image/UAE1276O.jpg,0.880499,0.85-0.90
2063,lighting type,0.0,B,D,1,1,single,False,False,image/Q228RUJA.jpg,image/Q228RUJA.jpg,0.8846054,0.85-0.90
2064,lighting type,1.0,A,A,1,1,single,False,False,image/I24HECHJ.JPG,image/I24HECHJ.JPG,0.846404,below 0.85
2065,lighting type,0.0,D,C,1,1,single,False,False,image/O1A9GTWY.jpg,image/O1A9GTWY.jpg,0.9359193,0.90-0.95
2066,lighting type,1.0,A,A,1,1,single,False,False,image/1MMDYD53.jpg,image/1MMDYD53.jpg,0.829483,below 0.85
2067,lighting type,0.0,B,D,1,1,single,False,False,image/UJGF0DUL.jpg,image/UJGF0DUL.jpg,0.8735879,0.85-0.90
2068,lighting type,1.0,B,B,1,1,single,False,False,image/R3ML9XZS.jpg,image/R3ML9XZS.jpg,0.8870864,0.85-0.90
2069,lighting type,0.0,C,A,1,1,single,False,False,image/QOS53ZZK.jpg,image/QOS53ZZK.jpg,0.7913098,below 0.85
2070,lighting type,1.0,C,C,1,1,single,False,False,image/PR2QZOLH.jpg,image/PR2QZOLH.jpg,0.88229376,0.85-0.90
2071,lighting type,1.0,B,B,1,1,single,False,False,image/QSBX2XXV.png,image/QSBX2XXV.png,0.9110425,0.90-0.95
2072,lighting type,0.0,D,B,1,1,single,False,False,image/A054Q7XU.jpg,image/A054Q7XU.jpg,0.8861544,0.85-0.90
2073,lighting type,1.0,C,C,1,1,single,False,False,image/C6G13WFO.jpg,image/C6G13WFO.jpg,0.8836785,0.85-0.90
2074,lighting type,1.0,D,D,1,2,combination,False,False,image/CTVG7YKA.jpg,image/CTVG7YKA.jpg,0.8864563,0.85-0.90
2075,lighting type,1.0,A,A,1,1,single,False,False,image/KV26VC7T.jpg,image/KV26VC7T.jpg,0.8896159,0.85-0.90
2076,lighting type,0.0,A,C,1,1,single,False,False,image/42TL9ITS.jpg,image/42TL9ITS.jpg,0.9595972,0.95 and above
2077,lighting type,1.0,A,A,1,1,single,False,False,image/67OBNN29.jpg,image/67OBNN29.jpg,0.8480681,below 0.85
2078,lighting type,1.0,C,C,1,1,single,False,False,image/I7HC0E54.jpg,image/I7HC0E54.jpg,0.9131795,0.90-0.95
2079,lighting type,1.0,B,B,1,1,single,False,False,image/R19EIK9Z.JPG,image/R19EIK9Z.JPG,0.83946675,below 0.85
2080,lighting type,0.0,D,B,1,1,single,False,False,image/EKRI7I8I.jpg,image/EKRI7I8I.jpg,0.88817054,0.85-0.90
2081,lighting type,0.0,A,B,1,1,single,False,False,image/637FXYHH.jpg,image/637FXYHH.jpg,0.8137674,below 0.85
2082,lighting type,0.0,A,B,1,1,single,False,False,image/JOUNO6JM.jpg,image/JOUNO6JM.jpg,0.8662764,0.85-0.90
2083,lighting type,1.0,A,A,1,1,single,False,False,image/QFZXNJ1B.jpg,image/QFZXNJ1B.jpg,0.87756467,0.85-0.90
2084,lighting type,1.0,D,D,1,1,single,False,False,image/OXB9NINL.jpg,image/OXB9NINL.jpg,0.8949234,0.85-0.90
2085,lighting type,0.0,B,D,1,1,single,False,False,image/OG35NK64.jpg,image/OG35NK64.jpg,0.84932786,below 0.85
2086,lighting type,0.0,D,C,1,1,single,False,False,image/NG2AG4NS.jpg,image/NG2AG4NS.jpg,0.9252647,0.90-0.95
2087,lighting type,0.0,A,C,1,1,single,False,False,image/WVDH6U6B.jpg,image/WVDH6U6B.jpg,0.8414822,below 0.85
2088,lighting type,0.0,B,C,1,1,single,False,False,image/AB65TX8P.jpg,image/AB65TX8P.jpg,0.86508,0.85-0.90
2089,lighting type,1.0,A,A,1,1,single,False,False,image/H5Q5CT5B.jpg,image/H5Q5CT5B.jpg,0.88984734,0.85-0.90
2090,lighting type,1.0,B,B,1,1,single,False,False,image/34KO01YR.jpg,image/34KO01YR.jpg,0.84812886,below 0.85
2091,lighting type,0.0,D,A,1,2,combination,False,False,image/FGBA6KY5.jpg,image/FGBA6KY5.jpg,0.8627466,0.85-0.90
2092,lighting type,0.0,B,D,1,1,single,False,False,image/H4LO7QOH.jpg,image/H4LO7QOH.jpg,0.89731896,0.85-0.90
2093,lighting type,1.0,B,B,1,1,single,False,False,image/L411OXYU.jpg,image/L411OXYU.jpg,0.8789108,0.85-0.90
2094,lighting type,0.0,D,B,1,1,single,False,False,image/18H5O2PI.png,image/18H5O2PI.png,0.8832005,0.85-0.90
2095,lighting type,0.0,B,C,1,1,single,False,False,image/IN7BIAYH.jpg,image/IN7BIAYH.jpg,0.8509812,0.85-0.90
2096,lighting type,0.0,B,A,1,1,single,False,False,image/E1OS5MVI.jpg,image/E1OS5MVI.jpg,0.9280357,0.90-0.95
2097,lighting type,0.0,A,B,1,1,single,False,False,image/IM0VN3AG.jpg,image/IM0VN3AG.jpg,0.90620077,0.90-0.95
2098,lighting type,0.0,A,B,1,1,single,False,False,image/OSDOLYMD.jpg,image/OSDOLYMD.jpg,0.8800989,0.85-0.90
2099,lighting type,1.0,D,D,1,1,single,False,False,image/JOIV8PPC.JPG,image/JOIV8PPC.JPG,0.81525683,below 0.85
2100,lighting type,1.0,C,C,1,1,single,False,False,image/EM06N6DM.jpg,image/EM06N6DM.jpg,0.90785444,0.90-0.95
2101,lighting type,1.0,D,D,1,1,single,False,False,image/F2F6AR2F.jpg,image/F2F6AR2F.jpg,0.8966435,0.85-0.90
2102,lighting type,0.0,A,C,1,1,single,False,False,image/BONPH1XO.jpg,image/BONPH1XO.jpg,0.9082538,0.90-0.95
2103,lighting type,0.0,A,D,1,1,single,False,False,image/89CVABPF.jpg,image/89CVABPF.jpg,0.89643246,0.85-0.90
2104,lighting type,0.0,D,B,1,1,single,False,False,image/74HTFD12.jpg,image/74HTFD12.jpg,0.91510093,0.90-0.95
2105,lighting type,0.0,A,D,1,1,single,False,False,image/1QV4JDT4.jpg,image/1QV4JDT4.jpg,0.8634693,0.85-0.90
2106,lighting type,0.0,B,C,1,1,single,False,False,image/V4TTXCGW.jpg,image/V4TTXCGW.jpg,0.90802044,0.90-0.95
2107,lighting type,0.0,B,A,1,1,single,False,False,image/ZLABN4JY.jpg,image/ZLABN4JY.jpg,0.8113642,below 0.85
2108,lighting type,0.0,C,B,1,1,single,False,False,image/63FIHWPZ.jpg,image/63FIHWPZ.jpg,0.8887157,0.85-0.90
2109,lighting type,0.0,B,D,1,1,single,False,False,image/T23R8RDE.jpg,image/T23R8RDE.jpg,0.91645133,0.90-0.95
2110,lighting type,0.0,A,C,1,1,single,False,False,image/REWOGB7H.jpg,image/REWOGB7H.jpg,0.88483363,0.85-0.90
2111,lighting type,0.0,D,B,1,1,single,False,False,image/HWR6Q3DQ.jpg,image/HWR6Q3DQ.jpg,0.83340645,below 0.85
2112,lighting type,0.0,B,D,1,1,single,False,False,image/ZZECVMTM.jpg,image/ZZECVMTM.jpg,0.9300505,0.90-0.95
2113,lighting type,1.0,C,C,1,1,single,False,False,image/FMV422BN.jpg,image/FMV422BN.jpg,0.8694116,0.85-0.90
2114,lighting type,0.0,B,C,1,1,single,False,False,image/MOU81RAY.jpg,image/MOU81RAY.jpg,0.87232596,0.85-0.90
2115,lighting type,0.0,D,A,1,1,single,False,False,image/GFIEVW58.JPG,image/GFIEVW58.JPG,0.8047341,below 0.85
2116,lighting type,0.0,A,C,1,1,single,False,False,image/JQ1GWQ1M.jpg,image/JQ1GWQ1M.jpg,0.9167792,0.90-0.95
2117,lighting type,1.0,A,A,1,1,single,False,False,image/3GVB86MA.jpg,image/3GVB86MA.jpg,0.91501045,0.90-0.95
2118,lighting type,0.0,B,A,1,1,single,False,False,image/4G58GFKN.jpg,image/4G58GFKN.jpg,0.9227387,0.90-0.95
2119,lighting type,1.0,A,A,1,1,single,False,False,image/1W6VK6KW.jpg,image/1W6VK6KW.jpg,0.903371,0.90-0.95
2120,lighting type,0.0,C,D,1,1,single,False,False,image/H0GUS0DZ.jpg,image/H0GUS0DZ.jpg,0.82827806,below 0.85
2121,lighting type,0.0,C,A,1,1,single,False,False,image/GZRDCFZK.jpg,image/GZRDCFZK.jpg,0.8634853,0.85-0.90
2122,lighting type,0.0,C,B,1,1,single,False,False,image/E17461VW.jpg,image/E17461VW.jpg,0.8552577,0.85-0.90
2123,lighting type,1.0,B,B,1,1,single,False,False,image/Q27OEM6E.jpg,image/Q27OEM6E.jpg,0.8613452,0.85-0.90
2124,lighting type,1.0,A,A,1,1,single,False,False,image/43L8BW35.jpg,image/43L8BW35.jpg,0.93115705,0.90-0.95
2125,lighting type,0.0,B,D,1,1,single,False,False,image/6EBZVJ1R.jpg,image/6EBZVJ1R.jpg,0.8430883,below 0.85
2126,lighting type,0.0,D,C,1,1,single,False,False,image/7AG3FNPM.jpg,image/7AG3FNPM.jpg,0.8316215,below 0.85
2127,lighting type,1.0,B,B,1,1,single,False,False,image/PCCHXEX0.jpg,image/PCCHXEX0.jpg,0.9056912,0.90-0.95
2128,lighting type,0.0,B,A,1,1,single,False,False,image/SUL3H5PG.jpg,image/SUL3H5PG.jpg,0.897773,0.85-0.90
2129,lighting type,0.0,B,C,1,1,single,False,False,image/D1KIK49S.jpg,image/D1KIK49S.jpg,0.84132427,below 0.85
2130,lighting type,0.0,B,D,1,1,single,False,False,image/80HXXYIE.jpg,image/80HXXYIE.jpg,0.9194256,0.90-0.95
2131,lighting type,0.0,D,A,1,1,single,False,False,image/DPXCPS1Y.jpg,image/DPXCPS1Y.jpg,0.8817844,0.85-0.90
2132,lighting type,1.0,B,B,1,1,single,False,False,image/9C6CXTYZ.jpg,image/9C6CXTYZ.jpg,0.86499393,0.85-0.90
2133,lighting type,1.0,B,B,1,1,single,False,False,image/GFTX2XLB.jpg,image/GFTX2XLB.jpg,0.91453135,0.90-0.95
2134,lighting type,1.0,C,C,1,1,single,False,False,image/1RIZF5K8.jpg,image/1RIZF5K8.jpg,0.83077455,below 0.85
2135,lighting type,0.0,B,C,1,1,single,False,False,image/EM46CUQO.png,image/EM46CUQO.png,0.8416695,below 0.85
2136,lighting type,1.0,C,C,1,1,single,False,False,image/UQ03HJW9.jpg,image/UQ03HJW9.jpg,0.8406229,below 0.85
2137,lighting type,0.0,C,A,1,1,single,False,False,image/OH0B3VIT.jpg,image/OH0B3VIT.jpg,0.85154575,0.85-0.90
2138,lighting type,1.0,A,A,1,1,single,False,False,image/VJV1WOEI.jpg,image/VJV1WOEI.jpg,0.8543911,0.85-0.90
2139,lighting type,0.0,D,B,1,1,single,False,False,image/QSIUFXBI.jpg,image/QSIUFXBI.jpg,0.8845216,0.85-0.90
2140,lighting type,0.0,C,D,1,1,single,False,False,image/00LM4LJV.jpg,image/00LM4LJV.jpg,0.9023427,0.90-0.95
2141,lighting type,1.0,C,C,1,1,single,False,False,image/YDASTFMK.jpg,image/YDASTFMK.jpg,0.87148404,0.85-0.90
2142,lighting type,1.0,A,A,1,1,single,False,False,image/VD3BAQ5Y.jpg,image/VD3BAQ5Y.jpg,0.9453127,0.90-0.95
2143,lighting type,0.0,B,A,1,1,single,False,False,image/QIVRREUY.JPG,image/QIVRREUY.JPG,0.8832511,0.85-0.90
2144,lighting type,0.0,A,C,1,1,single,False,False,image/BF4GMHG9.jpg,image/BF4GMHG9.jpg,0.8238105,below 0.85
2145,lighting type,0.0,D,B,1,1,single,False,False,image/G542Y7G8.jpg,image/G542Y7G8.jpg,0.9095168,0.90-0.95
2146,lighting type,1.0,A,A,1,1,single,False,False,image/DXU2M7EL.jpg,image/DXU2M7EL.jpg,0.8637823,0.85-0.90
2147,lighting type,0.0,C,A,1,2,combination,False,False,image/7C421VAL.jpg,image/7C421VAL.jpg,0.91701305,0.90-0.95
2148,lighting type,0.0,A,C,1,1,single,False,False,image/KRRWHAH0.jpg,image/KRRWHAH0.jpg,0.90294534,0.90-0.95
2149,lighting type,1.0,B,B,1,1,single,False,False,image/PVPZJYAN.JPG,image/PVPZJYAN.JPG,0.7990819,below 0.85
2150,lighting type,0.0,A,B,1,1,single,False,False,image/PWNUSVNP.jpg,image/PWNUSVNP.jpg,0.86517465,0.85-0.90
2151,lighting type,0.0,C,B,1,1,single,False,False,image/C9J1ONYE.jpg,image/C9J1ONYE.jpg,0.92835283,0.90-0.95
2152,lighting type,1.0,B,B,1,1,single,False,False,image/0FCL94WO.jpg,image/0FCL94WO.jpg,0.88321376,0.85-0.90
2153,lighting type,1.0,D,D,1,1,single,False,False,image/MQNPWN7Q.jpg,image/MQNPWN7Q.jpg,0.9348791,0.90-0.95
2154,lighting type,0.0,D,A,1,1,single,False,False,image/YGRE0MWX.jpg,image/YGRE0MWX.jpg,0.9341044,0.90-0.95
2155,lighting type,0.0,D,C,1,1,single,False,False,image/CTP7NBMW.jpg,image/CTP7NBMW.jpg,0.89529353,0.85-0.90
2156,lighting type,0.0,C,B,1,1,single,False,False,image/RXQQY4E3.jpg,image/RXQQY4E3.jpg,0.86791754,0.85-0.90
2157,lighting type,0.0,B,D,1,1,single,False,False,image/6NLVBF6X.jpg,image/6NLVBF6X.jpg,0.90590876,0.90-0.95
2158,lighting type,1.0,B,B,1,1,single,False,False,image/YTNONIL5.jpg,image/YTNONIL5.jpg,0.8883834,0.85-0.90
2159,lighting type,1.0,B,B,1,1,single,False,False,image/UHAR4P6L.jpg,image/UHAR4P6L.jpg,0.88626766,0.85-0.90
2160,lighting type,0.0,A,D,1,1,single,False,False,image/KZ3W4CJG.jpg,image/KZ3W4CJG.jpg,0.8628152,0.85-0.90
2161,lighting type,1.0,A,A,1,1,single,False,False,image/JRRTC2I7.jpg,image/JRRTC2I7.jpg,0.91792846,0.90-0.95
2162,lighting type,1.0,D,D,1,1,single,False,False,image/N0ZFKWMT.jpg,image/N0ZFKWMT.jpg,0.91975796,0.90-0.95
2163,lighting type,1.0,B,B,1,1,single,False,False,image/83WC0RTN.jpg,image/83WC0RTN.jpg,0.90877366,0.90-0.95
2164,lighting type,0.0,D,A,1,1,single,False,False,image/SG6YHW19.jpg,image/SG6YHW19.jpg,0.9040057,0.90-0.95
2165,lighting type,1.0,C,C,1,2,combination,False,False,image/6496IIGG.jpg,image/6496IIGG.jpg,0.88786715,0.85-0.90
2166,lighting type,0.0,B,A,1,1,single,False,False,image/4LMX6LLO.jpg,image/4LMX6LLO.jpg,0.91126037,0.90-0.95
2167,lighting type,1.0,C,C,1,1,single,False,False,image/MURF261J.jpg,image/MURF261J.jpg,0.8892219,0.85-0.90
2168,lighting type,0.0,B,D,1,1,single,False,False,image/LOA5V0ES.jpg,image/LOA5V0ES.jpg,0.9112661,0.90-0.95
2169,lighting type,0.0,A,B,1,1,single,False,False,image/RCXAL7VD.jpg,image/RCXAL7VD.jpg,0.8745286,0.85-0.90
2170,lighting type,0.0,B,D,1,1,single,False,False,image/X6WSG7J8.jpg,image/X6WSG7J8.jpg,0.8296531,below 0.85
2171,lighting type,1.0,D,D,1,1,single,False,False,image/DMEIOHF7.jpg,image/DMEIOHF7.jpg,0.89119035,0.85-0.90
2172,lighting type,0.0,A,D,1,1,single,False,False,image/QJA1PXE2.jpg,image/QJA1PXE2.jpg,0.81921095,below 0.85
2173,lighting type,0.0,D,C,1,1,single,False,False,image/J203Z5LE.jpg,image/J203Z5LE.jpg,0.9095131,0.90-0.95
2174,lighting type,0.0,D,C,1,1,single,False,False,image/HWRVL41K.jpg,image/HWRVL41K.jpg,0.90725577,0.90-0.95
2175,lighting type,0.0,B,C,1,1,single,False,False,image/HRCEP2ZK.jpg,image/HRCEP2ZK.jpg,0.9088357,0.90-0.95
2176,lighting type,0.0,D,A,1,1,single,False,False,image/RK42TPU7.jpg,image/RK42TPU7.jpg,0.9158292,0.90-0.95
2177,lighting type,1.0,C,C,1,1,single,False,False,image/R3324DKE.jpg,image/R3324DKE.jpg,0.8712527,0.85-0.90
2178,lighting type,0.0,D,B,1,1,single,False,False,image/X507ALAQ.jpg,image/X507ALAQ.jpg,0.90559834,0.90-0.95
2179,lighting type,0.0,D,A,1,1,single,False,False,image/TAEN6SY4.jpg,image/TAEN6SY4.jpg,0.84301895,below 0.85
2180,lighting type,0.0,A,D,1,1,single,False,False,image/NHBUAAL3.jpg,image/NHBUAAL3.jpg,0.8814682,0.85-0.90
2181,lighting type,1.0,A,A,1,1,single,False,False,image/FZZPTR8H.jpg,image/FZZPTR8H.jpg,0.90970427,0.90-0.95
2182,lighting type,1.0,C,C,1,1,single,False,False,image/9IAH7QPP.jpg,image/9IAH7QPP.jpg,0.94719005,0.90-0.95
2183,lighting type,1.0,A,A,1,1,single,False,False,image/KTJLU2LY.jpg,image/KTJLU2LY.jpg,0.9214887,0.90-0.95
2184,lighting type,1.0,B,B,1,1,single,False,False,image/C8F9ZRO3.jpg,image/C8F9ZRO3.jpg,0.77774614,below 0.85
2185,lighting type,1.0,A,A,1,1,single,False,False,image/VUQQM38P.JPG,image/VUQQM38P.JPG,0.82798606,below 0.85
2186,lighting type,0.0,B,D,1,1,single,False,False,image/36OSBNPP.jpg,image/36OSBNPP.jpg,0.85428745,0.85-0.90
2187,lighting type,0.0,C,D,1,1,single,False,False,image/YZ4BZN8B.jpg,image/YZ4BZN8B.jpg,0.8529041,0.85-0.90
2188,lighting type,0.0,B,C,1,1,single,False,False,image/3NJYPFNW.jpg,image/3NJYPFNW.jpg,0.8590838,0.85-0.90
2189,lighting type,0.0,B,A,1,1,single,False,False,image/Z0LJZS20.jpg,image/Z0LJZS20.jpg,0.843379,below 0.85
2190,lighting type,0.0,C,B,1,1,single,False,False,image/LVS8LJ5G.jpg,image/LVS8LJ5G.jpg,0.8585085,0.85-0.90
2191,lighting type,0.0,D,B,1,1,single,False,False,image/V0EJPVEJ.jpg,image/V0EJPVEJ.jpg,0.8265353,below 0.85
2192,lighting type,0.0,A,C,1,1,single,False,False,image/XHQ18AJB.jpg,image/XHQ18AJB.jpg,0.8799454,0.85-0.90
2193,lighting type,1.0,B,B,1,1,single,False,False,image/XKG6TNAP.jpg,image/XKG6TNAP.jpg,0.84918046,below 0.85
2194,lighting type,0.0,B,A,1,1,single,False,False,image/W5MOZHY1.jpg,image/W5MOZHY1.jpg,0.8760565,0.85-0.90
2195,lighting type,0.0,C,B,1,1,single,False,False,image/DG3F40QG.JPG,image/DG3F40QG.JPG,0.8615534,0.85-0.90
2196,lighting type,0.0,B,D,1,1,single,False,False,image/HRADCJ9I.jpg,image/HRADCJ9I.jpg,0.8935544,0.85-0.90
2197,lighting type,0.0,C,B,1,1,single,False,False,image/ZYO6I4KF.jpg,image/ZYO6I4KF.jpg,0.9106231,0.90-0.95
2198,lighting type,0.0,A,C,1,1,single,False,False,image/KMBRD1W3.jpg,image/KMBRD1W3.jpg,0.8361707,below 0.85
2199,lighting type,0.0,A,B,1,1,single,False,False,image/A3P8SMOT.jpg,image/A3P8SMOT.jpg,0.82912433,below 0.85
2200,lighting type,0.0,B,A,1,1,single,False,False,image/B3N3XOFC.jpg,image/B3N3XOFC.jpg,0.8421207,below 0.85
2201,lighting type,0.0,D,A,1,1,single,False,False,image/6D0VMIUI.jpg,image/6D0VMIUI.jpg,0.8608903,0.85-0.90
2202,lighting type,0.0,B,D,1,1,single,False,False,image/NZDJA4SZ.jpg,image/NZDJA4SZ.jpg,0.87807924,0.85-0.90
2203,lighting type,0.0,C,A,1,1,single,False,False,image/BM32QXAI.jpg,image/BM32QXAI.jpg,0.8063108,below 0.85
2204,lighting type,1.0,D,D,1,1,single,False,False,image/SWKR4B12.jpg,image/SWKR4B12.jpg,0.8850253,0.85-0.90
2205,lighting type,0.0,C,D,1,1,single,False,False,image/P8XP1L3Z.jpg,image/P8XP1L3Z.jpg,0.8191817,below 0.85
2206,lighting type,0.0,D,A,1,1,single,False,False,image/QIYRDQ3G.jpg,image/QIYRDQ3G.jpg,0.89378107,0.85-0.90
2207,lighting type,1.0,B,B,1,1,single,False,False,image/93QXYJZO.jpg,image/93QXYJZO.jpg,0.84689105,below 0.85
2208,lighting type,0.0,C,A,1,1,single,False,False,image/MPF042VQ.JPG,image/MPF042VQ.JPG,0.8577186,0.85-0.90
2209,lighting type,0.0,A,D,1,1,single,False,False,image/T392A29U.jpg,image/T392A29U.jpg,0.91857,0.90-0.95
2210,lighting type,0.0,A,B,1,1,single,False,False,image/YFJVABMT.jpg,image/YFJVABMT.jpg,0.8938035,0.85-0.90
2211,lighting type,1.0,D,D,1,1,single,False,False,image/S5K65XYW.JPG,image/S5K65XYW.JPG,0.8555604,0.85-0.90
2212,lighting type,1.0,C,C,1,1,single,False,False,image/4FWZUGMB.JPG,image/4FWZUGMB.JPG,0.77034223,below 0.85
2213,lighting type,1.0,A,A,1,1,single,False,False,image/AXIZ8DJE.jpg,image/AXIZ8DJE.jpg,0.9126443,0.90-0.95
2214,lighting type,0.0,B,A,1,1,single,False,False,image/42285EII.jpg,image/42285EII.jpg,0.85364795,0.85-0.90
2215,lighting type,0.0,D,B,1,1,single,False,False,image/YCQ962MM.jpg,image/YCQ962MM.jpg,0.8774828,0.85-0.90
2216,lighting type,1.0,A,A,1,1,single,False,False,image/45ABOX6L.jpg,image/45ABOX6L.jpg,0.9050818,0.90-0.95
2217,lighting type,1.0,A,A,1,1,single,False,False,image/T59JNNVC.jpg,image/T59JNNVC.jpg,0.86953986,0.85-0.90
2218,lighting type,0.0,B,A,1,1,single,False,False,image/PZWS9G9Y.jpg,image/PZWS9G9Y.jpg,0.900805,0.90-0.95
2219,lighting type,0.0,D,B,1,1,single,False,False,image/OW0S7XL7.jpg,image/OW0S7XL7.jpg,0.82917756,below 0.85
2220,lighting type,1.0,A,A,1,1,single,False,False,image/PZ9ZGG35.jpg,image/PZ9ZGG35.jpg,0.89061236,0.85-0.90
2221,lighting type,0.0,B,D,1,1,single,False,False,image/MTOUO0JO.jpg,image/MTOUO0JO.jpg,0.88215405,0.85-0.90
2222,lighting type,0.0,D,B,1,1,single,False,False,image/W9MQJYZ5.JPG,image/W9MQJYZ5.JPG,0.8610006,0.85-0.90
2223,lighting type,1.0,B,B,1,1,single,False,False,image/DQ9V796O.JPG,image/DQ9V796O.JPG,0.87670356,0.85-0.90
2224,lighting type,0.0,D,C,1,1,single,False,False,image/EGM443DZ.jpg,image/EGM443DZ.jpg,0.8118445,below 0.85
2225,lighting type,0.0,C,A,1,1,single,False,False,image/F3BWAJKK.jpg,image/F3BWAJKK.jpg,0.85058343,0.85-0.90
2226,lighting type,0.0,B,C,1,1,single,False,False,image/KDUA8MYL.jpg,image/KDUA8MYL.jpg,0.90869135,0.90-0.95
2227,lighting type,0.0,D,A,1,1,single,False,False,image/6SDYNHHD.jpg,image/6SDYNHHD.jpg,0.8923206,0.85-0.90
2228,lighting type,1.0,C,C,1,1,single,False,False,image/S7AE19AN.jpg,image/S7AE19AN.jpg,0.82944924,below 0.85
2229,lighting type,1.0,B,B,1,1,single,False,False,image/0UTRJPUI.jpg,image/0UTRJPUI.jpg,0.91299766,0.90-0.95
2230,lighting type,1.0,B,B,1,3,combination,False,False,image/J6AA1WLG.jpg,image/J6AA1WLG.jpg,0.84454674,below 0.85
2231,lighting type,1.0,D,D,1,2,combination,False,False,image/6O3FBCVZ.jpg,image/6O3FBCVZ.jpg,0.834824,below 0.85
2232,lighting type,1.0,A,A,1,1,single,False,False,image/QGWDVPLU.jpg,image/QGWDVPLU.jpg,0.8541629,0.85-0.90
2233,lighting type,1.0,B,B,1,2,combination,False,False,image/0902Z039.jpg,image/0902Z039.jpg,0.87978,0.85-0.90
2234,lighting type,1.0,A,A,1,1,single,False,False,image/K8EYMQ9F.jpg,image/K8EYMQ9F.jpg,0.82318956,below 0.85
2235,lighting type,1.0,C,C,1,1,single,False,False,image/AE6P3L6X.jpg,image/AE6P3L6X.jpg,0.84569246,below 0.85
2236,lighting type,1.0,A,A,1,1,single,False,False,image/4QA5BM1N.jpg,image/4QA5BM1N.jpg,0.91177607,0.90-0.95
2237,lighting type,1.0,C,C,1,2,combination,False,False,image/885HNK0R.jpg,image/885HNK0R.jpg,0.8857795,0.85-0.90
2238,lighting type,0.0,D,C,1,1,single,False,False,image/JI15D1MA.jpg,image/JI15D1MA.jpg,0.8177801,below 0.85
2239,lighting type,1.0,A,A,1,1,single,False,False,image/D99JXGKS.jpg,image/D99JXGKS.jpg,0.8571297,0.85-0.90
2240,lighting type,1.0,C,C,1,2,combination,False,False,image/H86OS4GI.jpg,image/H86OS4GI.jpg,0.82632357,below 0.85
2241,lighting type,1.0,D,D,1,2,combination,False,False,image/TI8FJ0WK.jpg,image/TI8FJ0WK.jpg,0.8761922,0.85-0.90
2242,lighting type,1.0,B,B,1,1,single,False,False,image/KTHBCRWB.jpg,image/KTHBCRWB.jpg,0.8127473,below 0.85
2243,lighting type,1.0,D,D,1,1,single,False,False,image/LOQD8ZUT.jpg,image/LOQD8ZUT.jpg,0.8340906,below 0.85
2244,lighting type,1.0,C,C,1,2,combination,False,False,image/V045TO4B.jpg,image/V045TO4B.jpg,0.86808455,0.85-0.90
2245,lighting type,1.0,D,D,1,1,single,False,False,image/89VCJZLO.jpg,image/89VCJZLO.jpg,0.8841003,0.85-0.90
2246,lighting type,1.0,C,C,1,2,combination,False,False,image/RBFB80HO.jpg,image/RBFB80HO.jpg,0.93028885,0.90-0.95
2247,lighting type,1.0,D,D,1,1,single,False,False,image/NMQEYK4Q.jpg,image/NMQEYK4Q.jpg,0.8729502,0.85-0.90
2248,lighting type,1.0,A,A,1,1,single,False,False,image/1OW6HRON.jpg,image/1OW6HRON.jpg,0.9346845,0.90-0.95
2249,lighting type,1.0,B,B,1,1,single,False,False,image/RCBMNFLX.jpg,image/RCBMNFLX.jpg,0.91306967,0.90-0.95
2250,lighting type,1.0,C,C,1,2,combination,False,False,image/2O0N52KQ.jpg,image/2O0N52KQ.jpg,0.81405616,below 0.85
2251,lighting type,0.0,A,C,1,2,combination,False,False,image/W4S5OMUM.jpg,image/W4S5OMUM.jpg,0.8364982,below 0.85
2252,lighting type,1.0,C,C,1,1,single,False,False,image/BCSDUU7A.jpg,image/BCSDUU7A.jpg,0.8948762,0.85-0.90
2253,lighting type,1.0,B,B,1,1,single,False,False,image/3YTGRINF.jpg,image/3YTGRINF.jpg,0.91247636,0.90-0.95
2254,lighting type,1.0,A,A,1,2,combination,False,False,image/VYIUFO3T.jpg,image/VYIUFO3T.jpg,0.90058625,0.90-0.95
2255,lighting type,1.0,D,D,1,1,single,False,False,image/K771B3TG.jpg,image/K771B3TG.jpg,0.949452,0.90-0.95
2256,lighting type,1.0,D,D,1,1,single,False,False,image/TADUC690.jpg,image/TADUC690.jpg,0.88147837,0.85-0.90
2257,lighting type,1.0,D,D,1,1,single,False,False,image/REE8PKRG.jpg,image/REE8PKRG.jpg,0.83428806,below 0.85
2258,lighting type,1.0,C,C,1,1,single,False,False,image/B603VIB9.jpg,image/B603VIB9.jpg,0.8656356,0.85-0.90
2259,lighting type,0.0,D,A,1,1,single,False,False,image/368UIA05.jpg,image/368UIA05.jpg,0.85784286,0.85-0.90
2260,lighting type,1.0,C,C,1,1,single,False,False,image/4OWAFKLB.jpg,image/4OWAFKLB.jpg,0.8552705,0.85-0.90
2261,lighting type,1.0,A,A,1,1,single,False,False,image/SM5SRG79.jpg,image/SM5SRG79.jpg,0.86969346,0.85-0.90
2262,lighting type,1.0,B,B,1,3,combination,False,False,image/BXD52NMM.jpg,image/BXD52NMM.jpg,0.9247772,0.90-0.95
2263,lighting type,1.0,B,B,1,2,combination,False,False,image/AGP9UBXG.jpg,image/AGP9UBXG.jpg,0.84434783,below 0.85
2264,lighting type,1.0,B,B,1,1,single,False,False,image/IHFCUD0R.jpg,image/IHFCUD0R.jpg,0.91470945,0.90-0.95
2265,lighting type,0.0,A,C,1,1,single,False,False,image/3SPGMAG1.jpg,image/3SPGMAG1.jpg,0.89628273,0.85-0.90
2266,lighting type,1.0,D,D,1,2,combination,False,False,image/IPMSBK7Z.jpg,image/IPMSBK7Z.jpg,0.9130373,0.90-0.95
2267,lighting type,1.0,B,B,1,1,single,False,False,image/WNTBH8SS.jpg,image/WNTBH8SS.jpg,0.8718335,0.85-0.90
2268,lighting type,1.0,B,B,1,1,single,False,False,image/SYER8MJ4.JPG,image/SYER8MJ4.JPG,0.8336406,below 0.85
2269,lighting type,1.0,C,C,1,3,combination,False,False,image/NEIVAVD2.jpg,image/NEIVAVD2.jpg,0.78124744,below 0.85
2270,lighting type,1.0,B,B,1,2,combination,False,False,image/REILWIV5.jpg,image/REILWIV5.jpg,0.8571656,0.85-0.90
2271,lighting type,1.0,C,C,1,1,single,False,False,image/MNZPT9HW.jpg,image/MNZPT9HW.jpg,0.90858406,0.90-0.95
2272,lighting type,1.0,C,C,1,1,single,False,False,image/Y8H5XD0E.jpg,image/Y8H5XD0E.jpg,0.8680147,0.85-0.90
2273,lighting type,1.0,B,B,1,1,single,False,False,image/K5CKBPMZ.jpg,image/K5CKBPMZ.jpg,0.7757696,below 0.85
2274,lighting type,1.0,B,B,1,2,combination,False,False,image/XLX146Z7.jpg,image/XLX146Z7.jpg,0.8756982,0.85-0.90
2275,lighting type,1.0,B,B,1,2,combination,False,False,image/064NEDYX.jpg,image/064NEDYX.jpg,0.8386452,below 0.85
2276,lighting type,1.0,C,C,1,3,combination,False,False,image/HUAODEJF.jpg,image/HUAODEJF.jpg,0.8697442,0.85-0.90
2277,lighting type,1.0,B,B,1,2,combination,False,False,image/MWKVU7CB.jpg,image/MWKVU7CB.jpg,0.8729213,0.85-0.90
2278,lighting type,1.0,C,C,1,3,combination,False,False,image/R6EN7INZ.jpg,image/R6EN7INZ.jpg,0.89609814,0.85-0.90
2279,lighting type,1.0,C,C,1,1,single,False,False,image/MKLMTBNA.jpg,image/MKLMTBNA.jpg,0.90300596,0.90-0.95
2280,lighting,1.0,A,A,1,3,combination,False,False,image/9XOPC6JK.jpg,image/9XOPC6JK.jpg,0.8359723,below 0.85
2281,lighting,1.0,A,A,1,2,combination,False,False,image/BU09EH7B.jpg,image/BU09EH7B.jpg,0.91089576,0.90-0.95
2282,lighting,1.0,B,B,1,1,single,False,False,image/XM75NHBI.jpg,image/XM75NHBI.jpg,0.9048899,0.90-0.95
2283,lighting,0.0,C,D,1,3,combination,False,False,image/65HBX6UL.jpg,image/65HBX6UL.jpg,0.85456413,0.85-0.90
2284,lighting,1.0,A,A,1,3,combination,False,False,image/V1PWYTK4.jpg,image/V1PWYTK4.jpg,0.87992054,0.85-0.90
2285,lighting,1.0,D,D,1,3,combination,False,False,image/FNSAR4CY.jpg,image/FNSAR4CY.jpg,0.8293767,below 0.85
2286,lighting,1.0,B,B,1,2,combination,False,False,image/TTMOWO0H.jpg,image/TTMOWO0H.jpg,0.8859938,0.85-0.90
2287,lighting,1.0,C,C,1,2,combination,False,False,image/66U6G12Q.jpg,image/66U6G12Q.jpg,0.8944949,0.85-0.90
2288,lighting,1.0,C,C,1,5,combination,False,False,image/EIIS953F.jpg,image/EIIS953F.jpg,0.89201474,0.85-0.90
2289,lighting,1.0,B,B,1,3,combination,False,False,image/G2QX56F8.jpg,image/G2QX56F8.jpg,0.87827086,0.85-0.90
2290,lighting,1.0,D,D,1,2,combination,False,False,image/3ODAQE5V.jpg,image/3ODAQE5V.jpg,0.8876781,0.85-0.90
2291,lighting,1.0,D,D,1,2,combination,False,False,image/LOE0O0VR.jpg,image/LOE0O0VR.jpg,0.8784707,0.85-0.90
2292,lighting,0.0,C,A,1,4,combination,False,False,image/SEE8VPRA.jpg,image/SEE8VPRA.jpg,0.8231377,below 0.85
2293,lighting,0.0,D,B,1,2,combination,False,False,image/PRL5XF02.jpg,image/PRL5XF02.jpg,0.85200775,0.85-0.90
2294,lighting,0.0,D,C,1,1,single,False,False,image/4770POV0.JPG,image/4770POV0.JPG,0.8467052,below 0.85
2295,lighting,1.0,A,A,1,2,combination,False,False,image/RYHXST8O.jpg,image/RYHXST8O.jpg,0.8792146,0.85-0.90
2296,lighting,1.0,A,A,1,2,combination,False,False,image/RN3QZ9CT.jpg,image/RN3QZ9CT.jpg,0.8623757,0.85-0.90
2297,lighting,0.0,B,D,1,1,single,False,False,image/4J7Y4LAJ.jpg,image/4J7Y4LAJ.jpg,0.84978443,below 0.85
2298,lighting,0.0,D,B,1,2,combination,False,False,image/G6WSH845.jpg,image/G6WSH845.jpg,0.9055547,0.90-0.95
2299,lighting,1.0,A,A,1,1,single,False,False,image/V79QDWDL.jpg,image/V79QDWDL.jpg,0.92621624,0.90-0.95
2300,lighting,1.0,C,C,1,1,single,False,False,image/4GO8URGV.jpg,image/4GO8URGV.jpg,0.8537126,0.85-0.90
2301,lighting,1.0,A,A,1,2,combination,False,False,image/52DMTBBW.jpg,image/52DMTBBW.jpg,0.8748217,0.85-0.90
2302,lighting,1.0,C,C,1,2,combination,False,False,image/A0AXUU8V.jpg,image/A0AXUU8V.jpg,0.9208376,0.90-0.95
2303,lighting,0.0,A,C,1,1,single,False,False,image/WP6QB2YV.jpg,image/WP6QB2YV.jpg,0.8340509,below 0.85
2304,lighting,0.0,B,C,1,3,combination,False,False,image/ZY6CDLZW.png,image/ZY6CDLZW.png,0.85341424,0.85-0.90
2305,lighting,1.0,D,D,1,1,single,False,False,image/PG2QR1Z5.jpg,image/PG2QR1Z5.jpg,0.8426643,below 0.85
2306,lighting,0.0,A,B,1,2,combination,False,False,image/GZBC99UR.jpg,image/GZBC99UR.jpg,0.8705138,0.85-0.90
2307,lighting,0.0,D,C,1,1,single,False,False,image/NPKA2XAE.jpg,image/NPKA2XAE.jpg,0.9076714,0.90-0.95
2308,lighting,1.0,B,B,1,1,single,False,False,image/M0UURB8N.jpg,image/M0UURB8N.jpg,0.87555045,0.85-0.90
2309,lighting,1.0,B,B,1,2,combination,False,False,image/D93V64LR.jpg,image/D93V64LR.jpg,0.92902005,0.90-0.95
2310,lighting,1.0,A,A,1,1,single,False,False,image/HXKS3UOX.jpg,image/HXKS3UOX.jpg,0.85454226,0.85-0.90
2311,lighting,0.0,B,D,1,3,combination,False,False,image/FJSC8AZB.jpg,image/FJSC8AZB.jpg,0.8380344,below 0.85
2312,lighting,1.0,A,A,1,3,combination,False,False,image/O3GCBSPX.jpg,image/O3GCBSPX.jpg,0.8820871,0.85-0.90
2313,lighting,1.0,D,D,1,2,combination,False,False,image/QPI2WD3T.jpg,image/QPI2WD3T.jpg,0.80805737,below 0.85
2314,lighting,0.0,C,B,1,1,single,False,False,image/B2G9U3XF.jpg,image/B2G9U3XF.jpg,0.7960974,below 0.85
2315,lighting,0.0,B,C,1,2,combination,False,False,image/ZN6I2Q3E.jpg,image/ZN6I2Q3E.jpg,0.8848951,0.85-0.90
2316,lighting,1.0,A,A,1,2,combination,False,False,image/4XDH4ISH.jpg,image/4XDH4ISH.jpg,0.8537964,0.85-0.90
2317,lighting,1.0,B,B,1,1,single,False,False,image/U0TX36WI.jpg,image/U0TX36WI.jpg,0.8952089,0.85-0.90
2318,lighting,0.0,B,D,1,2,combination,False,False,image/FEJTXMTU.jpg,image/FEJTXMTU.jpg,0.8666254,0.85-0.90
2319,lighting,1.0,B,B,1,2,combination,False,False,image/W6DSA0CD.jpg,image/W6DSA0CD.jpg,0.94238144,0.90-0.95
2320,lighting,1.0,D,D,1,2,combination,False,False,image/JZY7MF71.jpg,image/JZY7MF71.jpg,0.8990158,0.85-0.90
2321,lighting,1.0,D,D,1,2,combination,False,False,image/F5GB4FIN.jpg,image/F5GB4FIN.jpg,0.8951523,0.85-0.90
2322,lighting,0.0,C,B,1,1,single,False,False,image/1IFR3MF0.jpg,image/1IFR3MF0.jpg,0.8991903,0.85-0.90
2323,lighting,1.0,B,B,1,2,combination,False,False,image/REBME64W.jpg,image/REBME64W.jpg,0.8573422,0.85-0.90
2324,lighting,1.0,A,A,1,1,single,False,False,image/931JMIJS.jpg,image/931JMIJS.jpg,0.8722922,0.85-0.90
2325,lighting,0.0,A,B,1,2,combination,False,False,image/TP9FJLRP.jpg,image/TP9FJLRP.jpg,0.8798562,0.85-0.90
2326,lighting,1.0,B,B,1,1,single,False,False,image/TZB0U5Q5.jpg,image/TZB0U5Q5.jpg,0.8545067,0.85-0.90
2327,lighting,1.0,A,A,1,3,combination,False,False,image/TGSFJL8N.jpg,image/TGSFJL8N.jpg,0.8862571,0.85-0.90
2328,lighting,1.0,B,B,1,3,combination,False,False,image/4OR4O763.jpg,image/4OR4O763.jpg,0.77082205,below 0.85
2329,lighting,0.0,C,B,1,4,combination,False,False,image/0NN3ZNBY.jpg,image/0NN3ZNBY.jpg,0.8603242,0.85-0.90
2330,lighting,1.0,C,C,1,1,single,False,False,image/GLX1X9VE.jpg,image/GLX1X9VE.jpg,0.8915788,0.85-0.90
2331,lighting,1.0,B,B,1,1,single,False,False,image/ZTRKFXOS.jpg,image/ZTRKFXOS.jpg,0.83877385,below 0.85
2332,lighting,1.0,D,D,1,2,combination,False,False,image/CCLEFNDS.jpg,image/CCLEFNDS.jpg,0.87290347,0.85-0.90
2333,lighting,1.0,B,B,1,1,single,False,False,image/IMQORBES.jpg,image/IMQORBES.jpg,0.82508737,below 0.85
2334,lighting,0.0,B,A,1,2,combination,False,False,image/WG6GQPZM.jpg,image/WG6GQPZM.jpg,0.87099487,0.85-0.90
2335,lighting,1.0,C,C,1,1,single,False,False,image/1GT5QCK4.jpg,image/1GT5QCK4.jpg,0.92889696,0.90-0.95
2336,lighting,1.0,C,C,1,2,combination,False,False,image/I5BBCSH9.jpg,image/I5BBCSH9.jpg,0.9220112,0.90-0.95
2337,lighting,1.0,A,A,1,1,single,False,False,image/X014693G.jpg,image/X014693G.jpg,0.8710762,0.85-0.90
2338,lighting,0.0,D,C,1,3,combination,False,False,image/UAOHS3ZZ.jpg,image/UAOHS3ZZ.jpg,0.9004461,0.90-0.95
2339,lighting,1.0,D,D,1,2,combination,False,False,image/LG468Q19.jpg,image/LG468Q19.jpg,0.8538091,0.85-0.90
2340,lighting,0.0,D,A,1,4,combination,False,False,image/TS6N7M67.jpg,image/TS6N7M67.jpg,0.9235382,0.90-0.95
2341,lighting,1.0,A,A,1,1,single,False,False,image/6ZQ33W80.jpg,image/6ZQ33W80.jpg,0.8766349,0.85-0.90
2342,lighting,0.0,B,D,1,3,combination,False,False,image/A1YYFBXL.jpg,image/A1YYFBXL.jpg,0.87325114,0.85-0.90
2343,lighting,1.0,B,B,1,2,combination,False,False,image/0QKVF4SO.jpg,image/0QKVF4SO.jpg,0.88594186,0.85-0.90
2344,lighting,0.0,B,D,1,1,single,False,False,image/HGHI45FQ.jpg,image/HGHI45FQ.jpg,0.8348456,below 0.85
2345,lighting,0.0,D,C,1,3,combination,False,False,image/BRWEOG3P.jpg,image/BRWEOG3P.jpg,0.8660772,0.85-0.90
2346,lighting,0.0,A,B,1,3,combination,False,False,image/P1SBCXPZ.jpg,image/P1SBCXPZ.jpg,0.88565564,0.85-0.90
2347,lighting,1.0,D,D,1,2,combination,False,False,image/ZDOZ1LF9.jpg,image/ZDOZ1LF9.jpg,0.9524552,0.95 and above
2348,lighting,0.0,D,B,1,2,combination,False,False,image/H644UFRM.jpg,image/H644UFRM.jpg,0.8759814,0.85-0.90
2349,lighting,1.0,A,A,1,3,combination,False,False,image/FCC67XUQ.jpeg,image/FCC67XUQ.jpeg,0.89450634,0.85-0.90
2350,lighting,1.0,C,C,1,2,combination,False,False,image/1B3Q25ND.jpg,image/1B3Q25ND.jpg,0.86676234,0.85-0.90
2351,lighting,0.0,B,C,1,1,single,False,False,image/CSK9TLMR.jpg,image/CSK9TLMR.jpg,0.9020164,0.90-0.95
2352,lighting,1.0,C,C,1,2,combination,False,False,image/CZRTTYAH.jpg,image/CZRTTYAH.jpg,0.8723357,0.85-0.90
2353,lighting,1.0,A,A,1,1,single,False,False,image/WWE4RNH4.jpg,image/WWE4RNH4.jpg,0.9142368,0.90-0.95
2354,lighting,1.0,A,A,1,1,single,False,False,image/UGXGJ2NR.jpg,image/UGXGJ2NR.jpg,0.853654,0.85-0.90
2355,lighting,1.0,D,D,1,2,combination,False,False,image/G6QODQP9.jpg,image/G6QODQP9.jpg,0.841701,below 0.85
2356,lighting,1.0,B,B,1,2,combination,False,False,image/SDIBNQCA.jpg,image/SDIBNQCA.jpg,0.8738688,0.85-0.90
2357,lighting,1.0,C,C,1,1,single,False,False,image/MBFK93JN.jpg,image/MBFK93JN.jpg,0.9101388,0.90-0.95
2358,lighting,0.0,B,D,1,2,combination,False,False,image/J4LRV6FS.jpg,image/J4LRV6FS.jpg,0.85832036,0.85-0.90
2359,lighting,1.0,B,B,1,2,combination,False,False,image/TL5J7PR4.jpg,image/TL5J7PR4.jpg,0.9025391,0.90-0.95
2360,lighting,1.0,C,C,1,2,combination,False,False,image/YL78ABMP.jpg,image/YL78ABMP.jpg,0.9456833,0.90-0.95
2361,lighting,1.0,A,A,1,1,single,False,False,image/ZJ1UOLTU.jpg,image/ZJ1UOLTU.jpg,0.8801077,0.85-0.90
2362,lighting,1.0,A,A,1,1,single,False,False,image/LPTYOJD8.jpg,image/LPTYOJD8.jpg,0.8947436,0.85-0.90
2363,lighting,1.0,A,A,1,1,single,False,False,image/10GDRZMC.jpg,image/10GDRZMC.jpg,0.8429958,below 0.85
2364,lighting,0.0,C,B,1,1,single,False,False,image/G35XN2YL.jpg,image/G35XN2YL.jpg,0.79354364,below 0.85
2365,lighting,1.0,C,C,1,3,combination,False,False,image/W4LB45ES.jpg,image/W4LB45ES.jpg,0.910727,0.90-0.95
2366,lighting,0.0,A,C,1,1,single,False,False,image/DXU2M7EL.jpg,image/DXU2M7EL.jpg,0.8637823,0.85-0.90
2367,lighting,1.0,B,B,1,1,single,False,False,image/L85TOEVZ.jpg,image/L85TOEVZ.jpg,0.83374476,below 0.85
2368,lighting,1.0,B,B,1,2,combination,False,False,image/WW0Y0Q8T.jpg,image/WW0Y0Q8T.jpg,0.86081517,0.85-0.90
2369,lighting,1.0,C,C,1,1,single,False,False,image/7WI1EYDK.jpg,image/7WI1EYDK.jpg,0.8509705,0.85-0.90
2370,lighting,1.0,D,D,1,2,combination,False,False,image/Z42FAUIN.jpg,image/Z42FAUIN.jpg,0.9085267,0.90-0.95
2371,lighting,1.0,C,C,1,2,combination,False,False,image/QTQ0EE0C.jpg,image/QTQ0EE0C.jpg,0.83161664,below 0.85
2372,lighting,1.0,A,A,1,1,single,False,False,image/DTRLW9SP.jpg,image/DTRLW9SP.jpg,0.8472509,below 0.85
2373,lighting,1.0,C,C,1,1,single,False,False,image/72KQ8Z3O.jpg,image/72KQ8Z3O.jpg,0.9113962,0.90-0.95
2374,lighting,0.0,D,C,1,1,single,False,False,image/XMX06765.jpg,image/XMX06765.jpg,0.896427,0.85-0.90
2375,lighting,0.0,D,C,1,3,combination,False,False,image/TTVO3FJ9.jpg,image/TTVO3FJ9.jpg,0.85932,0.85-0.90
2376,lighting,0.0,C,A,1,2,combination,False,False,image/OOFKKKGU.jpg,image/OOFKKKGU.jpg,0.862199,0.85-0.90
2377,lighting,1.0,D,D,1,2,combination,False,False,image/ZQYUU0DO.jpg,image/ZQYUU0DO.jpg,0.90275013,0.90-0.95
2378,lighting,1.0,D,D,1,2,combination,False,False,image/PYZAF07X.jpg,image/PYZAF07X.jpg,0.8845399,0.85-0.90
2379,lighting,1.0,C,C,1,1,single,False,False,image/624NUMVT.jpg,image/624NUMVT.jpg,0.8921576,0.85-0.90
2380,lighting,1.0,C,C,1,2,combination,False,False,image/K5KYR6YR.jpg,image/K5KYR6YR.jpg,0.86091906,0.85-0.90
2381,lighting,1.0,D,D,1,1,single,False,False,image/NJL43R51.jpg,image/NJL43R51.jpg,0.9391823,0.90-0.95
2382,lighting,0.0,B,A,1,1,single,False,False,image/YP3RFOM7.jpg,image/YP3RFOM7.jpg,0.9079945,0.90-0.95
2383,lighting,1.0,C,C,1,3,combination,False,False,image/FNQXXTKD.jpg,image/FNQXXTKD.jpg,0.872723,0.85-0.90
2384,lighting,1.0,D,D,1,2,combination,False,False,image/D4GZO3EG.jpg,image/D4GZO3EG.jpg,0.9196373,0.90-0.95
2385,lighting,1.0,B,B,1,2,combination,False,False,image/KK8YL1JO.jpg,image/KK8YL1JO.jpg,0.8061014,below 0.85
2386,lighting,0.0,B,A,1,1,single,False,False,image/B8SB7685.jpg,image/B8SB7685.jpg,0.897551,0.85-0.90
2387,lighting,1.0,B,B,1,2,combination,False,False,image/PGYKFSO1.jpg,image/PGYKFSO1.jpg,0.8964298,0.85-0.90
2388,lighting,1.0,C,C,1,1,single,False,False,image/S1DR8J1O.jpg,image/S1DR8J1O.jpg,0.90333325,0.90-0.95
2389,lighting,0.0,A,B,1,3,combination,False,False,image/EYZJGSQ6.jpg,image/EYZJGSQ6.jpg,0.9291383,0.90-0.95
2390,lighting,0.0,D,B,1,1,single,False,False,image/2ARBDAR6.jpg,image/2ARBDAR6.jpg,0.95420516,0.95 and above
2391,lighting,1.0,D,D,1,1,single,False,False,image/AZWVQJUZ.png,image/AZWVQJUZ.png,0.91919464,0.90-0.95
2392,lighting,0.0,C,D,1,2,combination,False,False,image/Y8TH2N6E.jpg,image/Y8TH2N6E.jpg,0.8461868,below 0.85
2393,lighting,1.0,B,B,1,2,combination,False,False,image/SIAP82Q6.jpg,image/SIAP82Q6.jpg,0.84668297,below 0.85
2394,lighting,0.0,B,C,1,3,combination,False,False,image/YNGU9V0I.jpg,image/YNGU9V0I.jpg,0.77141386,below 0.85
2395,lighting,0.0,C,B,1,2,combination,False,False,image/5YHMDDZQ.jpg,image/5YHMDDZQ.jpg,0.83350223,below 0.85
2396,lighting,0.0,B,D,1,2,combination,False,False,image/W5LVISTL.jpg,image/W5LVISTL.jpg,0.8946668,0.85-0.90
2397,lighting,1.0,A,A,1,3,combination,False,False,image/PW9EJV8S.jpg,image/PW9EJV8S.jpg,0.84326524,below 0.85
2398,lighting,1.0,A,A,1,1,single,False,False,image/JC34QXVB.jpg,image/JC34QXVB.jpg,0.8264124,below 0.85
2399,lighting,1.0,B,B,1,1,single,False,False,image/GL7X0R8F.jpg,image/GL7X0R8F.jpg,0.8040038,below 0.85
2400,lighting,0.0,D,C,1,2,combination,False,False,image/MJAFQU8G.jpg,image/MJAFQU8G.jpg,0.8577751,0.85-0.90
2401,lighting,0.0,A,B,1,1,single,False,False,image/QF11ET4V.png,image/QF11ET4V.png,0.8409237,below 0.85
2402,lighting,1.0,C,C,1,1,single,False,False,image/DMDDVKR5.jpg,image/DMDDVKR5.jpg,0.88515645,0.85-0.90
2403,lighting,1.0,C,C,1,2,combination,False,False,image/DTUPITSJ.jpg,image/DTUPITSJ.jpg,0.9406403,0.90-0.95
2404,lighting,1.0,B,B,1,3,combination,False,False,image/YK61K8RZ.jpg,image/YK61K8RZ.jpg,0.88116103,0.85-0.90
2405,lighting,1.0,D,D,1,2,combination,False,False,image/GGCVSILW.jpg,image/GGCVSILW.jpg,0.8619685,0.85-0.90
2406,lighting,0.0,D,A,1,1,single,False,False,image/GH15K2CB.jpg,image/GH15K2CB.jpg,0.91629505,0.90-0.95
2407,lighting,1.0,D,D,1,1,single,False,False,image/H61RRM0D.jpg,image/H61RRM0D.jpg,0.9113963,0.90-0.95
2408,lighting,1.0,C,C,1,1,single,False,False,image/D01WKZ4N.JPG,image/D01WKZ4N.JPG,0.89785856,0.85-0.90
2409,lighting,1.0,B,B,1,1,single,False,False,image/4MZRWE35.jpg,image/4MZRWE35.jpg,0.8199118,below 0.85
2410,lighting,0.0,A,B,1,1,single,False,False,image/W9HHME3J.jpg,image/W9HHME3J.jpg,0.8230712,below 0.85
2411,lighting,1.0,A,A,1,1,single,False,False,image/I80X3J8C.jpg,image/I80X3J8C.jpg,0.8742989,0.85-0.90
2412,lighting,0.0,C,D,1,1,single,False,False,image/MZRXW7GF.jpg,image/MZRXW7GF.jpg,0.8412151,below 0.85
2413,lighting,1.0,C,C,1,1,single,False,False,image/A11ZS50B.jpg,image/A11ZS50B.jpg,0.85438997,0.85-0.90
2414,lighting,0.0,B,D,1,1,single,False,False,image/EN5I8EU6.jpg,image/EN5I8EU6.jpg,0.871782,0.85-0.90
2415,lighting,1.0,B,B,1,1,single,False,False,image/B6SCVIC0.jpg,image/B6SCVIC0.jpg,0.8812662,0.85-0.90
2416,lighting,0.0,B,C,1,1,single,False,False,image/1SPNLRD7.jpg,image/1SPNLRD7.jpg,0.89433247,0.85-0.90
2417,lighting,1.0,B,B,1,1,single,False,False,image/7HY0GYL3.jpg,image/7HY0GYL3.jpg,0.87810105,0.85-0.90
2418,lighting,1.0,C,C,1,1,single,False,False,image/KA6TAOOV.jpg,image/KA6TAOOV.jpg,0.90014076,0.90-0.95
2419,lighting,1.0,D,D,1,1,single,False,False,image/1H1MK9JW.jpg,image/1H1MK9JW.jpg,0.8892316,0.85-0.90
2420,lighting,1.0,D,D,1,1,single,False,False,image/KDHT1TRO.jpg,image/KDHT1TRO.jpg,0.8901252,0.85-0.90
2421,lighting,1.0,C,C,1,1,single,False,False,image/S0XP7T84.jpg,image/S0XP7T84.jpg,0.8428617,below 0.85
2422,lighting,0.0,B,A,1,2,combination,False,False,image/MYVN9H8F.jpg,image/MYVN9H8F.jpg,0.85581744,0.85-0.90
2423,lighting,1.0,D,D,1,1,single,False,False,image/UMN3W7LZ.jpg,image/UMN3W7LZ.jpg,0.9259397,0.90-0.95
2424,lighting,1.0,B,B,1,1,single,False,False,image/RWZKKRT0.jpg,image/RWZKKRT0.jpg,0.87637794,0.85-0.90
2425,lighting,1.0,C,C,1,1,single,False,False,image/OHNU469C.jpg,image/OHNU469C.jpg,0.93075025,0.90-0.95
2426,lighting,1.0,B,B,1,2,combination,False,False,image/OCOWP5NW.jpg,image/OCOWP5NW.jpg,0.9132607,0.90-0.95
2427,lighting,1.0,B,B,1,1,single,False,False,image/PRLSXNBH.jpg,image/PRLSXNBH.jpg,0.8418911,below 0.85
2428,lighting,0.0,C,B,1,1,single,False,False,image/N9NA7AIQ.jpg,image/N9NA7AIQ.jpg,0.84562963,below 0.85
2429,lighting,1.0,D,D,1,2,combination,False,False,image/FM0UGL89.jpg,image/FM0UGL89.jpg,0.9383785,0.90-0.95
2430,lighting,1.0,D,D,1,2,combination,False,False,image/VEXDB6IP.png,image/VEXDB6IP.png,0.8436539,below 0.85
2431,lighting,1.0,B,B,1,1,single,False,False,image/Z62BH647.jpg,image/Z62BH647.jpg,0.84040487,below 0.85
2432,lighting,1.0,D,D,1,4,combination,False,False,image/T973ZSZI.jpg,image/T973ZSZI.jpg,0.8664656,0.85-0.90
2433,lighting,0.0,A,D,1,1,single,False,False,image/VG217TDX.jpg,image/VG217TDX.jpg,0.87990654,0.85-0.90
2434,lighting,1.0,D,D,1,1,single,False,False,image/Q7NL7XWS.jpg,image/Q7NL7XWS.jpg,0.9106547,0.90-0.95
2435,lighting,0.0,B,A,1,2,combination,False,False,image/RQ9WDZJO.jpg,image/RQ9WDZJO.jpg,0.91509336,0.90-0.95
2436,lighting,1.0,D,D,1,1,single,False,False,image/S879YHTI.jpg,image/S879YHTI.jpg,0.99084485,0.95 and above
2437,lighting,0.0,A,C,1,1,single,False,False,image/HQNFJTHY.jpg,image/HQNFJTHY.jpg,0.8800722,0.85-0.90
2438,lighting,1.0,C,C,1,1,single,False,False,image/0S2GNRCU.jpg,image/0S2GNRCU.jpg,0.89582473,0.85-0.90
2439,lighting,0.0,D,C,1,1,single,False,False,image/EICRL7YZ.jpg,image/EICRL7YZ.jpg,0.85250264,0.85-0.90
2440,lighting,1.0,A,A,1,1,single,False,False,image/8IEZA187.jpg,image/8IEZA187.jpg,0.8597688,0.85-0.90
2441,lighting,1.0,C,C,1,1,single,False,False,image/SGLHI4HQ.jpg,image/SGLHI4HQ.jpg,0.9035695,0.90-0.95
2442,lighting,1.0,D,D,1,1,single,False,False,image/I1BD2HV7.jpg,image/I1BD2HV7.jpg,0.9216221,0.90-0.95
2443,lighting,1.0,B,B,1,2,combination,False,False,image/L79P79OT.jpg,image/L79P79OT.jpg,0.8541987,0.85-0.90
2444,lighting,1.0,C,C,1,1,single,False,False,image/RQ5JLG2J.jpg,image/RQ5JLG2J.jpg,0.8716,0.85-0.90
2445,lighting,1.0,C,C,1,2,combination,False,False,image/P24S5FM2.jpg,image/P24S5FM2.jpg,0.8873189,0.85-0.90
2446,lighting,0.0,B,C,1,5,combination,False,False,image/DU0FPEXV.jpg,image/DU0FPEXV.jpg,0.8268054,below 0.85
2447,lighting,1.0,A,A,1,1,single,False,False,image/1ADWMUKI.jpg,image/1ADWMUKI.jpg,0.83250344,below 0.85
2448,lighting,0.0,B,C,1,1,single,False,False,image/FIGRTBLP.jpg,image/FIGRTBLP.jpg,0.8523,0.85-0.90
2449,lighting,0.0,D,B,1,1,single,False,False,image/RM45DCEB.jpg,image/RM45DCEB.jpg,0.8337521,below 0.85
2450,lighting,1.0,C,C,1,1,single,False,False,image/AKQ2Z8OR.jpg,image/AKQ2Z8OR.jpg,0.9165335,0.90-0.95
2451,lighting,1.0,A,A,1,2,combination,False,False,image/M90XSBTK.jpg,image/M90XSBTK.jpg,0.8853077,0.85-0.90
2452,lighting,0.0,C,D,1,2,combination,False,False,image/IXHN4IIR.jpg,image/IXHN4IIR.jpg,0.92336947,0.90-0.95
2453,lighting,1.0,D,D,1,1,single,False,False,image/I6UYKUZH.jpg,image/I6UYKUZH.jpg,0.8770392,0.85-0.90
2454,lighting,1.0,B,B,1,1,single,False,False,image/568U4L1H.jpg,image/568U4L1H.jpg,0.87494755,0.85-0.90
2455,lighting,1.0,D,D,1,1,single,False,False,image/9EKR56TP.jpg,image/9EKR56TP.jpg,0.80051506,below 0.85
2456,lighting,0.0,B,C,1,1,single,False,False,image/WPNEP0Z1.jpg,image/WPNEP0Z1.jpg,0.924892,0.90-0.95
2457,lighting,0.0,D,A,1,1,single,False,False,image/AR1HJ1T4.jpg,image/AR1HJ1T4.jpg,0.947053,0.90-0.95
2458,lighting,0.0,D,C,1,1,single,False,False,image/U0ZIR3XS.jpg,image/U0ZIR3XS.jpg,0.91228163,0.90-0.95
2459,lighting,1.0,A,A,1,1,single,False,False,image/G6BQ45BQ.jpg,image/G6BQ45BQ.jpg,0.88863397,0.85-0.90
2460,lighting,1.0,A,A,1,1,single,False,False,image/AC69IUCL.png,image/AC69IUCL.png,0.88975877,0.85-0.90
2461,lighting,1.0,D,D,1,2,combination,False,False,image/Q5GZX3VI.jpg,image/Q5GZX3VI.jpg,0.8980538,0.85-0.90
2462,lighting,1.0,C,C,1,1,single,False,False,image/VLOLMECF.jpg,image/VLOLMECF.jpg,0.8970844,0.85-0.90
2463,lighting,0.0,B,C,1,1,single,False,False,image/CM6EPO6T.jpg,image/CM6EPO6T.jpg,0.901468,0.90-0.95
2464,lighting,1.0,C,C,1,3,combination,False,False,image/BNQ2JD4P.jpg,image/BNQ2JD4P.jpg,0.88625443,0.85-0.90
2465,lighting,1.0,A,A,1,2,combination,False,False,image/666MB9LC.jpg,image/666MB9LC.jpg,0.90025306,0.90-0.95
2466,lighting,0.0,B,C,1,2,combination,False,False,image/CUPH73GF.jpg,image/CUPH73GF.jpg,0.87451035,0.85-0.90
2467,lighting,0.0,C,A,1,1,single,False,False,image/FYNFS5GS.jpg,image/FYNFS5GS.jpg,0.8730275,0.85-0.90
2468,lighting,1.0,D,D,1,1,single,False,False,image/Q95GQ50V.jpg,image/Q95GQ50V.jpg,0.87498564,0.85-0.90
2469,lighting,1.0,D,D,1,1,single,False,False,image/A4J0H77K.jpg,image/A4J0H77K.jpg,0.8794002,0.85-0.90
2470,lighting,0.0,A,C,1,1,single,False,False,image/MRNWQNYQ.jpg,image/MRNWQNYQ.jpg,0.82825446,below 0.85
2471,lighting,0.0,D,B,1,1,single,False,False,image/CK0GCZAI.jpg,image/CK0GCZAI.jpg,0.6729111,below 0.85
2472,lighting,1.0,B,B,1,4,combination,False,False,image/KMM55R0X.jpg,image/KMM55R0X.jpg,0.9250323,0.90-0.95
2473,lighting,0.0,B,A,1,1,single,False,False,image/UZNQJ5DW.jpg,image/UZNQJ5DW.jpg,0.9149976,0.90-0.95
2474,lighting,0.0,D,C,1,1,single,False,False,image/2XH97KI8.jpg,image/2XH97KI8.jpg,0.87358874,0.85-0.90
2475,lighting,0.0,A,B,1,1,single,False,False,image/QZDUQVGM.jpg,image/QZDUQVGM.jpg,0.80900973,below 0.85
2476,lighting,1.0,D,D,1,1,single,False,False,image/C2V2IBMO.jpg,image/C2V2IBMO.jpg,0.86097115,0.85-0.90
2477,lighting,0.0,B,C,1,2,combination,False,False,image/6X9RZTDE.jpg,image/6X9RZTDE.jpg,0.8710604,0.85-0.90
2478,lighting,0.0,A,B,1,1,single,False,False,image/NTEDJ7KK.jpg,image/NTEDJ7KK.jpg,0.9258496,0.90-0.95
2479,lighting,1.0,A,A,1,1,single,False,False,image/R82GPCTN.jpg,image/R82GPCTN.jpg,0.8532114,0.85-0.90
2480,lighting,1.0,D,D,1,1,single,False,False,image/I19PGMSZ.jpg,image/I19PGMSZ.jpg,0.882372,0.85-0.90
2481,lighting,0.0,A,C,1,1,single,False,False,image/REA7IMIB.jpg,image/REA7IMIB.jpg,0.8960344,0.85-0.90
2482,lighting,1.0,C,C,1,1,single,False,False,image/VT8FUIK8.jpg,image/VT8FUIK8.jpg,0.90973085,0.90-0.95
2483,lighting,0.0,B,C,1,3,combination,False,False,image/M8ZS86CJ.jpg,image/M8ZS86CJ.jpg,0.8858669,0.85-0.90
2484,lighting,1.0,A,A,1,1,single,False,False,image/U5OEOM3A.jpg,image/U5OEOM3A.jpg,0.8916448,0.85-0.90
2485,lighting,0.0,C,A,1,1,single,False,False,image/G6C1SE8F.jpg,image/G6C1SE8F.jpg,0.86782014,0.85-0.90
2486,lighting,1.0,B,B,1,2,combination,False,False,image/OSD8GU7Q.jpg,image/OSD8GU7Q.jpg,0.8867071,0.85-0.90
2487,lighting,1.0,C,C,1,2,combination,False,False,image/9KCUHGO3.jpg,image/9KCUHGO3.jpg,0.9170636,0.90-0.95
2488,lighting,1.0,C,C,1,2,combination,False,False,image/LX28FZPM.jpg,image/LX28FZPM.jpg,0.8944925,0.85-0.90
2489,lighting,1.0,A,A,1,2,combination,False,False,image/1ETRT02K.jpg,image/1ETRT02K.jpg,0.88581115,0.85-0.90
2490,lighting,1.0,D,D,1,2,combination,False,False,image/LL7B43OD.jpg,image/LL7B43OD.jpg,0.9035957,0.90-0.95
2491,lighting,1.0,A,A,1,1,single,False,False,image/YLSNRDHP.jpg,image/YLSNRDHP.jpg,0.9106234,0.90-0.95
2492,lighting,1.0,C,C,1,1,single,False,False,image/R65H1C90.jpg,image/R65H1C90.jpg,0.9880436,0.95 and above
2493,lighting,1.0,D,D,1,2,combination,False,False,image/0PUKSJ8T.jpg,image/0PUKSJ8T.jpg,0.8832089,0.85-0.90
2494,lighting,0.0,C,B,1,1,single,False,False,image/A3OXJAKC.jpg,image/A3OXJAKC.jpg,0.86146903,0.85-0.90
2495,lighting,0.0,D,A,1,1,single,False,False,image/4TVVRH14.jpg,image/4TVVRH14.jpg,0.9116806,0.90-0.95
2496,lighting,0.0,A,C,1,1,single,False,False,image/FVIFM1M0.jpg,image/FVIFM1M0.jpg,0.8823692,0.85-0.90
2497,lighting,1.0,D,D,1,1,single,False,False,image/MZ9Q18OR.jpg,image/MZ9Q18OR.jpg,0.86746037,0.85-0.90
2498,lighting,1.0,A,A,1,1,single,False,False,image/QSBX2XXV.png,image/QSBX2XXV.png,0.9110425,0.90-0.95
2499,lighting,0.0,C,A,1,1,single,False,False,image/7A2Y1N7Q.jpg,image/7A2Y1N7Q.jpg,0.85285884,0.85-0.90
2500,lighting,0.0,C,D,1,1,single,False,False,image/8C6U20L6.jpg,image/8C6U20L6.jpg,0.7795196,below 0.85
2501,lighting,1.0,B,B,1,1,single,False,False,image/E4PVCOCW.png,image/E4PVCOCW.png,0.90543425,0.90-0.95
2502,lighting,0.0,A,B,1,1,single,False,False,image/1MUYHJ3S.jpg,image/1MUYHJ3S.jpg,0.7643845,below 0.85
2503,lighting,1.0,D,D,1,1,single,False,False,image/0SXRMKST.jpg,image/0SXRMKST.jpg,0.8710613,0.85-0.90
2504,lighting,0.0,C,A,1,1,single,False,False,image/YI4OWP8S.jpg,image/YI4OWP8S.jpg,0.8983546,0.85-0.90
2505,lighting,1.0,B,B,1,1,single,False,False,image/80P0QJRL.jpg,image/80P0QJRL.jpg,0.8819075,0.85-0.90
2506,lighting,0.0,B,D,1,1,single,False,False,image/0DIJ3FIL.png,image/0DIJ3FIL.png,0.83282155,below 0.85
2507,lighting,0.0,B,D,1,1,single,False,False,image/71GG4F3A.jpg,image/71GG4F3A.jpg,0.83778447,below 0.85
2508,lighting,0.0,D,A,1,1,single,False,False,image/MX5SFBUQ.jpg,image/MX5SFBUQ.jpg,0.9114564,0.90-0.95
2509,lighting,0.0,A,D,1,1,single,False,False,image/7F22I98J.png,image/7F22I98J.png,0.6537347,below 0.85
2510,lighting,0.0,C,B,1,1,single,False,False,image/NOS7UXYA.jpg,image/NOS7UXYA.jpg,0.8569635,0.85-0.90
2511,lighting,0.0,B,C,1,1,single,False,False,image/6ROWCT2F.jpg,image/6ROWCT2F.jpg,0.88686216,0.85-0.90
2512,lighting,0.0,B,A,1,1,single,False,False,image/D87VS41W.jpg,image/D87VS41W.jpg,0.9128048,0.90-0.95
2513,lighting,0.0,A,B,1,1,single,False,False,image/6Q8IF11E.jpg,image/6Q8IF11E.jpg,0.88600767,0.85-0.90
2514,lighting,1.0,D,D,1,2,combination,False,False,image/CRXZB02I.jpg,image/CRXZB02I.jpg,0.90318793,0.90-0.95
2515,lighting,0.0,D,B,1,1,single,False,False,image/VLQQQBD6.jpg,image/VLQQQBD6.jpg,0.85111874,0.85-0.90
2516,lighting,1.0,B,B,1,1,single,False,False,image/W6GLDXJX.jpg,image/W6GLDXJX.jpg,0.8131977,below 0.85
2517,lighting,1.0,D,D,1,1,single,False,False,image/E72US2E3.jpg,image/E72US2E3.jpg,0.8749396,0.85-0.90
2518,lighting,0.0,D,A,1,1,single,False,False,image/FM2JBDHS.jpg,image/FM2JBDHS.jpg,0.85424197,0.85-0.90
2519,lighting,0.0,C,D,1,1,single,False,False,image/QYDUIX6Z.jpg,image/QYDUIX6Z.jpg,0.824576,below 0.85
2520,lighting,0.0,B,C,1,1,single,False,False,image/CC7C7IM9.jpg,image/CC7C7IM9.jpg,0.8588546,0.85-0.90
2521,lighting,0.0,C,B,1,1,single,False,False,image/EQL49FM4.jpg,image/EQL49FM4.jpg,0.8406438,below 0.85
2522,lighting,0.0,C,B,1,1,single,False,False,image/ODTTXAYK.jpg,image/ODTTXAYK.jpg,0.89989144,0.85-0.90
2523,lighting,0.0,B,D,1,1,single,False,False,image/1HKNIPTD.jpg,image/1HKNIPTD.jpg,0.8516944,0.85-0.90
2524,lighting,0.0,A,B,1,2,combination,False,False,image/4O173ICK.jpg,image/4O173ICK.jpg,0.84378374,below 0.85
2525,lighting,0.0,B,D,1,1,single,False,False,image/S76S1UGX.jpg,image/S76S1UGX.jpg,0.8376197,below 0.85
2526,lighting,1.0,D,D,1,1,single,False,False,image/6CIJ69FK.jpg,image/6CIJ69FK.jpg,0.85197043,0.85-0.90
2527,lighting,0.0,A,C,1,1,single,False,False,image/7RDPSHNQ.jpg,image/7RDPSHNQ.jpg,0.89535576,0.85-0.90
2528,lighting,0.0,B,D,1,1,single,False,False,image/CN88OZMM.jpg,image/CN88OZMM.jpg,0.7888926,below 0.85
2529,lighting,1.0,C,C,1,1,single,False,False,image/PPYJ7UEA.jpg,image/PPYJ7UEA.jpg,0.8489104,below 0.85
2530,lighting,0.0,A,D,1,1,single,False,False,image/JJHSHOH1.jpg,image/JJHSHOH1.jpg,0.88043106,0.85-0.90
2531,lighting,0.0,D,C,1,1,single,False,False,image/MISM6KTL.jpg,image/MISM6KTL.jpg,0.88258535,0.85-0.90
2532,lighting,0.0,C,D,1,1,single,False,False,image/YMH0DNUB.jpg,image/YMH0DNUB.jpg,0.80815554,below 0.85
2533,lighting,0.0,B,C,1,1,single,False,False,image/VWTVCK0W.jpg,image/VWTVCK0W.jpg,0.8626885,0.85-0.90
2534,lighting,1.0,A,A,1,1,single,False,False,image/JF7R58PS.jpg,image/JF7R58PS.jpg,0.90672433,0.90-0.95
2535,lighting,0.0,A,D,1,1,single,False,False,image/SX9ALW0O.jpg,image/SX9ALW0O.jpg,0.8918395,0.85-0.90
2536,lighting,0.0,D,B,1,1,single,False,False,image/WA8RYH82.jpg,image/WA8RYH82.jpg,0.7797696,below 0.85
2537,lighting,0.0,A,D,1,1,single,False,False,image/3QS6RMB0.jpg,image/3QS6RMB0.jpg,0.81030965,below 0.85
2538,lighting,0.0,B,C,1,1,single,False,False,image/8RJ3WNB3.jpg,image/8RJ3WNB3.jpg,0.81670284,below 0.85
2539,lighting,0.0,B,A,1,1,single,False,False,image/XMDB6BKO.jpg,image/XMDB6BKO.jpg,0.8687672,0.85-0.90
2540,lighting,0.0,C,A,1,1,single,False,False,image/M4TD86AL.JPG,image/M4TD86AL.JPG,0.8819339,0.85-0.90
2541,lighting,1.0,C,C,1,2,combination,False,False,image/RYY4B7MH.jpg,image/RYY4B7MH.jpg,0.9479702,0.90-0.95
2542,lighting,1.0,B,B,1,1,single,False,False,image/MBMFSU3E.jpg,image/MBMFSU3E.jpg,0.848681,below 0.85
2543,lighting,0.0,A,C,1,1,single,False,False,image/ZEYV3KL2.png,image/ZEYV3KL2.png,0.89512724,0.85-0.90
2544,lighting,0.0,A,B,1,2,combination,False,False,image/MPWEU2OY.jpg,image/MPWEU2OY.jpg,0.6702764,below 0.85
2545,lighting,1.0,D,D,1,2,combination,False,False,image/S2PPR1J5.jpg,image/S2PPR1J5.jpg,0.93341815,0.90-0.95
2546,lighting,0.0,A,C,1,1,single,False,False,image/94QYLV1Z.jpg,image/94QYLV1Z.jpg,0.89317185,0.85-0.90
2547,lighting,0.0,C,D,1,1,single,False,False,image/SO3WE6XR.jpg,image/SO3WE6XR.jpg,0.8283512,below 0.85
2548,lighting,0.0,A,B,1,1,single,False,False,image/X8KRDB8C.jpg,image/X8KRDB8C.jpg,0.8922118,0.85-0.90
2549,lighting,0.0,C,A,1,1,single,False,False,image/4U6M153X.jpg,image/4U6M153X.jpg,0.85254735,0.85-0.90
2550,lighting,1.0,C,C,1,1,single,False,False,image/W0WR1HZY.jpg,image/W0WR1HZY.jpg,0.9108315,0.90-0.95
2551,lighting,1.0,B,B,1,1,single,False,False,image/RKK39MNR.jpg,image/RKK39MNR.jpg,0.86444694,0.85-0.90
2552,lighting,0.0,C,D,1,1,single,False,False,image/DRTLEIPG.jpg,image/DRTLEIPG.jpg,0.862962,0.85-0.90
2553,lighting,1.0,C,C,1,1,single,False,False,image/DXCBQKGZ.jpg,image/DXCBQKGZ.jpg,0.876484,0.85-0.90
2554,lighting,0.0,C,A,1,1,single,False,False,image/SDQQA0W0.jpg,image/SDQQA0W0.jpg,0.86048543,0.85-0.90
2555,lighting,1.0,D,D,1,1,single,False,False,image/SLTA6ZL1.jpg,image/SLTA6ZL1.jpg,0.90760595,0.90-0.95
2556,lighting,0.0,D,A,1,1,single,False,False,image/A5L0D1J2.jpg,image/A5L0D1J2.jpg,0.85901463,0.85-0.90
2557,lighting,0.0,A,D,1,1,single,False,False,image/TLJ9FU98.jpg,image/TLJ9FU98.jpg,0.81444466,below 0.85
2558,lighting,0.0,C,B,1,1,single,False,False,image/8RT0OSXS.jpg,image/8RT0OSXS.jpg,0.8085495,below 0.85
2559,lighting,0.0,A,D,1,1,single,False,False,image/MDL4LCVQ.jpg,image/MDL4LCVQ.jpg,0.9118404,0.90-0.95
2560,lighting,0.0,A,D,1,1,single,False,False,image/61MSW5KT.jpg,image/61MSW5KT.jpg,0.8235169,below 0.85
2561,lighting,0.0,D,B,1,1,single,False,False,image/B9PUSUVM.jpg,image/B9PUSUVM.jpg,0.82807976,below 0.85
2562,lighting,0.0,C,B,1,1,single,False,False,image/GSD24201.jpg,image/GSD24201.jpg,0.8131319,below 0.85
2563,lighting,0.0,C,A,1,1,single,False,False,image/C32KZAL5.jpg,image/C32KZAL5.jpg,0.8938285,0.85-0.90
2564,lighting,1.0,A,A,1,1,single,False,False,image/CRYUMDNA.jpg,image/CRYUMDNA.jpg,0.93655956,0.90-0.95
2565,lighting,0.0,A,D,1,1,single,False,False,image/7QP4NRZV.jpg,image/7QP4NRZV.jpg,0.8666562,0.85-0.90
2566,lighting,1.0,A,A,1,1,single,False,False,image/TW0P8BOR.jpg,image/TW0P8BOR.jpg,0.83612275,below 0.85
2567,lighting,0.0,A,C,1,1,single,False,False,image/BGPT6LAR.jpg,image/BGPT6LAR.jpg,0.87803644,0.85-0.90
2568,lighting,0.0,A,B,1,1,single,False,False,image/NL89VUV8.jpg,image/NL89VUV8.jpg,0.8517749,0.85-0.90
2569,lighting,0.0,C,D,1,1,single,False,False,image/226OSTX5.jpg,image/226OSTX5.jpg,0.84634703,below 0.85
2570,lighting,1.0,D,D,1,1,single,False,False,image/WLRRUPTJ.jpg,image/WLRRUPTJ.jpg,0.7737388,below 0.85
2571,lighting,1.0,A,A,1,1,single,False,False,image/JO9OM8VJ.jpg,image/JO9OM8VJ.jpg,0.83707315,below 0.85
2572,lighting,1.0,B,B,1,1,single,False,False,image/M1EY5RBB.jpg,image/M1EY5RBB.jpg,0.87677544,0.85-0.90
2573,lighting,1.0,A,A,1,2,combination,False,False,image/2OR2KOI7.jpg,image/2OR2KOI7.jpg,0.88134724,0.85-0.90
2574,lighting,0.0,A,C,1,1,single,False,False,image/UELWT7MX.jpg,image/UELWT7MX.jpg,0.94260514,0.90-0.95
2575,lighting,0.0,A,B,1,1,single,False,False,image/TPJIR9OI.jpg,image/TPJIR9OI.jpg,0.5480603,below 0.85
2576,lighting,0.0,B,A,1,1,single,False,False,image/YL35K4JR.jpg,image/YL35K4JR.jpg,0.7168963,below 0.85
2577,lighting,0.0,C,B,1,1,single,False,False,image/G1U07QPK.jpg,image/G1U07QPK.jpg,0.7353565,below 0.85
2578,lighting,0.0,D,C,1,1,single,False,False,image/WZQV3M7D.jpg,image/WZQV3M7D.jpg,0.9374469,0.90-0.95
2579,lighting,0.0,C,D,1,1,single,False,False,image/B83LX0YW.jpg,image/B83LX0YW.jpg,0.9783171,0.95 and above
2580,lighting,0.0,D,A,1,1,single,False,False,image/F5PXL1W7.jpg,image/F5PXL1W7.jpg,0.90560544,0.90-0.95
2581,lighting,1.0,C,C,1,1,single,False,False,image/QJCIEEQQ.jpg,image/QJCIEEQQ.jpg,0.89697945,0.85-0.90
2582,lighting,1.0,D,D,1,1,single,False,False,image/024POT34.jpg,image/024POT34.jpg,0.8772426,0.85-0.90
2583,lighting,0.0,B,C,1,1,single,False,False,image/EWSAYBTC.jpg,image/EWSAYBTC.jpg,0.88522667,0.85-0.90
2584,lighting,0.0,C,A,1,1,single,False,False,image/SAKB65D0.jpg,image/SAKB65D0.jpg,0.8643652,0.85-0.90
2585,lighting,0.0,A,C,1,1,single,False,False,image/3Q4GIWKN.jpg,image/3Q4GIWKN.jpg,0.88040245,0.85-0.90
2586,lighting,0.0,B,C,1,2,combination,False,False,image/ZOWO3EOA.jpg,image/ZOWO3EOA.jpg,0.9282872,0.90-0.95
2587,lighting,1.0,D,D,1,1,single,False,False,image/M4K9YDB8.jpg,image/M4K9YDB8.jpg,0.8685935,0.85-0.90
2588,lighting,0.0,A,C,1,1,single,False,False,image/68FCKI7S.jpg,image/68FCKI7S.jpg,0.8338895,below 0.85
2589,lighting,0.0,B,C,1,1,single,False,False,image/4R3SQDIL.jpg,image/4R3SQDIL.jpg,0.8741877,0.85-0.90
2590,lighting,0.0,D,A,1,1,single,False,False,image/BQTK6HJO.jpg,image/BQTK6HJO.jpg,0.88145745,0.85-0.90
2591,lighting,0.0,B,A,1,1,single,False,False,image/5SMT68OW.jpg,image/5SMT68OW.jpg,0.86074823,0.85-0.90
2592,lighting,0.0,B,D,1,1,single,False,False,image/4POBV1ZK.jpg,image/4POBV1ZK.jpg,0.8633744,0.85-0.90
2593,lighting,1.0,A,A,1,1,single,False,False,image/YE6PG3W8.jpg,image/YE6PG3W8.jpg,0.8734414,0.85-0.90
2594,lighting,0.0,D,B,1,1,single,False,False,image/GODFE51R.jpg,image/GODFE51R.jpg,0.9000634,0.90-0.95
2595,lighting,1.0,D,D,1,1,single,False,False,image/IEHH5DJ2.jpg,image/IEHH5DJ2.jpg,0.8879036,0.85-0.90
2596,lighting,1.0,D,D,1,1,single,False,False,image/JPB89Y7W.jpg,image/JPB89Y7W.jpg,0.89198244,0.85-0.90
2597,lighting,0.0,A,C,1,1,single,False,False,image/JVTZVDU6.jpg,image/JVTZVDU6.jpg,0.85018367,0.85-0.90
2598,lighting,1.0,D,D,1,1,single,False,False,image/8QOCT3UK.jpg,image/8QOCT3UK.jpg,0.9422752,0.90-0.95
2599,lighting,0.0,A,B,1,1,single,False,False,image/I3KIBR6D.jpg,image/I3KIBR6D.jpg,0.8678821,0.85-0.90
2600,lighting,1.0,C,C,1,1,single,False,False,image/YKST3QJ2.jpg,image/YKST3QJ2.jpg,0.9088237,0.90-0.95
2601,lighting,0.0,A,B,1,1,single,False,False,image/T9EDM9XA.jpg,image/T9EDM9XA.jpg,0.8647062,0.85-0.90
2602,lighting,0.0,D,A,1,1,single,False,False,image/IEKRCA5F.jpg,image/IEKRCA5F.jpg,0.88703996,0.85-0.90
2603,lighting,0.0,B,D,1,1,single,False,False,image/GQ9BQVF5.jpg,image/GQ9BQVF5.jpg,0.90782887,0.90-0.95
2604,lighting,0.0,D,A,1,1,single,False,False,image/M610EBIL.jpg,image/M610EBIL.jpg,0.86732274,0.85-0.90
2605,lighting,0.0,C,D,1,1,single,False,False,image/T6O3JT89.jpg,image/T6O3JT89.jpg,0.91210496,0.90-0.95
2606,lighting,0.0,B,A,1,1,single,False,False,image/OKVLQPTC.jpg,image/OKVLQPTC.jpg,0.9017069,0.90-0.95
2607,lighting,0.0,C,A,1,1,single,False,False,image/9RKCCJ46.jpg,image/9RKCCJ46.jpg,0.8272001,below 0.85
2608,lighting,1.0,D,D,1,1,single,False,False,image/3MTZREL5.jpg,image/3MTZREL5.jpg,0.8966675,0.85-0.90
2609,lighting,0.0,C,B,1,1,single,False,False,image/81USEB5D.jpg,image/81USEB5D.jpg,0.88761765,0.85-0.90
2610,lighting,1.0,A,A,1,1,single,False,False,image/9JETWU2D.jpg,image/9JETWU2D.jpg,0.8800863,0.85-0.90
2611,lighting,1.0,B,B,1,1,single,False,False,image/KW0TC8K2.jpg,image/KW0TC8K2.jpg,0.9019553,0.90-0.95
2612,lighting,0.0,B,D,1,1,single,False,False,image/ATSTI3XB.jpg,image/ATSTI3XB.jpg,0.8202673,below 0.85
2613,lighting,1.0,D,D,1,1,single,False,False,image/DLRZWLXJ.jpg,image/DLRZWLXJ.jpg,0.8689882,0.85-0.90
2614,lighting,0.0,B,C,1,1,single,False,False,image/6N5Q4WE6.jpg,image/6N5Q4WE6.jpg,0.9055215,0.90-0.95
2615,lighting,1.0,A,A,1,1,single,False,False,image/QK9TYHUW.jpg,image/QK9TYHUW.jpg,0.9644474,0.95 and above
2616,lighting,0.0,A,C,1,1,single,False,False,image/49JV4A1C.jpg,image/49JV4A1C.jpg,0.8762107,0.85-0.90
2617,lighting,1.0,C,C,1,1,single,False,False,image/SGQJ48PH.jpg,image/SGQJ48PH.jpg,0.9354408,0.90-0.95
2618,lighting,1.0,B,B,1,1,single,False,False,image/R2AHQU3W.png,image/R2AHQU3W.png,0.81809294,below 0.85
2619,lighting,1.0,A,A,1,1,single,False,False,image/AJZ465OS.jpg,image/AJZ465OS.jpg,0.9165362,0.90-0.95
2620,lighting,0.0,D,C,1,1,single,False,False,image/36GA944E.jpg,image/36GA944E.jpg,0.9300986,0.90-0.95
2621,lighting,0.0,D,A,1,1,single,False,False,image/WFVA0P62.jpg,image/WFVA0P62.jpg,0.85813624,0.85-0.90
2622,lighting,1.0,C,C,1,1,single,False,False,image/9VPHHKQL.jpg,image/9VPHHKQL.jpg,0.8090115,below 0.85
2623,lighting,1.0,B,B,1,1,single,False,False,image/1V87VSVQ.jpg,image/1V87VSVQ.jpg,0.9084536,0.90-0.95
2624,lighting,1.0,B,B,1,1,single,False,False,image/DDP9SP4N.jpg,image/DDP9SP4N.jpg,0.8327058,below 0.85
2625,lighting,0.0,C,A,1,1,single,False,False,image/IEWW4CVF.jpg,image/IEWW4CVF.jpg,0.8825065,0.85-0.90
2626,lighting,0.0,A,C,1,1,single,False,False,image/QDL978LK.jpg,image/QDL978LK.jpg,0.83431274,below 0.85
2627,lighting,0.0,B,D,1,1,single,False,False,image/GMT7NVR6.jpg,image/GMT7NVR6.jpg,0.7848323,below 0.85
2628,lighting,0.0,B,A,1,1,single,False,False,image/H5VXEELJ.jpg,image/H5VXEELJ.jpg,0.85192084,0.85-0.90
2629,lighting,1.0,D,D,1,1,single,False,False,image/7ZCTST1W.jpg,image/7ZCTST1W.jpg,0.8920428,0.85-0.90
2630,composition,1.0,A,A,1,1,single,False,False,image/YH7UTRCX.jpg,image/YH7UTRCX.jpg,0.86586255,0.85-0.90
2631,composition,1.0,A,A,1,1,single,False,False,image/8EMZZ7B1.jpg,image/8EMZZ7B1.jpg,0.8727663,0.85-0.90
2632,composition,1.0,C,C,1,1,single,False,False,image/UV3CUGRR.jpg,image/UV3CUGRR.jpg,0.8063311,below 0.85
2633,composition,0.0,D,C,1,1,single,False,False,image/M107CSNB.jpg,image/M107CSNB.jpg,0.85874903,0.85-0.90
2634,composition,1.0,C,C,1,1,single,False,False,image/42QARO70.jpg,image/42QARO70.jpg,0.8680378,0.85-0.90
2635,composition,1.0,C,C,1,1,single,False,False,image/6BPX4C5N.jpg,image/6BPX4C5N.jpg,0.833909,below 0.85
2636,composition,1.0,C,C,1,1,single,False,False,image/YGJVLBMT.jpg,image/YGJVLBMT.jpg,0.83139366,below 0.85
2637,composition,1.0,D,D,1,1,single,False,False,image/LXOUDPXD.jpg,image/LXOUDPXD.jpg,0.81856716,below 0.85
2638,composition,0.0,C,A,1,1,single,False,False,image/ST4C3Y9H.jpg,image/ST4C3Y9H.jpg,0.8561666,0.85-0.90
2639,composition,1.0,C,C,1,1,single,False,False,image/37SQR2NF.jpg,image/37SQR2NF.jpg,0.87778485,0.85-0.90
2640,composition,1.0,B,B,1,1,single,False,False,image/7XH9FIBV.jpg,image/7XH9FIBV.jpg,0.9059518,0.90-0.95
2641,composition,1.0,C,C,1,1,single,False,False,image/FOMQM69Q.jpg,image/FOMQM69Q.jpg,0.8915048,0.85-0.90
2642,composition,1.0,D,D,1,1,single,False,False,image/ZPRLV7K6.jpg,image/ZPRLV7K6.jpg,0.8533042,0.85-0.90
2643,composition,0.0,C,D,1,1,single,False,False,image/E8C13B07.jpg,image/E8C13B07.jpg,0.7945128,below 0.85
2644,composition,1.0,D,D,1,1,single,False,False,image/WKLHPA4J.jpg,image/WKLHPA4J.jpg,0.84584445,below 0.85
2645,composition,0.0,D,A,1,1,single,False,False,image/YP5ZR4WT.jpg,image/YP5ZR4WT.jpg,0.8019156,below 0.85
2646,composition,0.0,C,D,1,1,single,False,False,image/UK31DEJS.jpg,image/UK31DEJS.jpg,0.8467074,below 0.85
2647,composition,1.0,D,D,1,1,single,False,False,image/VCV0V6JZ.jpg,image/VCV0V6JZ.jpg,0.9193616,0.90-0.95
2648,composition,1.0,A,A,1,1,single,False,False,image/5R2J1OLP.jpg,image/5R2J1OLP.jpg,0.8802157,0.85-0.90
2649,composition,1.0,A,A,1,1,single,False,False,image/4J6EULBG.jpg,image/4J6EULBG.jpg,0.79131746,below 0.85
2650,composition,1.0,C,C,1,1,single,False,False,image/XU6UNNNR.jpg,image/XU6UNNNR.jpg,0.89583886,0.85-0.90
2651,composition,1.0,D,D,1,1,single,False,False,image/GLV0M6CN.jpg,image/GLV0M6CN.jpg,0.85061496,0.85-0.90
2652,composition,1.0,B,B,1,1,single,False,False,image/5BABL2BT.jpg,image/5BABL2BT.jpg,0.8908981,0.85-0.90
2653,composition,0.0,C,B,1,1,single,False,False,image/KVWAQWB0.jpg,image/KVWAQWB0.jpg,0.8746125,0.85-0.90
2654,composition,1.0,A,A,1,1,single,False,False,image/072WMKVQ.jpg,image/072WMKVQ.jpg,0.9264163,0.90-0.95
2655,composition,1.0,C,C,1,1,single,False,False,image/YJ8T9TSQ.jpg,image/YJ8T9TSQ.jpg,0.873319,0.85-0.90
2656,composition,1.0,D,D,1,1,single,False,False,image/4CTUN7SQ.jpg,image/4CTUN7SQ.jpg,0.8828395,0.85-0.90
2657,composition,1.0,A,A,1,1,single,False,False,image/OLXTBP7C.png,image/OLXTBP7C.png,0.88659203,0.85-0.90
2658,composition,1.0,D,D,1,2,combination,False,False,image/BJTXU03U.JPG,image/BJTXU03U.JPG,0.8833227,0.85-0.90
2659,composition,1.0,C,C,1,1,single,False,False,image/EP47UIFX.jpg,image/EP47UIFX.jpg,0.88136274,0.85-0.90
2660,composition,0.0,A,C,1,1,single,False,False,image/UEDVBAKF.jpg,image/UEDVBAKF.jpg,0.840886,below 0.85
2661,composition,1.0,C,C,1,1,single,False,False,image/QKPBDPHE.jpg,image/QKPBDPHE.jpg,0.84288454,below 0.85
2662,composition,1.0,D,D,1,1,single,False,False,image/Q517HN1V.jpg,image/Q517HN1V.jpg,0.6830767,below 0.85
2663,composition,0.0,A,C,1,1,single,False,False,image/LPHBBD8I.jpg,image/LPHBBD8I.jpg,0.93209803,0.90-0.95
2664,composition,0.0,D,C,1,1,single,False,False,image/61SG3F1S.jpg,image/61SG3F1S.jpg,0.8521635,0.85-0.90
2665,composition,1.0,C,C,1,1,single,False,False,image/2FK1PYHB.jpg,image/2FK1PYHB.jpg,0.8626563,0.85-0.90
2666,composition,1.0,B,B,1,1,single,False,False,image/OPP6LCE9.jpg,image/OPP6LCE9.jpg,0.86077684,0.85-0.90
2667,composition,1.0,A,A,1,1,single,False,False,image/88JDIDZD.jpg,image/88JDIDZD.jpg,0.8554349,0.85-0.90
2668,composition,0.0,A,D,1,1,single,False,False,image/G2G4003O.jpg,image/G2G4003O.jpg,0.8619676,0.85-0.90
2669,composition,0.0,D,B,1,1,single,False,False,image/UCOJDTS5.jpg,image/UCOJDTS5.jpg,0.8815618,0.85-0.90
2670,composition,0.0,A,C,1,1,single,False,False,image/IKITLROX.jpg,image/IKITLROX.jpg,0.8071605,below 0.85
2671,composition,0.0,D,A,1,1,single,False,False,image/KW8ZP88K.jpg,image/KW8ZP88K.jpg,0.87030864,0.85-0.90
2672,composition,1.0,D,D,1,1,single,False,False,image/N5KH53KQ.jpg,image/N5KH53KQ.jpg,0.8528703,0.85-0.90
2673,composition,1.0,A,A,1,1,single,False,False,image/8JELRCRR.jpg,image/8JELRCRR.jpg,0.86406845,0.85-0.90
2674,composition,1.0,C,C,1,1,single,False,False,image/GHODILOG.jpg,image/GHODILOG.jpg,0.89566547,0.85-0.90
2675,composition,1.0,A,A,1,1,single,False,False,image/343YAGAF.jpg,image/343YAGAF.jpg,0.93996716,0.90-0.95
2676,composition,1.0,D,D,1,1,single,False,False,image/RE8X449Y.jpg,image/RE8X449Y.jpg,0.89449996,0.85-0.90
2677,composition,0.0,A,B,1,1,single,False,False,image/6Y3E5U8T.jpg,image/6Y3E5U8T.jpg,0.9086879,0.90-0.95
2678,composition,1.0,B,B,1,1,single,False,False,image/IAGYQ4FJ.jpg,image/IAGYQ4FJ.jpg,0.8734849,0.85-0.90
2679,composition,1.0,D,D,1,2,combination,False,False,image/4XF0LPG9.jpg,image/4XF0LPG9.jpg,0.94081557,0.90-0.95
2680,composition,1.0,C,C,1,1,single,False,False,image/GEK728UD.jpg,image/GEK728UD.jpg,0.83429277,below 0.85
2681,composition,0.0,C,D,1,1,single,False,False,image/05ZPVALR.jpg,image/05ZPVALR.jpg,0.8959831,0.85-0.90
2682,composition,1.0,B,B,1,1,single,False,False,image/O9GRUSM4.jpg,image/O9GRUSM4.jpg,0.83465827,below 0.85
2683,composition,1.0,C,C,1,1,single,False,False,image/73YLF7RL.jpg,image/73YLF7RL.jpg,0.8168222,below 0.85
2684,composition,0.0,B,A,1,1,single,False,False,image/W6JVNGL7.jpg,image/W6JVNGL7.jpg,0.9072217,0.90-0.95
2685,composition,1.0,D,D,1,1,single,False,False,image/K52PC18G.jpg,image/K52PC18G.jpg,0.8992111,0.85-0.90
2686,composition,1.0,D,D,1,1,single,False,False,image/R7F0Q0DV.jpg,image/R7F0Q0DV.jpg,0.91010696,0.90-0.95
2687,composition,1.0,C,C,1,1,single,False,False,image/ICQNZLFQ.jpg,image/ICQNZLFQ.jpg,0.8874028,0.85-0.90
2688,composition,0.0,C,A,1,1,single,False,False,image/1E7EY7PW.jpg,image/1E7EY7PW.jpg,0.9535125,0.95 and above
2689,composition,1.0,B,B,1,2,combination,False,False,image/Y7UQL2PE.jpg,image/Y7UQL2PE.jpg,0.9201384,0.90-0.95
2690,composition,0.0,B,C,1,1,single,False,False,image/RS9UIZSY.jpg,image/RS9UIZSY.jpg,0.9395568,0.90-0.95
2691,composition,1.0,C,C,1,1,single,False,False,image/DI84L0VN.jpg,image/DI84L0VN.jpg,0.84712297,below 0.85
2692,composition,0.0,A,C,1,1,single,False,False,image/ERBU3IGO.jpg,image/ERBU3IGO.jpg,0.88192004,0.85-0.90
2693,composition,0.0,D,A,1,1,single,False,False,image/XA40FRV0.jpg,image/XA40FRV0.jpg,0.90786064,0.90-0.95
2694,composition,1.0,C,C,1,1,single,False,False,image/QTNKX6GE.jpg,image/QTNKX6GE.jpg,0.8682697,0.85-0.90
2695,composition,1.0,D,D,1,1,single,False,False,image/E8L6YVRD.jpg,image/E8L6YVRD.jpg,0.8902899,0.85-0.90
2696,composition,0.0,C,D,1,1,single,False,False,image/R7D9GETO.jpg,image/R7D9GETO.jpg,0.8785061,0.85-0.90
2697,composition,0.0,A,B,1,1,single,False,False,image/TBKK2Y5D.jpg,image/TBKK2Y5D.jpg,0.8536294,0.85-0.90
2698,composition,0.0,C,A,1,1,single,False,False,image/UQ7TU6VZ.jpg,image/UQ7TU6VZ.jpg,0.89633644,0.85-0.90
2699,composition,1.0,B,B,1,1,single,False,False,image/OPP3FW74.jpg,image/OPP3FW74.jpg,0.7662583,below 0.85
2700,composition,1.0,C,C,1,1,single,False,False,image/4DY816CL.jpg,image/4DY816CL.jpg,0.86158234,0.85-0.90
2701,composition,1.0,A,A,1,1,single,False,False,image/CDTFTAOL.jpg,image/CDTFTAOL.jpg,0.8341702,below 0.85
2702,composition,0.0,C,D,1,1,single,False,False,image/Q504KGYI.jpg,image/Q504KGYI.jpg,0.8668977,0.85-0.90
2703,composition,1.0,B,B,1,1,single,False,False,image/O8V7Y9WG.jpg,image/O8V7Y9WG.jpg,0.88632023,0.85-0.90
2704,composition,0.0,C,A,1,1,single,False,False,image/2ZCBFUYK.jpg,image/2ZCBFUYK.jpg,0.85283,0.85-0.90
2705,composition,1.0,B,B,1,1,single,False,False,image/CSFZ1AHX.jpg,image/CSFZ1AHX.jpg,0.87210196,0.85-0.90
2706,composition,0.0,D,C,1,1,single,False,False,image/DTQOEE8Y.jpg,image/DTQOEE8Y.jpg,0.81658864,below 0.85
2707,composition,1.0,D,D,1,1,single,False,False,image/13BS51Q0.jpg,image/13BS51Q0.jpg,0.8707911,0.85-0.90
2708,composition,1.0,A,A,1,1,single,False,False,image/X72T3BUM.jpg,image/X72T3BUM.jpg,0.8139882,below 0.85
2709,composition,1.0,D,D,1,1,single,False,False,image/KHO7BKVB.jpg,image/KHO7BKVB.jpg,0.92475283,0.90-0.95
2710,composition,1.0,D,D,1,1,single,False,False,image/DJ7IC29D.jpg,image/DJ7IC29D.jpg,0.8579399,0.85-0.90
2711,composition,1.0,D,D,1,1,single,False,False,image/WTDF91Y9.jpg,image/WTDF91Y9.jpg,0.7915272,below 0.85
2712,composition,1.0,B,B,1,1,single,False,False,image/EWL5E81G.jpg,image/EWL5E81G.jpg,0.8667338,0.85-0.90
2713,composition,1.0,D,D,1,1,single,False,False,image/QE0C61LF.jpg,image/QE0C61LF.jpg,0.87260324,0.85-0.90
2714,composition,1.0,D,D,1,2,combination,False,False,image/BG37JSQJ.jpg,image/BG37JSQJ.jpg,0.8890891,0.85-0.90
2715,composition,0.0,A,B,1,1,single,False,False,image/XPBFAK0Z.jpg,image/XPBFAK0Z.jpg,0.84445065,below 0.85
2716,composition,1.0,D,D,1,1,single,False,False,image/UXGHNUZF.jpg,image/UXGHNUZF.jpg,0.86399674,0.85-0.90
2717,composition,1.0,B,B,1,1,single,False,False,image/62INS0W8.jpg,image/62INS0W8.jpg,0.88349664,0.85-0.90
2718,composition,1.0,D,D,1,1,single,False,False,image/FF2I1KIY.jpg,image/FF2I1KIY.jpg,0.8280126,below 0.85
2719,composition,1.0,D,D,1,1,single,False,False,image/F7Z9BWAN.jpg,image/F7Z9BWAN.jpg,0.8311748,below 0.85
2720,composition,0.0,C,D,1,1,single,False,False,image/F6XAO56T.jpg,image/F6XAO56T.jpg,0.8861229,0.85-0.90
2721,composition,1.0,B,B,1,1,single,False,False,image/GHKUQRJB.jpg,image/GHKUQRJB.jpg,0.81873536,below 0.85
2722,composition,1.0,C,C,1,1,single,False,False,image/SRJ1L5SD.png,image/SRJ1L5SD.png,0.8638339,0.85-0.90
2723,composition,1.0,A,A,1,1,single,False,False,image/5RFCMFJ2.jpg,image/5RFCMFJ2.jpg,0.8489558,below 0.85
2724,composition,1.0,B,B,1,1,single,False,False,image/CMJ12UTZ.jpg,image/CMJ12UTZ.jpg,0.8599618,0.85-0.90
2725,composition,1.0,B,B,1,1,single,False,False,image/7N6B3CRO.jpg,image/7N6B3CRO.jpg,0.84895295,below 0.85
2726,composition,0.0,D,A,1,1,single,False,False,image/37M1TONA.jpg,image/37M1TONA.jpg,0.8845151,0.85-0.90
2727,composition,0.0,D,A,1,1,single,False,False,image/7N8Z3JDG.jpg,image/7N8Z3JDG.jpg,0.8989195,0.85-0.90
2728,composition,1.0,B,B,1,1,single,False,False,image/FL627BL9.jpg,image/FL627BL9.jpg,0.86210394,0.85-0.90
2729,composition,0.0,B,C,1,1,single,False,False,image/IQIBKR0H.jpg,image/IQIBKR0H.jpg,0.89069575,0.85-0.90
2730,composition,1.0,D,D,1,1,single,False,False,image/J5CD6FRU.jpg,image/J5CD6FRU.jpg,0.8404051,below 0.85
2731,composition,1.0,D,D,1,1,single,False,False,image/8DZ654ZA.jpg,image/8DZ654ZA.jpg,0.8999571,0.85-0.90
2732,composition,1.0,C,C,1,2,combination,False,False,image/RIXKZXDC.jpg,image/RIXKZXDC.jpg,0.7954236,below 0.85
2733,composition,1.0,A,A,1,1,single,False,False,image/1RWGBHP3.jpg,image/1RWGBHP3.jpg,0.86406237,0.85-0.90
2734,composition,1.0,D,D,1,1,single,False,False,image/FE4RP1ZU.jpg,image/FE4RP1ZU.jpg,0.9082223,0.90-0.95
2735,composition,1.0,D,D,1,1,single,False,False,image/IMEOVF1K.jpg,image/IMEOVF1K.jpg,0.812145,below 0.85
2736,composition,1.0,A,A,1,1,single,False,False,image/UGRORNUE.jpg,image/UGRORNUE.jpg,0.8588993,0.85-0.90
2737,composition,0.0,B,A,1,1,single,False,False,image/23TL6L3M.jpg,image/23TL6L3M.jpg,0.88728446,0.85-0.90
2738,composition,0.0,A,D,1,1,single,False,False,image/LJMHBFHU.jpg,image/LJMHBFHU.jpg,0.8132327,below 0.85
2739,composition,1.0,B,B,1,1,single,False,False,image/UVOAFVDT.jpg,image/UVOAFVDT.jpg,0.9004991,0.90-0.95
2740,composition,0.0,D,A,1,1,single,False,False,image/9KCTNAMP.jpg,image/9KCTNAMP.jpg,0.85760254,0.85-0.90
2741,composition,1.0,D,D,1,1,single,False,False,image/DA959JK5.jpg,image/DA959JK5.jpg,0.9085741,0.90-0.95
2742,composition,0.0,B,D,1,1,single,False,False,image/NP6IX568.jpg,image/NP6IX568.jpg,0.86504567,0.85-0.90
2743,composition,1.0,A,A,1,1,single,False,False,image/BD9PYRIJ.jpg,image/BD9PYRIJ.jpg,0.83563054,below 0.85
2744,composition,1.0,C,C,1,2,combination,False,False,image/RJEJM3L7.jpg,image/RJEJM3L7.jpg,0.8355046,below 0.85
2745,composition,1.0,A,A,1,1,single,False,False,image/AVQ0H90Y.jpg,image/AVQ0H90Y.jpg,0.88524204,0.85-0.90
2746,composition,0.0,B,C,1,1,single,False,False,image/FEEU6B9Y.jpg,image/FEEU6B9Y.jpg,0.85026735,0.85-0.90
2747,composition,1.0,C,C,1,2,combination,False,False,image/W4BQF7P3.jpg,image/W4BQF7P3.jpg,0.87650394,0.85-0.90
2748,composition,0.0,D,B,1,1,single,False,False,image/NLCP04LY.jpg,image/NLCP04LY.jpg,0.8710878,0.85-0.90
2749,composition,1.0,B,B,1,1,single,False,False,image/DJEKFCKC.jpg,image/DJEKFCKC.jpg,0.9109741,0.90-0.95
2750,composition,1.0,D,D,1,1,single,False,False,image/IO92DJSD.jpg,image/IO92DJSD.jpg,0.8977474,0.85-0.90
2751,composition,1.0,C,C,1,2,combination,False,False,image/IPVL7BFM.jpg,image/IPVL7BFM.jpg,0.9562013,0.95 and above
2752,composition,0.0,B,C,1,1,single,False,False,image/W7YCHLJO.jpg,image/W7YCHLJO.jpg,0.86683357,0.85-0.90
2753,composition,0.0,C,B,1,1,single,False,False,image/CMBG3S86.jpg,image/CMBG3S86.jpg,0.9046334,0.90-0.95
2754,composition,0.0,C,B,1,1,single,False,False,image/3DFD435U.jpg,image/3DFD435U.jpg,0.8978784,0.85-0.90
2755,composition,1.0,B,B,1,2,combination,False,False,image/PN719M2F.jpg,image/PN719M2F.jpg,0.8604886,0.85-0.90
2756,composition,1.0,A,A,1,2,combination,False,False,image/3OFYO1YO.jpg,image/3OFYO1YO.jpg,0.66709167,below 0.85
2757,composition,0.0,A,B,1,1,single,False,False,image/O6NBN5O9.jpg,image/O6NBN5O9.jpg,0.849246,below 0.85
2758,composition,0.0,A,B,1,1,single,False,False,image/TUED8A62.jpg,image/TUED8A62.jpg,0.8582031,0.85-0.90
2759,composition,1.0,B,B,1,1,single,False,False,image/ZM5QQ88O.jpg,image/ZM5QQ88O.jpg,0.87994933,0.85-0.90
2760,composition,1.0,C,C,1,1,single,False,False,image/CKZ5304C.jpg,image/CKZ5304C.jpg,0.852041,0.85-0.90
2761,composition,1.0,B,B,1,1,single,False,False,image/B8F3S5KT.jpg,image/B8F3S5KT.jpg,0.80270386,below 0.85
2762,composition,1.0,D,D,1,1,single,False,False,image/V9GMWNVL.jpg,image/V9GMWNVL.jpg,0.84528226,below 0.85
2763,composition,1.0,B,B,1,1,single,False,False,image/3DP2S9AT.jpg,image/3DP2S9AT.jpg,0.7683431,below 0.85
2764,composition,1.0,C,C,1,1,single,False,False,image/KBJBP2MN.jpg,image/KBJBP2MN.jpg,0.88854057,0.85-0.90
2765,composition,0.0,B,A,1,1,single,False,False,image/D56IQCTH.jpg,image/D56IQCTH.jpg,0.7697505,below 0.85
2766,composition,0.0,B,D,1,1,single,False,False,image/AEO83O2A.jpg,image/AEO83O2A.jpg,0.8545459,0.85-0.90
2767,composition,1.0,B,B,1,1,single,False,False,image/J9J8MHUX.jpg,image/J9J8MHUX.jpg,0.8710027,0.85-0.90
2768,composition,1.0,A,A,1,1,single,False,False,image/Y1CHZECU.jpg,image/Y1CHZECU.jpg,0.80316174,below 0.85
2769,composition,1.0,C,C,1,1,single,False,False,image/H923PGG6.jpg,image/H923PGG6.jpg,0.7963866,below 0.85
2770,composition,1.0,C,C,1,1,single,False,False,image/QF1VAISE.jpg,image/QF1VAISE.jpg,0.89344925,0.85-0.90
2771,composition,0.0,B,C,1,1,single,False,False,image/2IVS8H43.jpg,image/2IVS8H43.jpg,0.82566,below 0.85
2772,composition,1.0,A,A,1,1,single,False,False,image/BVGX55DT.jpg,image/BVGX55DT.jpg,0.878463,0.85-0.90
2773,composition,0.0,A,D,1,1,single,False,False,image/L90C291B.png,image/L90C291B.png,0.8829889,0.85-0.90
2774,composition,1.0,D,D,1,1,single,False,False,image/28KRYVBC.jpg,image/28KRYVBC.jpg,0.83746177,below 0.85
2775,composition,1.0,D,D,1,1,single,False,False,image/NBOUPJJ8.jpg,image/NBOUPJJ8.jpg,0.852476,0.85-0.90
2776,composition,0.0,D,B,1,1,single,False,False,image/6PZSH4Z0.jpg,image/6PZSH4Z0.jpg,0.90281117,0.90-0.95
2777,composition,0.0,D,B,1,1,single,False,False,image/VOCDPRG7.jpg,image/VOCDPRG7.jpg,0.894669,0.85-0.90
2778,composition,1.0,C,C,1,1,single,False,False,image/6Z9V1VQR.jpg,image/6Z9V1VQR.jpg,0.8680698,0.85-0.90
2779,composition,0.0,B,C,1,1,single,False,False,image/7DD8X1I3.jpg,image/7DD8X1I3.jpg,0.86984396,0.85-0.90
2780,composition,1.0,A,A,1,1,single,False,False,image/Z1Z9DYCI.jpg,image/Z1Z9DYCI.jpg,0.83658546,below 0.85
2781,composition,0.0,D,B,1,1,single,False,False,image/LR5N6P4I.jpg,image/LR5N6P4I.jpg,0.8199408,below 0.85
2782,composition,1.0,C,C,1,1,single,False,False,image/5DR1VR4E.jpg,image/5DR1VR4E.jpg,0.7020602,below 0.85
2783,composition,0.0,D,A,1,1,single,False,False,image/X29W5MBB.jpg,image/X29W5MBB.jpg,0.8752588,0.85-0.90
2784,composition,0.0,A,D,1,1,single,False,False,image/Y5ERG0UW.jpg,image/Y5ERG0UW.jpg,0.8213234,below 0.85
2785,composition,1.0,B,B,1,1,single,False,False,image/W9NH7868.jpg,image/W9NH7868.jpg,0.8529725,0.85-0.90
2786,composition,0.0,C,B,1,1,single,False,False,image/MHVKULBZ.jpg,image/MHVKULBZ.jpg,0.9059051,0.90-0.95
2787,composition,1.0,A,A,1,1,single,False,False,image/W1IBPXPJ.jpg,image/W1IBPXPJ.jpg,0.8415527,below 0.85
2788,composition,0.0,A,B,1,1,single,False,False,image/05LLUADJ.jpg,image/05LLUADJ.jpg,0.8053948,below 0.85
2789,composition,1.0,D,D,1,1,single,False,False,image/MCPAZRB9.jpg,image/MCPAZRB9.jpg,0.83418965,below 0.85
2790,composition,0.0,A,B,1,2,combination,False,False,image/YG6SN355.png,image/YG6SN355.png,0.8734505,0.85-0.90
2791,composition,1.0,A,A,1,1,single,False,False,image/M2G7BCD1.jpg,image/M2G7BCD1.jpg,0.9175271,0.90-0.95
2792,composition,1.0,B,B,1,1,single,False,False,image/C2XPY3LK.jpg,image/C2XPY3LK.jpg,0.9109132,0.90-0.95
2793,composition,1.0,D,D,1,1,single,False,False,image/1FEQ57S8.jpg,image/1FEQ57S8.jpg,0.83127296,below 0.85
2794,composition,0.0,C,A,1,1,single,False,False,image/V5FWPRIX.jpg,image/V5FWPRIX.jpg,0.72130257,below 0.85
2795,composition,1.0,D,D,1,1,single,False,False,image/QMRVIHNX.jpg,image/QMRVIHNX.jpg,0.91710335,0.90-0.95
2796,composition,1.0,D,D,1,2,combination,False,False,image/URSXP8R7.jpg,image/URSXP8R7.jpg,0.8200376,below 0.85
2797,composition,0.0,A,B,1,2,combination,False,False,image/6E3SVZ88.jpg,image/6E3SVZ88.jpg,0.9574606,0.95 and above
2798,composition,0.0,B,A,1,1,single,False,False,image/FBBIEYWB.jpg,image/FBBIEYWB.jpg,0.87171286,0.85-0.90
2799,composition,1.0,B,B,1,1,single,False,False,image/EE4LC98Y.jpg,image/EE4LC98Y.jpg,0.9609777,0.95 and above
2800,composition,1.0,C,C,1,1,single,False,False,image/UKBV2UQ8.jpg,image/UKBV2UQ8.jpg,0.85154593,0.85-0.90
2801,composition,1.0,C,C,1,1,single,False,False,image/GTZ50CK6.jpg,image/GTZ50CK6.jpg,0.8596757,0.85-0.90
2802,composition,1.0,D,D,1,1,single,False,False,image/GZEHKOAG.jpg,image/GZEHKOAG.jpg,0.87352324,0.85-0.90
2803,composition,1.0,C,C,1,1,single,False,False,image/G8EUBUDJ.png,image/G8EUBUDJ.png,0.897011,0.85-0.90
2804,composition,0.0,D,B,1,1,single,False,False,image/DS3ZTLV0.jpg,image/DS3ZTLV0.jpg,0.81503797,below 0.85
2805,composition,1.0,A,A,1,1,single,False,False,image/C4DNAAGQ.jpg,image/C4DNAAGQ.jpg,0.8929039,0.85-0.90
2806,composition,1.0,A,A,1,1,single,False,False,image/J3MVSIYC.jpg,image/J3MVSIYC.jpg,0.8700902,0.85-0.90
2807,composition,1.0,B,B,1,1,single,False,False,image/7AC1FJ6J.jpg,image/7AC1FJ6J.jpg,0.8394821,below 0.85
2808,composition,0.0,D,A,1,1,single,False,False,image/KEN7TC9K.jpg,image/KEN7TC9K.jpg,0.8249876,below 0.85
2809,composition,1.0,B,B,1,1,single,False,False,image/2RBUGTJA.jpg,image/2RBUGTJA.jpg,0.7953448,below 0.85
2810,composition,1.0,D,D,1,1,single,False,False,image/O0FZGEWB.jpg,image/O0FZGEWB.jpg,0.86244226,0.85-0.90
2811,composition,1.0,A,A,1,1,single,False,False,image/5I322LYJ.jpg,image/5I322LYJ.jpg,0.9614597,0.95 and above
2812,composition,1.0,B,B,1,1,single,False,False,image/WWTKFRJL.jpg,image/WWTKFRJL.jpg,0.9024309,0.90-0.95
2813,composition,0.0,A,C,1,1,single,False,False,image/CQXO8SEO.jpg,image/CQXO8SEO.jpg,0.902246,0.90-0.95
2814,composition,1.0,C,C,1,1,single,False,False,image/31EEWUKS.jpg,image/31EEWUKS.jpg,0.87042314,0.85-0.90
2815,composition,1.0,D,D,1,1,single,False,False,image/VF33R3BO.jpg,image/VF33R3BO.jpg,0.8854598,0.85-0.90
2816,composition,1.0,A,A,1,1,single,False,False,image/VAGX9Z9B.jpg,image/VAGX9Z9B.jpg,0.85593337,0.85-0.90
2817,composition,1.0,B,B,1,1,single,False,False,image/MP0XMQX0.jpg,image/MP0XMQX0.jpg,0.8831244,0.85-0.90
2818,composition,0.0,B,A,1,1,single,False,False,image/LXO1AE63.jpg,image/LXO1AE63.jpg,0.81034666,below 0.85
2819,composition,0.0,A,D,1,1,single,False,False,image/SSP7Q552.jpg,image/SSP7Q552.jpg,0.8683727,0.85-0.90
2820,composition,1.0,A,A,1,1,single,False,False,image/945L5BSG.jpg,image/945L5BSG.jpg,0.8994253,0.85-0.90
2821,composition,1.0,D,D,1,1,single,False,False,image/1GSRDVIV.jpg,image/1GSRDVIV.jpg,0.79245746,below 0.85
2822,composition,1.0,C,C,1,1,single,False,False,image/1D4ZMK9F.jpg,image/1D4ZMK9F.jpg,0.8661474,0.85-0.90
2823,composition,0.0,B,A,1,1,single,False,False,image/P36M8F0O.jpg,image/P36M8F0O.jpg,0.88774765,0.85-0.90
2824,composition,0.0,C,D,1,1,single,False,False,image/2U8FSTOZ.jpg,image/2U8FSTOZ.jpg,0.8785945,0.85-0.90
2825,composition,1.0,A,A,1,1,single,False,False,image/U4SSI6MY.jpg,image/U4SSI6MY.jpg,0.9345566,0.90-0.95
2826,composition,1.0,C,C,1,1,single,False,False,image/RA74DVPE.jpg,image/RA74DVPE.jpg,0.8658184,0.85-0.90
2827,composition,1.0,B,B,1,1,single,False,False,image/FD5HGM3M.jpg,image/FD5HGM3M.jpg,0.74740845,below 0.85
2828,composition,0.0,A,B,1,1,single,False,False,image/593A2U86.jpg,image/593A2U86.jpg,0.8686364,0.85-0.90
2829,composition,1.0,A,A,1,1,single,False,False,image/JQVURHTC.jpg,image/JQVURHTC.jpg,0.89108545,0.85-0.90
2830,composition,1.0,D,D,1,1,single,False,False,image/KRF7TPPG.jpg,image/KRF7TPPG.jpg,0.8636175,0.85-0.90
2831,composition,1.0,C,C,1,1,single,False,False,image/30JFOLYK.jpg,image/30JFOLYK.jpg,0.8530844,0.85-0.90
2832,composition,1.0,B,B,1,2,combination,False,False,image/OJ9YMBEV.jpg,image/OJ9YMBEV.jpg,0.81917626,below 0.85
2833,composition,1.0,A,A,1,1,single,False,False,image/BVKAOWBS.jpg,image/BVKAOWBS.jpg,0.90583396,0.90-0.95
2834,composition,1.0,D,D,1,1,single,False,False,image/TRO0WA3E.jpg,image/TRO0WA3E.jpg,0.8553101,0.85-0.90
2835,composition,0.0,B,D,1,1,single,False,False,image/LNB7T19K.jpg,image/LNB7T19K.jpg,0.81591463,below 0.85
2836,composition,0.0,C,D,1,1,single,False,False,image/G4BZGMHO.jpg,image/G4BZGMHO.jpg,0.8243543,below 0.85
2837,composition,1.0,A,A,1,1,single,False,False,image/8Y78Y0LM.jpg,image/8Y78Y0LM.jpg,0.9008031,0.90-0.95
2838,composition,1.0,D,D,1,1,single,False,False,image/4LQ9NXJ5.jpg,image/4LQ9NXJ5.jpg,0.8762297,0.85-0.90
2839,composition,1.0,B,B,1,1,single,False,False,image/TGSFJL8N.jpg,image/TGSFJL8N.jpg,0.8862571,0.85-0.90
2840,composition,1.0,C,C,1,1,single,False,False,image/04UT2VBC.jpg,image/04UT2VBC.jpg,0.89261055,0.85-0.90
2841,composition,1.0,C,C,1,1,single,False,False,image/VALBOKTD.jpg,image/VALBOKTD.jpg,0.8932305,0.85-0.90
2842,composition,1.0,B,B,1,1,single,False,False,image/BCEGWZRP.jpg,image/BCEGWZRP.jpg,0.9000992,0.90-0.95
2843,composition,1.0,A,A,1,1,single,False,False,image/U797BJNN.jpg,image/U797BJNN.jpg,0.8886244,0.85-0.90
2844,composition,1.0,A,A,1,1,single,False,False,image/YVD88TY4.jpg,image/YVD88TY4.jpg,0.8455513,below 0.85
2845,composition,1.0,B,B,1,2,combination,False,False,image/6BGXF8TR.jpg,image/6BGXF8TR.jpg,0.89675206,0.85-0.90
2846,composition,1.0,A,A,1,1,single,False,False,image/GNPO1TDU.jpg,image/GNPO1TDU.jpg,0.8942132,0.85-0.90
2847,composition,0.0,A,B,1,1,single,False,False,image/MTH30EVU.jpg,image/MTH30EVU.jpg,0.8235528,below 0.85
2848,composition,1.0,D,D,1,1,single,False,False,image/VSVI5AQ4.jpg,image/VSVI5AQ4.jpg,0.8802175,0.85-0.90
2849,composition,0.0,A,D,1,1,single,False,False,image/3HVDCBT2.jpg,image/3HVDCBT2.jpg,0.8849784,0.85-0.90
2850,composition,1.0,C,C,1,1,single,False,False,image/8FCO8YNC.jpg,image/8FCO8YNC.jpg,0.855919,0.85-0.90
2851,composition,1.0,C,C,1,1,single,False,False,image/PJGRZ2NJ.jpg,image/PJGRZ2NJ.jpg,0.8800884,0.85-0.90
2852,composition,1.0,D,D,1,1,single,False,False,image/JAEM2I4E.jpg,image/JAEM2I4E.jpg,0.8666125,0.85-0.90
2853,composition,1.0,D,D,1,1,single,False,False,image/W0RAO3MZ.png,image/W0RAO3MZ.png,0.8793959,0.85-0.90
2854,composition,1.0,D,D,1,1,single,False,False,image/EVIBQML5.jpg,image/EVIBQML5.jpg,0.8931787,0.85-0.90
2855,composition,1.0,A,A,1,2,combination,False,False,image/VYIYUIQO.jpg,image/VYIYUIQO.jpg,0.9065804,0.90-0.95
2856,composition,1.0,B,B,1,1,single,False,False,image/V0VACTP7.jpg,image/V0VACTP7.jpg,0.8417926,below 0.85
2857,composition,1.0,B,B,1,1,single,False,False,image/2R35QO93.jpg,image/2R35QO93.jpg,0.8322038,below 0.85
2858,composition,0.0,A,C,1,1,single,False,False,image/XIJMCAW4.jpg,image/XIJMCAW4.jpg,0.9008478,0.90-0.95
2859,composition,1.0,A,A,1,1,single,False,False,image/V8826428.jpg,image/V8826428.jpg,0.9144048,0.90-0.95
2860,composition,1.0,D,D,1,1,single,False,False,image/CMW8YM7H.jpg,image/CMW8YM7H.jpg,0.87586904,0.85-0.90
2861,composition,1.0,B,B,1,1,single,False,False,image/NUHR5N85.jpg,image/NUHR5N85.jpg,0.8571281,0.85-0.90
2862,composition,1.0,C,C,1,1,single,False,False,image/Q3ZBPPIL.jpg,image/Q3ZBPPIL.jpg,0.91763324,0.90-0.95
2863,composition,1.0,D,D,1,1,single,False,False,image/4DJ30BJY.jpg,image/4DJ30BJY.jpg,0.9137637,0.90-0.95
2864,composition,1.0,A,A,1,1,single,False,False,image/CMJ7TZKK.jpg,image/CMJ7TZKK.jpg,0.8502643,0.85-0.90
2865,composition,1.0,D,D,1,1,single,False,False,image/XAUFPLB2.jpg,image/XAUFPLB2.jpg,0.88464504,0.85-0.90
2866,composition,1.0,C,C,1,1,single,False,False,image/VZLH2SAH.jpg,image/VZLH2SAH.jpg,0.8632774,0.85-0.90
2867,composition,1.0,B,B,1,1,single,False,False,image/LTD4TWL2.jpg,image/LTD4TWL2.jpg,0.86416745,0.85-0.90
2868,composition,1.0,A,A,1,1,single,False,False,image/TL3W2M5F.jpg,image/TL3W2M5F.jpg,0.8088779,below 0.85
2869,composition,1.0,C,C,1,2,combination,False,False,image/WVR2AVGN.jpg,image/WVR2AVGN.jpg,0.8201735,below 0.85
2870,composition,1.0,C,C,1,1,single,False,False,image/6KJC9LPZ.jpg,image/6KJC9LPZ.jpg,0.86575556,0.85-0.90
2871,composition,0.0,B,C,1,1,single,False,False,image/A6R4SGGZ.jpg,image/A6R4SGGZ.jpg,0.9214615,0.90-0.95
2872,composition,0.0,B,C,1,1,single,False,False,image/Y9G8LD9R.jpg,image/Y9G8LD9R.jpg,0.8512431,0.85-0.90
2873,composition,1.0,A,A,1,1,single,False,False,image/U107TM6G.jpg,image/U107TM6G.jpg,0.73782957,below 0.85
2874,composition,1.0,D,D,1,1,single,False,False,image/UH95I2Q7.jpg,image/UH95I2Q7.jpg,0.88105506,0.85-0.90
2875,composition,1.0,C,C,1,1,single,False,False,image/VZ9M9BJP.jpg,image/VZ9M9BJP.jpg,0.8578473,0.85-0.90
2876,composition,1.0,A,A,1,1,single,False,False,image/ZFL6BHME.jpg,image/ZFL6BHME.jpg,0.89267313,0.85-0.90
2877,composition,1.0,B,B,1,2,combination,False,False,image/ENDLLDNJ.jpg,image/ENDLLDNJ.jpg,0.7682942,below 0.85
2878,composition,1.0,C,C,1,1,single,False,False,image/5SMV89JJ.jpg,image/5SMV89JJ.jpg,0.81324553,below 0.85
2879,composition,1.0,D,D,1,1,single,False,False,image/B048W4N8.jpg,image/B048W4N8.jpg,0.81859124,below 0.85
2880,composition,0.0,A,D,1,1,single,False,False,image/TQ751SM9.jpg,image/TQ751SM9.jpg,0.8261587,below 0.85
2881,composition,0.0,B,A,1,1,single,False,False,image/9N2YXMQT.jpg,image/9N2YXMQT.jpg,0.8831064,0.85-0.90
2882,composition,0.0,A,D,1,1,single,False,False,image/9HP52HRJ.jpg,image/9HP52HRJ.jpg,0.8364077,below 0.85
2883,composition,0.0,A,B,1,1,single,False,False,image/NEGGEGL4.jpg,image/NEGGEGL4.jpg,0.90649366,0.90-0.95
2884,composition,1.0,D,D,1,1,single,False,False,image/C5MSDD66.jpg,image/C5MSDD66.jpg,0.8567836,0.85-0.90
2885,composition,1.0,D,D,1,1,single,False,False,image/LZ5T8CAU.jpg,image/LZ5T8CAU.jpg,0.85131085,0.85-0.90
2886,composition,0.0,A,C,1,1,single,False,False,image/FPE008K8.jpg,image/FPE008K8.jpg,0.87577987,0.85-0.90
2887,composition,1.0,A,A,1,1,single,False,False,image/0MHCAECY.jpg,image/0MHCAECY.jpg,0.89445484,0.85-0.90
2888,composition,1.0,A,A,1,1,single,False,False,image/268BK7NC.jpg,image/268BK7NC.jpg,0.8656818,0.85-0.90
2889,composition,1.0,B,B,1,1,single,False,False,image/57RX5LGZ.jpg,image/57RX5LGZ.jpg,0.8299195,below 0.85
2890,composition,1.0,A,A,1,1,single,False,False,image/OKQHXTEI.jpg,image/OKQHXTEI.jpg,0.8760958,0.85-0.90
2891,composition,0.0,C,D,1,2,combination,False,False,image/80E4MKY3.jpg,image/80E4MKY3.jpg,0.89626944,0.85-0.90
2892,composition,1.0,B,B,1,1,single,False,False,image/ZTC2NBQH.jpg,image/ZTC2NBQH.jpg,0.88658005,0.85-0.90
2893,composition,1.0,C,C,1,1,single,False,False,image/XGTPEME2.jpg,image/XGTPEME2.jpg,0.860362,0.85-0.90
2894,composition,1.0,B,B,1,1,single,False,False,image/TQ0XCBSQ.png,image/TQ0XCBSQ.png,0.8656537,0.85-0.90
2895,composition,1.0,C,C,1,1,single,False,False,image/B21T6UU4.jpg,image/B21T6UU4.jpg,0.857594,0.85-0.90
2896,composition,0.0,D,A,1,1,single,False,False,image/782H89OK.jpg,image/782H89OK.jpg,0.85730094,0.85-0.90
2897,composition,0.0,C,D,1,1,single,False,False,image/93KX9FQ0.jpg,image/93KX9FQ0.jpg,0.8918683,0.85-0.90
2898,composition,1.0,D,D,1,1,single,False,False,image/GABCM6ZS.jpg,image/GABCM6ZS.jpg,0.8435917,below 0.85
2899,composition,1.0,A,A,1,1,single,False,False,image/K8I38ATC.jpg,image/K8I38ATC.jpg,0.79961526,below 0.85
2900,composition,1.0,D,D,1,1,single,False,False,image/6V2DTBVJ.jpg,image/6V2DTBVJ.jpg,0.92359596,0.90-0.95
2901,composition,0.0,D,C,1,1,single,False,False,image/RSGBGZZ5.jpg,image/RSGBGZZ5.jpg,0.8550232,0.85-0.90
2902,composition,1.0,A,A,1,1,single,False,False,image/4RX0GCOV.jpg,image/4RX0GCOV.jpg,0.8847495,0.85-0.90
2903,composition,1.0,C,C,1,1,single,False,False,image/9KQO6ULB.jpg,image/9KQO6ULB.jpg,0.8614602,0.85-0.90
2904,composition,1.0,C,C,1,1,single,False,False,image/HWCWOSLR.jpg,image/HWCWOSLR.jpg,0.8649449,0.85-0.90
2905,composition,0.0,C,B,1,1,single,False,False,image/LZ0IGZEK.jpg,image/LZ0IGZEK.jpg,0.89373255,0.85-0.90
2906,composition,1.0,A,A,1,1,single,False,False,image/8NQ7EUA8.jpg,image/8NQ7EUA8.jpg,0.8982438,0.85-0.90
2907,composition,1.0,D,D,1,1,single,False,False,image/RDKWMHYH.jpg,image/RDKWMHYH.jpg,0.7056074,below 0.85
2908,composition,1.0,D,D,1,1,single,False,False,image/E81O8WSC.png,image/E81O8WSC.png,0.87672174,0.85-0.90
2909,composition,1.0,B,B,1,1,single,False,False,image/OXNEFDS1.jpg,image/OXNEFDS1.jpg,0.8436087,below 0.85
2910,composition,1.0,A,A,1,1,single,False,False,image/IF0E1ZHU.jpg,image/IF0E1ZHU.jpg,0.8477758,below 0.85
2911,composition,1.0,C,C,1,1,single,False,False,image/1NVVJY5E.jpg,image/1NVVJY5E.jpg,0.8672248,0.85-0.90
2912,composition,0.0,D,A,1,1,single,False,False,image/0IXL7ILU.jpg,image/0IXL7ILU.jpg,0.90788776,0.90-0.95
2913,composition,0.0,C,B,1,1,single,False,False,image/0XJWSAGJ.jpg,image/0XJWSAGJ.jpg,0.87728786,0.85-0.90
2914,composition,0.0,D,C,1,1,single,False,False,image/8YWCBRGN.jpg,image/8YWCBRGN.jpg,0.8367963,below 0.85
2915,composition,0.0,C,D,1,1,single,False,False,image/O3GOKN1B.jpg,image/O3GOKN1B.jpg,0.91433,0.90-0.95
2916,composition,0.0,D,A,1,1,single,False,False,image/24CZ4KWS.jpg,image/24CZ4KWS.jpg,0.91144687,0.90-0.95
2917,composition,1.0,B,B,1,1,single,False,False,image/6NCVHYMA.jpg,image/6NCVHYMA.jpg,0.8946695,0.85-0.90
2918,composition,0.0,D,A,1,1,single,False,False,image/0DLFJ3W0.jpg,image/0DLFJ3W0.jpg,0.90129256,0.90-0.95
2919,composition,0.0,A,B,1,1,single,False,False,image/17PCTU0E.jpg,image/17PCTU0E.jpg,0.8649571,0.85-0.90
2920,composition,0.0,B,A,1,1,single,False,False,image/NF2JNX46.jpg,image/NF2JNX46.jpg,0.8228089,below 0.85
2921,composition,0.0,B,D,1,1,single,False,False,image/5FZ429RY.jpg,image/5FZ429RY.jpg,0.82176185,below 0.85
2922,composition,0.0,B,D,1,1,single,False,False,image/X1NJHWCL.jpg,image/X1NJHWCL.jpg,0.88281846,0.85-0.90
2923,composition,1.0,B,B,1,1,single,False,False,image/QXSJ6Q3G.jpg,image/QXSJ6Q3G.jpg,0.91167843,0.90-0.95
2924,composition,0.0,D,C,1,1,single,False,False,image/VTNY9BCK.jpg,image/VTNY9BCK.jpg,0.87018687,0.85-0.90
2925,composition,0.0,C,A,1,1,single,False,False,image/MNKVZZFJ.jpg,image/MNKVZZFJ.jpg,0.8545922,0.85-0.90
2926,composition,0.0,D,C,1,1,single,False,False,image/36AYP4VT.jpg,image/36AYP4VT.jpg,0.83063096,below 0.85
2927,composition,1.0,C,C,1,1,single,False,False,image/P14MVAOE.jpg,image/P14MVAOE.jpg,0.91182977,0.90-0.95
2928,composition,1.0,D,D,1,1,single,False,False,image/ZJZXVTGC.jpg,image/ZJZXVTGC.jpg,0.8511305,0.85-0.90
2929,composition,0.0,B,A,1,1,single,False,False,image/6K5P4R7F.jpg,image/6K5P4R7F.jpg,0.8623703,0.85-0.90
2930,composition,1.0,A,A,1,1,single,False,False,image/S7P41ZZL.jpg,image/S7P41ZZL.jpg,0.8758935,0.85-0.90
2931,composition,1.0,A,A,1,1,single,False,False,image/G6F3ZCWA.jpg,image/G6F3ZCWA.jpg,0.8708981,0.85-0.90
2932,composition,0.0,B,D,1,1,single,False,False,image/ZQRRO1F4.jpg,image/ZQRRO1F4.jpg,0.7693755,below 0.85
2933,composition,1.0,B,B,1,1,single,False,False,image/WT3COLVO.png,image/WT3COLVO.png,0.86693555,0.85-0.90
2934,composition,1.0,A,A,1,1,single,False,False,image/V7MOQ9UA.jpg,image/V7MOQ9UA.jpg,0.8902538,0.85-0.90
2935,composition,1.0,C,C,1,1,single,False,False,image/K5KYR6YR.jpg,image/K5KYR6YR.jpg,0.86091906,0.85-0.90
2936,composition,0.0,A,B,1,2,combination,False,False,image/L6ZRCH8Z.jpg,image/L6ZRCH8Z.jpg,0.93946195,0.90-0.95
2937,composition,1.0,D,D,1,1,single,False,False,image/UFA8LO9D.jpg,image/UFA8LO9D.jpg,0.86172193,0.85-0.90
2938,composition,1.0,C,C,1,1,single,False,False,image/8VFHXWVD.jpg,image/8VFHXWVD.jpg,0.8651481,0.85-0.90
2939,composition,1.0,B,B,1,1,single,False,False,image/ZTA8M8N8.jpg,image/ZTA8M8N8.jpg,0.90490144,0.90-0.95
2940,composition,1.0,D,D,1,1,single,False,False,image/8AIQ3SZ1.jpg,image/8AIQ3SZ1.jpg,0.8544838,0.85-0.90
2941,composition,1.0,A,A,1,1,single,False,False,image/SGYNL2MT.jpg,image/SGYNL2MT.jpg,0.90946716,0.90-0.95
2942,composition,1.0,B,B,1,1,single,False,False,image/YCIMTALZ.jpg,image/YCIMTALZ.jpg,0.77177644,below 0.85
2943,composition,1.0,B,B,1,1,single,False,False,image/1SUVU3OV.jpg,image/1SUVU3OV.jpg,0.9300039,0.90-0.95
2944,composition,1.0,C,C,1,1,single,False,False,image/4XJ7I623.jpg,image/4XJ7I623.jpg,0.80880904,below 0.85
2945,composition,1.0,B,B,1,1,single,False,False,image/WLAGGBE4.jpg,image/WLAGGBE4.jpg,0.85638934,0.85-0.90
2946,composition,0.0,D,B,1,1,single,False,False,image/UP1I3HY4.jpg,image/UP1I3HY4.jpg,0.8321981,below 0.85
2947,composition,0.0,C,B,1,1,single,False,False,image/IPP2MB7O.jpg,image/IPP2MB7O.jpg,0.8890864,0.85-0.90
2948,composition,0.0,A,C,1,2,combination,False,False,image/B8BMGYOP.jpg,image/B8BMGYOP.jpg,0.89321977,0.85-0.90
2949,composition,1.0,D,D,1,1,single,False,False,image/VGQTO7GZ.jpg,image/VGQTO7GZ.jpg,0.91249543,0.90-0.95
2950,composition,0.0,B,D,1,1,single,False,False,image/1RP10QDF.jpg,image/1RP10QDF.jpg,0.9272172,0.90-0.95
2951,composition,0.0,A,B,1,1,single,False,False,image/OE6TXI3W.jpg,image/OE6TXI3W.jpg,0.81006896,below 0.85
2952,composition,1.0,C,C,1,1,single,False,False,image/08PYM9J7.jpg,image/08PYM9J7.jpg,0.81218976,below 0.85
2953,composition,0.0,A,C,1,1,single,False,False,image/3BTASMXP.jpg,image/3BTASMXP.jpg,0.8682472,0.85-0.90
2954,composition,1.0,D,D,1,1,single,False,False,image/A3OCMYRK.jpg,image/A3OCMYRK.jpg,0.931546,0.90-0.95
2955,composition,1.0,C,C,1,1,single,False,False,image/PCTHQF6X.jpg,image/PCTHQF6X.jpg,0.93093866,0.90-0.95
2956,composition,1.0,A,A,1,1,single,False,False,image/Y8Y54KRU.jpg,image/Y8Y54KRU.jpg,0.8650165,0.85-0.90
2957,composition,1.0,A,A,1,1,single,False,False,image/AWS78CRF.jpg,image/AWS78CRF.jpg,0.8559536,0.85-0.90
2958,composition,1.0,D,D,1,1,single,False,False,image/VKBON4FU.jpg,image/VKBON4FU.jpg,0.852869,0.85-0.90
2959,composition,0.0,A,B,1,1,single,False,False,image/7KO2BG9G.jpg,image/7KO2BG9G.jpg,0.88073224,0.85-0.90
2960,composition,0.0,B,A,1,1,single,False,False,image/T76UJCCY.jpg,image/T76UJCCY.jpg,0.8270547,below 0.85
2961,composition,0.0,D,A,1,1,single,False,False,image/RMN2AXR7.jpg,image/RMN2AXR7.jpg,0.8843112,0.85-0.90
2962,composition,0.0,A,D,1,1,single,False,False,image/9MXCI0V0.jpg,image/9MXCI0V0.jpg,0.8371527,below 0.85
2963,composition,0.0,C,A,1,1,single,False,False,image/ZKHGW7XS.jpg,image/ZKHGW7XS.jpg,0.8136134,below 0.85
2964,composition,0.0,A,C,1,1,single,False,False,image/M9QUAP77.jpg,image/M9QUAP77.jpg,0.8375334,below 0.85
2965,composition,0.0,D,A,1,1,single,False,False,image/KX3943D9.jpg,image/KX3943D9.jpg,0.8321335,below 0.85
2966,composition,0.0,B,C,1,1,single,False,False,image/5N5VEXHU.jpg,image/5N5VEXHU.jpg,0.89833695,0.85-0.90
2967,composition,0.0,D,A,1,1,single,False,False,image/YPGDS6XM.jpg,image/YPGDS6XM.jpg,0.8120953,below 0.85
2968,composition,1.0,A,A,1,1,single,False,False,image/Q6YZ8W81.jpg,image/Q6YZ8W81.jpg,0.9617742,0.95 and above
2969,composition,0.0,A,B,1,1,single,False,False,image/JGLKVWCA.jpg,image/JGLKVWCA.jpg,0.87637985,0.85-0.90
2970,composition,1.0,D,D,1,1,single,False,False,image/16DK6PAS.jpg,image/16DK6PAS.jpg,0.8781129,0.85-0.90
2971,composition,1.0,B,B,1,1,single,False,False,image/6VX1RTP1.jpg,image/6VX1RTP1.jpg,0.8705987,0.85-0.90
2972,composition,1.0,B,B,1,1,single,False,False,image/PH5LR6X5.jpg,image/PH5LR6X5.jpg,0.9124025,0.90-0.95
2973,composition,0.0,B,D,1,1,single,False,False,image/N8O3PCOG.jpg,image/N8O3PCOG.jpg,0.83416677,below 0.85
2974,composition,0.0,D,C,1,1,single,False,False,image/PKYM21FD.jpg,image/PKYM21FD.jpg,0.8326519,below 0.85
2975,composition,0.0,A,C,1,1,single,False,False,image/4EJFSXKT.jpg,image/4EJFSXKT.jpg,0.90638375,0.90-0.95
2976,composition,1.0,B,B,1,1,single,False,False,image/YWF8XG6F.jpg,image/YWF8XG6F.jpg,0.84354544,below 0.85
2977,composition,0.0,A,B,1,1,single,False,False,image/RWT25RIZ.jpg,image/RWT25RIZ.jpg,0.8022981,below 0.85
2978,composition,0.0,A,B,1,1,single,False,False,image/DEGPIQL7.jpg,image/DEGPIQL7.jpg,0.84140515,below 0.85
2979,composition,0.0,C,D,1,1,single,False,False,image/IIAQCQ5A.jpg,image/IIAQCQ5A.jpg,0.88497645,0.85-0.90
2980,composition,0.0,D,A,1,1,single,False,False,image/QGVKUW1A.jpg,image/QGVKUW1A.jpg,0.8770984,0.85-0.90
2981,composition,1.0,D,D,1,1,single,False,False,image/I94CE5LR.jpg,image/I94CE5LR.jpg,0.8780411,0.85-0.90
2982,composition,0.0,D,C,1,1,single,False,False,image/BAVZ31NM.jpg,image/BAVZ31NM.jpg,0.87174916,0.85-0.90
2983,composition,0.0,B,C,1,1,single,False,False,image/EQW4VXYE.jpg,image/EQW4VXYE.jpg,0.8155697,below 0.85
2984,composition,0.0,A,B,1,1,single,False,False,image/XUP43455.jpg,image/XUP43455.jpg,0.7937355,below 0.85
2985,composition,0.0,B,D,1,1,single,False,False,image/FYMBMRSR.jpg,image/FYMBMRSR.jpg,0.89270586,0.85-0.90
2986,composition,0.0,D,B,1,1,single,False,False,image/DMYH6YIZ.jpg,image/DMYH6YIZ.jpg,0.8889721,0.85-0.90
2987,composition,1.0,D,D,1,1,single,False,False,image/A0UTNFGK.jpg,image/A0UTNFGK.jpg,0.8578196,0.85-0.90
2988,composition,0.0,B,D,1,1,single,False,False,image/DDCJMFN1.jpg,image/DDCJMFN1.jpg,0.87701064,0.85-0.90
2989,composition,0.0,C,D,1,1,single,False,False,image/HAOTSZJC.jpg,image/HAOTSZJC.jpg,0.78433627,below 0.85
2990,composition,1.0,A,A,1,1,single,False,False,image/1VOZUE9K.jpg,image/1VOZUE9K.jpg,0.8522243,0.85-0.90
2991,composition,0.0,D,A,1,1,single,False,False,image/JGDNEXOY.jpg,image/JGDNEXOY.jpg,0.910793,0.90-0.95
2992,composition,0.0,D,C,1,1,single,False,False,image/KRA5DZYG.jpg,image/KRA5DZYG.jpg,0.8693663,0.85-0.90
2993,composition,0.0,A,C,1,1,single,False,False,image/BLPDT0IB.jpg,image/BLPDT0IB.jpg,0.8719029,0.85-0.90
2994,composition,1.0,B,B,1,1,single,False,False,image/DSTWTKA9.jpg,image/DSTWTKA9.jpg,0.98490214,0.95 and above
2995,composition,1.0,C,C,1,1,single,False,False,image/78N1HYW3.jpg,image/78N1HYW3.jpg,0.804699,below 0.85
2996,composition,0.0,A,D,1,1,single,False,False,image/H5Y3PLAX.jpg,image/H5Y3PLAX.jpg,0.87206995,0.85-0.90
2997,composition,0.0,A,B,1,1,single,False,False,image/CXX9ZBOP.jpg,image/CXX9ZBOP.jpg,0.85700077,0.85-0.90
2998,composition,0.0,A,C,1,1,single,False,False,image/2HK5CTU0.jpg,image/2HK5CTU0.jpg,0.9106362,0.90-0.95
2999,composition,0.0,C,D,1,1,single,False,False,image/RB28UEJY.jpg,image/RB28UEJY.jpg,0.82485795,below 0.85
3000,composition,1.0,D,D,1,1,single,False,False,image/ZHVUPVYT.jpg,image/ZHVUPVYT.jpg,0.84392774,below 0.85
3001,composition,0.0,A,D,1,1,single,False,False,image/3Y38KYV3.jpg,image/3Y38KYV3.jpg,0.85466045,0.85-0.90
3002,composition,0.0,B,A,1,1,single,False,False,image/SBHM76ZD.jpg,image/SBHM76ZD.jpg,0.8823243,0.85-0.90
3003,composition,1.0,C,C,1,1,single,False,False,image/8SF5IAQK.jpg,image/8SF5IAQK.jpg,0.913894,0.90-0.95
3004,composition,0.0,D,C,1,1,single,False,False,image/2KSVGT2P.jpg,image/2KSVGT2P.jpg,0.86531454,0.85-0.90
3005,composition,0.0,B,D,1,1,single,False,False,image/HHUSVYMH.jpg,image/HHUSVYMH.jpg,0.86289257,0.85-0.90
3006,composition,0.0,D,B,1,1,single,False,False,image/1GVGDO27.jpg,image/1GVGDO27.jpg,0.8384628,below 0.85
3007,composition,0.0,B,A,1,1,single,False,False,image/ZM9ITSEP.jpg,image/ZM9ITSEP.jpg,0.9508862,0.95 and above
3008,composition,0.0,C,B,1,1,single,False,False,image/IDFKJOXP.jpg,image/IDFKJOXP.jpg,0.85884964,0.85-0.90
3009,composition,0.0,C,B,1,1,single,False,False,image/2DGV1XAM.jpeg,image/2DGV1XAM.jpeg,0.7457335,below 0.85
3010,composition,1.0,B,B,1,1,single,False,False,image/BK2ZFRPM.jpg,image/BK2ZFRPM.jpg,0.872567,0.85-0.90
3011,composition,0.0,C,A,1,1,single,False,False,image/ST0PTQQM.jpg,image/ST0PTQQM.jpg,0.96723884,0.95 and above
3012,composition,0.0,B,C,1,1,single,False,False,image/GCIZYBO1.jpg,image/GCIZYBO1.jpg,0.9237787,0.90-0.95
3013,composition,0.0,A,B,1,1,single,False,False,image/9WQOOLJ3.jpg,image/9WQOOLJ3.jpg,0.8572539,0.85-0.90
3014,composition,0.0,D,B,1,1,single,False,False,image/5TSMVQGQ.jpg,image/5TSMVQGQ.jpg,0.8492684,below 0.85
3015,composition,0.0,D,A,1,1,single,False,False,image/99P2HZA1.jpg,image/99P2HZA1.jpg,0.808108,below 0.85
3016,composition,0.0,A,C,1,1,single,False,False,image/K14CRG2N.jpg,image/K14CRG2N.jpg,0.8449135,below 0.85
3017,composition,0.0,A,D,1,1,single,False,False,image/2C6W3Y76.jpg,image/2C6W3Y76.jpg,0.87401354,0.85-0.90
3018,composition,0.0,A,C,1,1,single,False,False,image/KDXM8ZDX.jpg,image/KDXM8ZDX.jpg,0.9033895,0.90-0.95
3019,composition,0.0,D,B,1,1,single,False,False,image/LZY51PEV.jpg,image/LZY51PEV.jpg,0.8165695,below 0.85
3020,composition,1.0,C,C,1,1,single,False,False,image/SI57CJ3F.jpg,image/SI57CJ3F.jpg,0.89359236,0.85-0.90
3021,composition,0.0,B,A,1,1,single,False,False,image/GMT7NVR6.jpg,image/GMT7NVR6.jpg,0.7848323,below 0.85
3022,composition,0.0,C,B,1,1,single,False,False,image/M9CYDDKJ.jpg,image/M9CYDDKJ.jpg,0.8324487,below 0.85
3023,composition,0.0,B,D,1,1,single,False,False,image/Z5TVFR2Z.jpg,image/Z5TVFR2Z.jpg,0.8691323,0.85-0.90
3024,composition,0.0,D,A,1,1,single,False,False,image/M8N3AVQR.jpg,image/M8N3AVQR.jpg,0.815213,below 0.85
3025,composition,1.0,B,B,1,1,single,False,False,image/IHJ8QAI3.jpg,image/IHJ8QAI3.jpg,0.82556784,below 0.85
3026,composition,0.0,D,C,1,1,single,False,False,image/5ZB0SCVL.jpg,image/5ZB0SCVL.jpg,0.83700204,below 0.85
3027,composition,0.0,D,B,1,1,single,False,False,image/6P75I2Y0.jpg,image/6P75I2Y0.jpg,0.7203932,below 0.85
3028,composition,1.0,C,C,1,1,single,False,False,image/66SMONC2.jpg,image/66SMONC2.jpg,0.91736245,0.90-0.95
3029,composition,1.0,B,B,1,1,single,False,False,image/B5IWAUEX.jpg,image/B5IWAUEX.jpg,0.91191757,0.90-0.95
3030,composition,1.0,A,A,1,1,single,False,False,image/SZTCFORK.jpg,image/SZTCFORK.jpg,0.84921694,below 0.85
3031,composition,0.0,C,A,1,1,single,False,False,image/9ABYSUIK.jpg,image/9ABYSUIK.jpg,0.9188743,0.90-0.95
3032,composition,0.0,D,B,1,1,single,False,False,image/7VX9CIFK.jpg,image/7VX9CIFK.jpg,0.904645,0.90-0.95
3033,composition,0.0,C,B,1,1,single,False,False,image/KWNOWCP4.jpg,image/KWNOWCP4.jpg,0.89783674,0.85-0.90
3034,composition,0.0,B,C,1,1,single,False,False,image/VVDNC81K.jpg,image/VVDNC81K.jpg,0.88577664,0.85-0.90
3035,composition,1.0,D,D,1,1,single,False,False,image/9GZJL3LM.jpg,image/9GZJL3LM.jpg,0.79566145,below 0.85
3036,composition,1.0,C,C,1,1,single,False,False,image/JVTZVDU6.jpg,image/JVTZVDU6.jpg,0.85018367,0.85-0.90
3037,composition,1.0,B,B,1,1,single,False,False,image/T3VMEULH.jpg,image/T3VMEULH.jpg,0.8625448,0.85-0.90
3038,composition,1.0,C,C,1,1,single,False,False,image/GC9E9N2L.jpg,image/GC9E9N2L.jpg,0.8526535,0.85-0.90
3039,composition,0.0,D,C,1,1,single,False,False,image/PY2RA79S.jpg,image/PY2RA79S.jpg,0.8790545,0.85-0.90
3040,composition,0.0,A,D,1,1,single,False,False,image/FHSGP5W4.jpg,image/FHSGP5W4.jpg,0.8360204,below 0.85
3041,composition,0.0,D,A,1,1,single,False,False,image/51KENY5L.jpg,image/51KENY5L.jpg,0.87221646,0.85-0.90
3042,composition,0.0,D,B,1,1,single,False,False,image/6IUCSS7D.jpg,image/6IUCSS7D.jpg,0.8545805,0.85-0.90
3043,composition,0.0,B,C,1,1,single,False,False,image/IXLWWQOR.jpg,image/IXLWWQOR.jpg,0.85552543,0.85-0.90
3044,composition,0.0,B,D,1,1,single,False,False,image/UMZKZHEO.jpg,image/UMZKZHEO.jpg,0.8646797,0.85-0.90
3045,composition,0.0,D,A,1,1,single,False,False,image/QCJKGIUS.JPG,image/QCJKGIUS.JPG,0.80948377,below 0.85
3046,composition,0.0,D,B,1,1,single,False,False,image/U60YCHR9.jpg,image/U60YCHR9.jpg,0.8738895,0.85-0.90
3047,composition,0.0,C,B,1,1,single,False,False,image/ZQ0CLCTW.jpg,image/ZQ0CLCTW.jpg,0.89595306,0.85-0.90
3048,composition,0.0,A,C,1,1,single,False,False,image/AJEUHAS9.jpg,image/AJEUHAS9.jpg,0.87833476,0.85-0.90
3049,composition,1.0,C,C,1,1,single,False,False,image/2SPS3NLW.jpg,image/2SPS3NLW.jpg,0.90042967,0.90-0.95
3050,composition,0.0,C,B,1,1,single,False,False,image/8RTY1U38.jpg,image/8RTY1U38.jpg,0.79423356,below 0.85
3051,composition,0.0,B,C,1,1,single,False,False,image/VZ20NYDW.jpg,image/VZ20NYDW.jpg,0.9419389,0.90-0.95
3052,composition,0.0,C,B,1,1,single,False,False,image/1LVZ8UZK.jpg,image/1LVZ8UZK.jpg,0.87694293,0.85-0.90
3053,composition,0.0,C,D,1,1,single,False,False,image/JPB8XYUT.jpg,image/JPB8XYUT.jpg,0.8254418,below 0.85
3054,composition,1.0,D,D,1,1,single,False,False,image/8LHMPU0N.jpg,image/8LHMPU0N.jpg,0.8413766,below 0.85
3055,composition,0.0,D,C,1,1,single,False,False,image/LIV8NUC1.jpg,image/LIV8NUC1.jpg,0.8129222,below 0.85
3056,composition,0.0,B,A,1,1,single,False,False,image/PWTHS02W.jpg,image/PWTHS02W.jpg,0.9522348,0.95 and above
3057,composition,0.0,A,C,1,1,single,False,False,image/LPTQX0V1.jpg,image/LPTQX0V1.jpg,0.86356616,0.85-0.90
3058,composition,0.0,C,A,1,1,single,False,False,image/X8LHMMA8.jpg,image/X8LHMMA8.jpg,0.8741642,0.85-0.90
3059,composition,0.0,D,A,1,1,single,False,False,image/HEOFW4BN.jpg,image/HEOFW4BN.jpg,0.8329649,below 0.85
3060,composition,0.0,A,D,1,1,single,False,False,image/H338ED8H.jpg,image/H338ED8H.jpg,0.84322363,below 0.85
3061,composition,0.0,D,B,1,1,single,False,False,image/FMQ8S8QQ.jpg,image/FMQ8S8QQ.jpg,0.91240096,0.90-0.95
3062,composition,0.0,A,D,1,1,single,False,False,image/ZZUOHHN1.jpg,image/ZZUOHHN1.jpg,0.9246279,0.90-0.95
3063,composition,1.0,C,C,1,1,single,False,False,image/3931XUF4.jpg,image/3931XUF4.jpg,0.8961421,0.85-0.90
3064,composition,0.0,C,B,1,1,single,False,False,image/HVCUE3NO.jpg,image/HVCUE3NO.jpg,0.9003695,0.90-0.95
3065,composition,0.0,D,B,1,1,single,False,False,image/78GSM0BU.jpg,image/78GSM0BU.jpg,0.89071655,0.85-0.90
3066,composition,0.0,A,D,1,1,single,False,False,image/8KKG4QJ1.jpg,image/8KKG4QJ1.jpg,0.87137234,0.85-0.90
3067,composition,0.0,D,A,1,1,single,False,False,image/47HOO58H.jpg,image/47HOO58H.jpg,0.88356936,0.85-0.90
3068,composition,0.0,D,A,1,1,single,False,False,image/UYKT138V.jpg,image/UYKT138V.jpg,0.9302555,0.90-0.95
3069,composition,0.0,C,A,1,1,single,False,False,image/VZH3UHZL.jpg,image/VZH3UHZL.jpg,0.9128027,0.90-0.95
3070,composition,0.0,D,B,1,1,single,False,False,image/JXR5TVLJ.jpg,image/JXR5TVLJ.jpg,0.8949897,0.85-0.90
3071,composition,0.0,C,A,1,1,single,False,False,image/YA1L7RX9.jpg,image/YA1L7RX9.jpg,0.8901999,0.85-0.90
3072,composition,0.0,D,C,1,1,single,False,False,image/7A7UIBD5.jpg,image/7A7UIBD5.jpg,0.91238356,0.90-0.95
3073,composition,0.0,D,C,1,1,single,False,False,image/R8E3J645.jpg,image/R8E3J645.jpg,0.8214404,below 0.85
3074,composition,0.0,B,A,1,1,single,False,False,image/6OE4QVOS.jpg,image/6OE4QVOS.jpg,0.84410703,below 0.85
3075,composition,0.0,B,D,1,1,single,False,False,image/KXB0F4MU.jpg,image/KXB0F4MU.jpg,0.93489665,0.90-0.95
3076,composition,0.0,A,D,1,1,single,False,False,image/FGBA6KY5.jpg,image/FGBA6KY5.jpg,0.8627466,0.85-0.90
3077,composition,0.0,A,D,1,1,single,False,False,image/D54FIQ54.jpg,image/D54FIQ54.jpg,0.8828853,0.85-0.90
3078,composition,0.0,D,B,1,1,single,False,False,image/2QZ65VEJ.jpg,image/2QZ65VEJ.jpg,0.9265619,0.90-0.95
3079,composition,0.0,D,B,1,1,single,False,False,image/LKI8X2RV.jpg,image/LKI8X2RV.jpg,0.8974882,0.85-0.90
3080,composition,0.0,B,A,1,1,single,False,False,image/CP9M1103.jpg,image/CP9M1103.jpg,0.9255702,0.90-0.95
3081,composition,0.0,D,A,1,1,single,False,False,image/VPI8LELU.jpg,image/VPI8LELU.jpg,0.83249503,below 0.85
3082,composition,0.0,B,D,1,1,single,False,False,image/E8FD9BT9.jpg,image/E8FD9BT9.jpg,0.8529776,0.85-0.90
3083,composition,0.0,D,B,1,1,single,False,False,image/YI3F5Z84.jpg,image/YI3F5Z84.jpg,0.836075,below 0.85
3084,composition,0.0,B,A,1,1,single,False,False,image/W8TFIFMK.jpg,image/W8TFIFMK.jpg,0.84549415,below 0.85
3085,composition,0.0,A,D,1,1,single,False,False,image/CZE6L860.jpg,image/CZE6L860.jpg,0.90775526,0.90-0.95
3086,composition,0.0,C,B,1,1,single,False,False,image/126XTLVY.jpg,image/126XTLVY.jpg,0.8492951,below 0.85
3087,composition,0.0,B,D,1,1,single,False,False,image/MTSO74B0.jpg,image/MTSO74B0.jpg,0.8618529,0.85-0.90
3088,composition,0.0,C,B,1,1,single,False,False,image/IR4UR0MJ.jpg,image/IR4UR0MJ.jpg,0.87808543,0.85-0.90
3089,composition,0.0,D,A,1,1,single,False,False,image/M2HF3AWI.jpg,image/M2HF3AWI.jpg,0.73902684,below 0.85
3090,composition,0.0,A,B,1,1,single,False,False,image/ISASAT0O.jpg,image/ISASAT0O.jpg,0.8638522,0.85-0.90
3091,composition,0.0,C,B,1,1,single,False,False,image/3UT4AW7T.jpg,image/3UT4AW7T.jpg,0.8478537,below 0.85
3092,composition,0.0,A,B,1,1,single,False,False,image/MQGHNY91.jpg,image/MQGHNY91.jpg,0.8691154,0.85-0.90
3093,composition,0.0,B,D,1,1,single,False,False,image/43RBUW5S.jpg,image/43RBUW5S.jpg,0.8529999,0.85-0.90
3094,composition,0.0,D,A,1,1,single,False,False,image/1IF3FN59.jpg,image/1IF3FN59.jpg,0.846232,below 0.85
3095,composition,0.0,D,C,1,1,single,False,False,image/99WQ8AYK.jpg,image/99WQ8AYK.jpg,0.84671366,below 0.85
3096,composition,0.0,A,B,1,1,single,False,False,image/YEIIZQ4I.jpg,image/YEIIZQ4I.jpg,0.8770661,0.85-0.90
3097,composition,0.0,C,D,1,1,single,False,False,image/RX518OJU.jpg,image/RX518OJU.jpg,0.8837509,0.85-0.90
3098,composition,0.0,D,C,1,1,single,False,False,image/5N3JA3WC.jpg,image/5N3JA3WC.jpg,0.9293941,0.90-0.95
3099,composition,0.0,B,D,1,1,single,False,False,image/7WVCDUC5.jpg,image/7WVCDUC5.jpg,0.8644061,0.85-0.90
3100,composition,1.0,C,C,1,1,single,False,False,image/U1QEWQS2.jpg,image/U1QEWQS2.jpg,0.8079431,below 0.85
3101,composition,0.0,D,C,1,1,single,False,False,image/A86WW10M.JPG,image/A86WW10M.JPG,0.838075,below 0.85
3102,composition,1.0,D,D,1,1,single,False,False,image/KTD4H0FK.jpg,image/KTD4H0FK.jpg,0.9023613,0.90-0.95
3103,composition,0.0,D,B,1,1,single,False,False,image/N4MZ692H.jpg,image/N4MZ692H.jpg,0.9020921,0.90-0.95
3104,composition,1.0,B,B,1,1,single,False,False,image/J3I7VP9C.jpg,image/J3I7VP9C.jpg,0.86294043,0.85-0.90
3105,composition,1.0,C,C,1,1,single,False,False,image/Z1SZCMDD.jpg,image/Z1SZCMDD.jpg,0.90567786,0.90-0.95
3106,composition,1.0,B,B,1,1,single,False,False,image/CKA19GNV.jpg,image/CKA19GNV.jpg,0.9075026,0.90-0.95
3107,composition,0.0,A,B,1,1,single,False,False,image/UXPLKURX.jpg,image/UXPLKURX.jpg,0.90166587,0.90-0.95
3108,composition,1.0,A,A,1,1,single,False,False,image/Z9CZJLPJ.jpg,image/Z9CZJLPJ.jpg,0.9198309,0.90-0.95
