shotbench_file,nearest_shotqa_file,max_similarity,shotbench_readable
image/U4X1ORC8.jpg,2DMNUOAJ.jpg,0.9933563,True
image/S879YHTI.jpg,KUUJQT7N.jpg,0.99084485,True
image/F3JJOS7V.jpg,X2RU5DVS.jpg,0.9897235,True
image/R65H1C90.jpg,55IA0QIV.jpg,0.9880436,True
image/KNY4HW3M.jpg,XUXIE7BH.jpg,0.9874501,True
image/A1G3ZENR.jpg,HK2Q7IL2.jpg,0.98641604,True
image/RLWTMT7B.jpg,XPXBAIZI.jpg,0.98499435,True
image/DSTWTKA9.jpg,M0GMQY2Y.jpg,0.98490214,True
image/BXD8TX51.jpg,ECVWK98H.jpg,0.98384917,True
image/AP3L8O54.jpg,05VVIRSK.jpg,0.982749,True
image/4ZANBGZC.jpg,0U5JTG8S.jpg,0.9818204,True
image/B2HXAOW7.jpg,JWI98HEH.jpg,0.9785099,True
image/B83LX0YW.jpg,EI1VPUAQ.jpg,0.9783171,True
image/ISPFBM87.jpg,UNAGV6NU.jpg,0.97388124,True
image/ZOTMH0TS.jpg,JCR2KCL1.jpg,0.97339886,True
image/ST0PTQQM.jpg,MREPG06C.jpg,0.96723884,True
image/GAP8KCB4.jpg,ORQUNZ7Y.jpg,0.9671025,True
image/QG5AQ6IO.jpg,FT3BYVUL.jpg,0.9664275,True
image/N19I1XPC.jpg,6DZPSU62.jpg,0.9649905,True
image/QK9TYHUW.jpg,WGDITVA1.jpg,0.9644474,True
image/SX1DCDBI.jpg,A3F75B6J.jpg,0.9637644,True
image/Q6YZ8W81.jpg,RJEU31R8.jpg,0.9617742,True
image/5I322LYJ.jpg,AKTUAROM.jpg,0.9614597,True
image/7P5UGIH7.jpg,JG0XJKU0.jpg,0.96109897,True
image/EE4LC98Y.jpg,5PTJJXC4.jpg,0.9609777,True
image/42TL9ITS.jpg,OL449ZTI.jpg,0.9595972,True
image/Q9ZUCY9J.jpg,8B933C7P.jpg,0.9577958,True
image/6E3SVZ88.jpg,FMCJLF0Q.jpg,0.9574606,True
image/R6SN4WHP.jpg,J02Q078K.jpg,0.95671767,True
image/IPVL7BFM.jpg,XA60FM0C.jpg,0.9562013,True
image/LQAJ0DR7.jpg,RY8GNJNR.jpg,0.9560658,True
image/2ARBDAR6.jpg,AOUW0OLX.jpg,0.95420516,True
image/1E7EY7PW.jpg,VPV8N63V.jpg,0.9535125,True
image/ZDOZ1LF9.jpg,2PVKEUBW.jpg,0.9524552,True
image/PWTHS02W.jpg,H0IPL5PL.jpg,0.9522348,True
image/2MABN3KU.jpg,1LNQNQ5Z.jpg,0.95117974,True
image/ZM9ITSEP.jpg,JV95ITZI.jpg,0.9508862,True
image/OGDIIKYH.jpg,1968DPQT.jpg,0.95086515,True
image/YEWQSKZS.jpg,7FYJXFWI.jpg,0.95004886,True
image/K771B3TG.jpg,QAS1LJY6.jpg,0.949452,True
image/7XQCBVZK.jpg,P25CATZ6.jpg,0.94872046,True
image/XTHZJJU9.jpg,DLWMZ84I.jpg,0.9481538,True
image/RYY4B7MH.jpg,I9Z84F9Z.JPG,0.9479702,True
image/VXWUDN7C.jpg,9ARW8FHK.jpg,0.9478284,True
image/9IAH7QPP.jpg,FEDCNWTW.jpg,0.94719005,True
image/AR1HJ1T4.jpg,2NDZ62SF.jpg,0.947053,True
image/L6P77DCI.jpg,06GXPOW6.jpg,0.9464288,True
image/2L21INNO.jpg,FF8YIG10.jpg,0.94626147,True
image/3PVV5RGA.jpg,GGVGEL5D.jpg,0.94582283,True
image/YL78ABMP.jpg,9A1I54CS.jpg,0.9456833,True
image/K27WW5CQ.jpg,PJ5EB5OU.jpg,0.94557303,True
image/LUPMK7MX.jpg,BM6GS3SB.jpg,0.9455399,True
image/SH654UY2.jpg,78V7QDQQ.jpg,0.94553906,True
image/VD3BAQ5Y.jpg,NO602DN9.jpg,0.9453127,True
image/TY5AS2PC.jpg,LS48UG69.jpg,0.9452888,True
image/XZ7SH1VX.jpg,08NCP5B6.jpg,0.9441716,True
image/9U9QG7NP.jpg,F1Z3WM7H.jpg,0.94344413,True
image/KQ80S0PV.jpg,HTGKULFP.jpg,0.9433067,True
image/IYT81QWU.jpg,PVD9Z63Y.jpg,0.94286186,True
image/W9XOP6M6.jpg,4DQNPMWW.jpg,0.94276327,True
image/UELWT7MX.jpg,GC1VZZ1I.jpg,0.94260514,True
image/QOWJT8PC.jpg,CQVQNY5P.jpg,0.9425709,True
image/W6DSA0CD.jpg,TXIUVYL4.jpg,0.94238144,True
image/8QOCT3UK.jpg,YFSHNVUS.jpg,0.9422752,True
image/VZ20NYDW.jpg,FYRDJAX9.jpg,0.9419389,True
image/95IWZ0W1.jpg,1SFW45C1.jpg,0.9412662,True
image/765XUN5A.jpg,IBASEDGS.jpg,0.94094795,True
image/4XF0LPG9.jpg,C3EGNT96.jpg,0.94081557,True
image/DTUPITSJ.jpg,JFVP7A9E.jpg,0.9406403,True
image/8F4J1R6H.jpg,VF6SYLCP.jpg,0.94042975,True
image/343YAGAF.jpg,PCLJ91MW.jpg,0.93996716,True
image/OFSLVBF2.jpg,S9I77K4M.jpg,0.93966866,True
image/RS9UIZSY.jpg,0KW6K7VQ.jpg,0.9395568,True
image/L6ZRCH8Z.jpg,A8DVWLYT.jpg,0.93946195,True
image/NJL43R51.jpg,5JZ0TEBC.jpg,0.9391823,True
image/RCP6QIHJ.jpg,WQ2SE8RW.jpg,0.9390854,True
image/AFJVL89E.jpg,AY76Y6C6.jpg,0.93853456,True
image/DU9E2MZM.jpg,9H0CX70E.jpg,0.9384543,True
image/FM0UGL89.jpg,DUZHE8C7.jpg,0.9383785,True
image/8UHZV6C3.jpg,6J6SGF9I.jpg,0.9378433,True
image/WZQV3M7D.jpg,0WWN8NNY.jpg,0.9374469,True
image/R6HRXEUE.jpg,Y4U5EBNO.jpg,0.93731797,True
image/CVOQM2EN.jpg,OY98M7YS.jpg,0.9372134,True
image/ID8ISMD0.jpg,L9WALPO3.jpg,0.937153,True
image/TRMCVVBJ.jpg,X8DUQLMD.jpg,0.93708956,True
image/1XX7PAC5.jpg,ZDHP20K5.jpg,0.93703103,True
image/A5F5UAU0.jpg,DIN34VNJ.jpg,0.9367463,True
image/4GJVVBY2.jpg,MA5UNNWF.jpg,0.9365693,True
image/CRYUMDNA.jpg,AV6WQ1Y9.jpg,0.93655956,True
image/M62UCFEJ.jpg,Z428MRKE.jpg,0.93614936,True
image/I7IAQTX8.jpg,WWB1O0B3.jpg,0.9361007,True
image/WLKX44X4.jpg,EB8FC7ME.jpg,0.9359472,True
image/O1A9GTWY.jpg,6ZJNAUJ6.jpg,0.9359193,True
image/XDZ7BMUI.jpg,DI5C0XMM.jpg,0.9355561,True
image/SGQJ48PH.jpg,9YVN0KCT.jpg,0.9354408,True
image/0AVMHI6A.jpg,ZWTEDQBW.jpg,0.935252,True
image/QFW5T0NU.png,AOUW0OLX.jpg,0.93506837,True
image/FFUOTJJM.jpg,C2NL6EIL.jpg,0.9348985,True
image/KXB0F4MU.jpg,2HE6ZSH6.jpg,0.93489665,True
image/MQNPWN7Q.jpg,ZYWYTIZP.jpg,0.9348791,True
image/1OW6HRON.jpg,YVLJWR20.jpg,0.9346845,True
image/U4SSI6MY.jpg,PTTXSIO0.jpg,0.9345566,True
image/XV7VPQ3I.jpg,3FP2S032.jpg,0.93451077,True
image/B7ZCR7WL.jpg,3YF3QU9M.jpg,0.9344389,True
image/YGRE0MWX.jpg,XS93W1W9.jpg,0.9341044,True
image/H13K14R1.jpg,W53SXDD0.jpg,0.9336104,True
image/SIJEMVFL.jpg,G59F2O63.jpg,0.9334245,True
image/S2PPR1J5.jpg,30X2XDJO.jpg,0.93341815,True
image/PDJT9UD0.jpg,LZ8BVIC3.jpg,0.9331791,True
image/NAYHE5MY.jpg,W4SZKLAV.jpg,0.9329316,True
image/SU7120SN.jpg,ZOIY8EYO.jpg,0.93287355,True
image/NW1LNW0Q.jpg,BF1JM0FQ.jpg,0.9325921,True
image/6Z55XKZK.jpg,BGAUHGTA.jpg,0.9325657,True
image/BLYNYVVE.jpg,6545J4KY.jpg,0.93251157,True
image/9SVEP0SV.jpg,N2Y5SZ97.jpg,0.93250775,True
image/VRPB38ZF.jpg,LP0ZVTDE.jpg,0.9322249,True
image/LPHBBD8I.jpg,Z2NLEQKI.jpg,0.93209803,True
image/MBY46HN6.jpg,I3PYFIHX.jpg,0.93192965,True
image/XZN8XA78.jpg,QRB2R8VZ.jpg,0.9317735,True
image/6JVOKKAI.jpg,2PPYR2MC.jpg,0.93155175,True
image/IXHY494M.jpg,A43QP9Z6.jpg,0.9315481,True
image/A3OCMYRK.jpg,UETEBFTL.jpg,0.931546,True
image/PYWNUEZV.jpg,8DN4FB6D.jpg,0.9314456,True
image/O2910K3R.jpg,IHBBX6QK.jpg,0.9314395,True
image/ZOJ3RG4J.jpg,T1R6IAMW.jpg,0.931294,True
image/43L8BW35.jpg,POIEBR6F.jpg,0.93115705,True
image/PCTHQF6X.jpg,RV4Y2J5J.jpg,0.93093866,True
image/DQZ0LGZB.jpg,MZQ7TY58.jpg,0.9309139,True
image/OHNU469C.jpg,I431BCMS.jpg,0.93075025,True
image/QX5WQW5L.jpg,JG0XJKU0.jpg,0.9306676,True
image/58MS8CD3.jpg,NDDGPN8C.jpg,0.9303786,True
image/RBFB80HO.jpg,7W5XPFNB.jpg,0.93028885,True
image/UYKT138V.jpg,JJNJEX83.jpg,0.9302555,True
image/EIZ7FW23.jpg,2C6SPEKL.jpg,0.9302255,True
image/36GA944E.jpg,5O56IVCQ.jpg,0.9300986,True
image/ZZECVMTM.jpg,F4U4ZAAL.jpg,0.9300505,True
image/4NH3URZC.jpg,O9JRHQ71.jpg,0.93002117,True
image/1SUVU3OV.jpg,RQIXJPXZ.jpg,0.9300039,True
image/BORG0X46.jpg,4XJGSC2R.jpg,0.9299164,True
image/RYBHMJPS.jpg,YV39IFXT.jpg,0.9298113,True
image/ZIXMUMA3.jpg,I7UUJCQ9.jpg,0.92946225,True
image/5N3JA3WC.jpg,6K1QGKVU.jpg,0.9293941,True
image/DD70L70F.jpg,XJJQUEXS.jpg,0.92925805,True
image/EYZJGSQ6.jpg,1O0R7XU4.jpg,0.9291383,True
image/D93V64LR.jpg,4O5BNTE6.jpg,0.92902005,True
image/4XNY0R77.jpg,CA02UJ7I.jpg,0.92897445,True
image/1GT5QCK4.jpg,YTWHDVJM.jpg,0.92889696,True
image/FGSVDS26.jpg,CEL9IAC2.jpg,0.9287083,True
image/RAYDHBSU.jpg,MJBIFHDK.jpg,0.9286761,True
image/T0IRI173.jpg,B7ZT9G8X.jpg,0.92863977,True
image/B4JP8KUW.jpg,VXLNMRHP.jpg,0.9284711,True
image/C9J1ONYE.jpg,OP49LHWP.jpg,0.92835283,True
image/9SU40OA0.jpg,DTLNUF87.jpg,0.92834693,True
image/ZOWO3EOA.jpg,DUIFYR1B.jpg,0.9282872,True
image/Y8H9HSJE.jpg,DCKJRRNQ.jpg,0.928174,True
image/XNB07FZ0.jpg,6DNN48GZ.jpg,0.9281171,True
image/E1OS5MVI.jpg,7JP4XIED.jpg,0.9280357,True
image/6HZMR3Q0.jpg,FUN93FVT.jpg,0.92802155,True
image/PR53XU85.jpg,HRK3LWLI.jpg,0.92789316,True
image/OCBTJMNK.jpg,L17GZSA4.jpg,0.9277281,True
image/ZAHDQBAJ.jpg,J98GBCXN.jpg,0.92767674,True
image/QU6CO47J.jpg,KU0YUY1H.jpg,0.92752993,True
image/ZML7C2TB.jpg,D1KDEMOG.jpg,0.92726445,True
image/1RP10QDF.jpg,A93684X5.jpg,0.9272172,True
image/B7MYNZYM.jpg,1USU2OS0.jpg,0.92717344,True
image/XHL442WW.jpg,8LSZPUFT.jpg,0.9270547,True
image/1VTYWONK.jpg,9MM270R9.jpg,0.92700905,True
image/3VQ8NPNU.jpg,R895LG89.png,0.926685,True
image/2QZ65VEJ.jpg,VWHNL4KP.jpg,0.9265619,True
image/BSG5B90U.jpg,7SBO6II1.jpg,0.9264886,True
image/072WMKVQ.jpg,TIR2XHLI.jpg,0.9264163,True
image/V79QDWDL.jpg,GBVKEPMD.jpg,0.92621624,True
image/U1CGBW4L.jpg,782H11MV.jpg,0.9261134,True
image/UMN3W7LZ.jpg,KE0XLBPM.jpg,0.9259397,True
image/NTEDJ7KK.jpg,CY58HWL9.jpg,0.9258496,True
image/1YXD2B6C.jpg,R895LG89.png,0.92575145,True
image/CP9M1103.jpg,E83WTAMY.jpg,0.9255702,True
image/DK9W68HA.jpg,ZZ6QV73N.jpg,0.92534536,True
image/98HKQ8D7.jpg,J7ZXCQH6.jpg,0.92528725,True
image/NG2AG4NS.jpg,QLEKQNZV.jpg,0.9252647,True
image/P4S5XVHT.jpg,BH5HAUV5.jpg,0.92510146,True
image/KMM55R0X.jpg,LRKFCGHF.jpg,0.9250323,True
image/WPNEP0Z1.jpg,4J6B6PSK.jpg,0.924892,True
image/BXD52NMM.jpg,ZY40R8B8.jpg,0.9247772,True
image/KHO7BKVB.jpg,L6245H50.jpg,0.92475283,True
image/VH1ZF7WN.jpg,LBEQYK76.jpg,0.9247131,True
image/IGTR17OF.jpg,6E82LYM7.jpg,0.92467374,True
image/ZZUOHHN1.jpg,M0F23PGJ.jpg,0.9246279,True
image/M3DX7RP7.jpg,A3F75B6J.jpg,0.9245288,True
image/DSRIB35K.jpg,35SW7N3T.jpg,0.9245253,True
image/U8ZGGSC2.jpg,VXIJQF7W.jpg,0.9245114,True
image/BKUJGEQJ.jpg,HA3AXJH2.jpg,0.92395663,True
image/GCIZYBO1.jpg,A4TKXJ7W.jpg,0.9237787,True
image/Y9F7I0W2.jpg,98XBKYMP.jpg,0.9237255,True
image/GHXOVZ0P.jpg,N9Y7VG2U.jpg,0.92369825,True
image/1SRHRFLQ.jpg,UICGA8FS.jpg,0.92362624,True
image/6V2DTBVJ.jpg,DTLNUF87.jpg,0.92359596,True
image/MLOKK8NN.jpg,GOB5RLWT.jpg,0.9235718,True
image/TS6N7M67.jpg,2BWI276K.jpg,0.9235382,True
image/PR95Z14P.jpg,EWZSERAR.jpg,0.92345303,True
image/1KYW0AVO.jpg,2RPSCHHB.jpg,0.92342097,True
image/OF30NV5U.jpg,WU1J3ZFX.jpg,0.92339855,True
image/IXHN4IIR.jpg,VWRSNZY1.jpg,0.92336947,True
image/0M553PXR.png,2KVST4FU.jpg,0.92328423,True
image/XEJOQFSL.jpg,6PKALVE6.jpg,0.92327076,True
image/12O3FK71.jpg,2SZEBHLD.jpg,0.92309445,True
image/2H5PDG4X.jpg,LMLOAA9H.jpg,0.92306817,True
image/HA59IR2A.jpg,EV4SM67F.jpg,0.9229898,True
image/4G58GFKN.jpg,3FP2S032.jpg,0.9227387,True
image/QS4164J3.jpg,K2V9XH6H.jpg,0.9226817,True
image/1GSG7241.jpg,1P63N3L3.jpg,0.92265624,True
image/OMVKRYJI.jpg,BHWIA8NT.jpg,0.922394,True
image/R98LJ0MX.jpg,A9K236SE.jpg,0.9222423,True
image/XWHEL4J6.jpg,5SNSVP8C.jpg,0.92212605,True
image/I5BBCSH9.jpg,8E2ISZ9R.jpg,0.9220112,True
image/D9UZN2ZB.jpg,369693HB.jpg,0.9219713,True
image/M66IQXEN.jpg,EVUAHHMN.jpg,0.92194396,True
image/ZEM1EIED.jpg,BE0GCCAJ.jpg,0.92191786,True
image/I1BD2HV7.jpg,M6ZYMDZ5.jpg,0.9216221,True
image/QA435H8R.jpg,DD13UXMJ.jpg,0.9215005,True
image/KTJLU2LY.jpg,TE6PARPT.jpg,0.9214887,True
image/1S3UQXZP.jpg,C4T93BAJ.jpg,0.92148,True
image/GEN266CH.jpg,OYKKRJHN.jpg,0.92147416,True
image/A6R4SGGZ.jpg,W9NR8O5O.jpg,0.9214615,True
image/WZ8GEWZK.jpg,IL8AIIGV.jpg,0.9214383,True
image/MLPX7Y0G.jpg,RY4KODXL.jpg,0.92133975,True
image/9S4AD0YV.jpg,EQHZA352.jpg,0.9211216,True
image/VM9QDF6P.jpg,NPEA1DVV.jpg,0.9208628,True
image/A0AXUU8V.jpg,7702OVOX.jpg,0.9208376,True
image/P1792B5T.jpg,LIT9N4RD.jpg,0.9207328,True
image/36SYLGJ5.jpg,PTTXSIO0.jpg,0.92070043,True
image/VPZT3L84.jpg,I2KXHRPW.jpg,0.9205671,True
image/GIQR59GG.jpg,VWYV4R9E.jpg,0.920556,True
image/ZFNIWTTJ.jpg,DA7CORCD.jpg,0.92054677,True
image/3KW50Q68.jpg,UISEY0UE.jpg,0.920462,True
image/85P17Y2E.jpg,379DC6QV.jpg,0.9204557,True
image/EU4BGPLD.jpg,UQF5Q956.jpg,0.92036366,True
image/G2PKKOUB.jpg,PI9YDH72.jpg,0.9203038,True
image/Y7UQL2PE.jpg,DLWMZ84I.jpg,0.9201384,True
image/FL9P2SFK.jpg,9HBB7JLE.jpg,0.9200038,True
image/2C3NSHK2.jpg,2RPSCHHB.jpg,0.9199708,True
image/P3L3IKUP.jpg,VDAZWI8D.jpg,0.9199253,True
image/XSP6I8RM.jpg,LXQ4ZJ37.jpg,0.9199247,True
image/Z9CZJLPJ.jpg,2HS3ZSAE.jpg,0.9198309,True
image/Z47Q5ULR.jpg,UOD2SBHY.jpg,0.91976696,True
image/N0ZFKWMT.jpg,6HS2XAI8.jpg,0.91975796,True
image/GTXVC2C0.jpg,ITAFVOW2.jpg,0.9197379,True
image/BFEY47YV.jpg,SGYZ8YCP.jpg,0.9197282,True
image/D4GZO3EG.jpg,4S8SK5AO.jpg,0.9196373,True
image/80HXXYIE.jpg,ARGMZRJL.jpg,0.9194256,True
image/8HL9NW06.jpg,J2ODWI87.jpg,0.9193729,True
image/VCV0V6JZ.jpg,OTHK89NQ.jpg,0.9193616,True
image/454MLAXN.jpg,PGX94BG1.jpg,0.9192587,True
image/AZWVQJUZ.png,LS48UG69.jpg,0.91919464,True
image/0FN4U1LZ.jpg,H4YLWXSG.jpg,0.9191435,True
image/8LRFD3ZY.jpg,B2MH6VFU.jpg,0.9190454,True
image/CKJVVWKS.jpg,9OFOHCWE.jpg,0.9190024,True
image/PN8DG4F9.jpg,SBNX585R.jpg,0.9189993,True
image/9S8386GJ.jpg,6K0CPRIA.jpg,0.91887826,True
image/9ABYSUIK.jpg,VJJ1ACYF.jpg,0.9188743,True
image/NJ68PCA9.jpg,SAW1W4F7.jpg,0.9188072,True
image/N6FER6GY.jpg,66WL1LMB.jpg,0.9187914,True
image/3JJDRUWE.jpg,9DMHCIHR.jpg,0.9187795,True
image/RDQWASME.jpg,I3AIJA4U.jpg,0.9185916,True
image/T392A29U.jpg,13XM2PUB.jpg,0.91857,True
image/S3WUIC8N.jpg,YJFOU07E.jpg,0.91848516,True
image/JLQVTUD9.jpg,08QPMUR0.jpg,0.9184179,True
image/8U2LBCTG.jpg,K6DQR0RX.jpg,0.91836995,True
image/GYGRH3JB.jpg,OS6E5YC6.jpg,0.91831124,True
image/ZEABU46U.jpg,HA758VYL.jpg,0.9182005,True
image/R31NEH9U.jpg,CFXQMG72.jpg,0.9180549,True
image/6GOTEQZP.jpg,8VSZKNPT.jpg,0.9179827,True
image/DXPJHB5B.jpg,GTPX9EQB.jpg,0.9179528,True
image/JRRTC2I7.jpg,NOW1BMER.jpg,0.91792846,True
image/L5WTOO0H.jpg,A4VYW3P6.jpg,0.91782516,True
image/Q3ZBPPIL.jpg,M1OP80TG.jpg,0.91763324,True
image/M2G7BCD1.jpg,KK8B14RL.jpg,0.9175271,True
image/ZJ6CASET.jpg,8IKARBQZ.jpg,0.91747487,True
image/66SMONC2.jpg,XDN0M4VD.jpg,0.91736245,True
image/UWBKF5QT.jpg,D1HSNN9D.jpg,0.91733265,True
image/25CD1OPY.jpg,WUMFY6LM.jpg,0.91728914,True
image/RAWVYEIW.jpg,5IUVFJYG.jpg,0.9172688,True
image/YV5VYD1R.jpg,5F754W2X.jpg,0.91716826,True
image/UDA9T3NP.jpg,7KMEYPYQ.jpg,0.9171187,True
image/QMRVIHNX.jpg,DXU466LQ.jpg,0.91710335,True
image/9KCUHGO3.jpg,2N0DD2TE.jpg,0.9170636,True
image/7C421VAL.jpg,P1EJA495.jpg,0.91701305,True
image/OU7AS3DU.jpg,2RH4OOMX.jpg,0.91691566,True
image/3PGJR7RX.jpg,2KHK5RUZ.jpg,0.9167982,True
image/AGZPCD1A.jpg,H4CWI6RL.jpg,0.9167923,True
image/JQ1GWQ1M.jpg,7SXW3RTA.jpg,0.9167792,True
image/77ZS8Z7V.jpg,HLYSTZ1I.jpg,0.91675144,True
image/JCL56J8C.jpg,BUZ9N4ZO.jpg,0.91672415,True
image/AJZ465OS.jpg,1DWXRNDH.jpg,0.9165362,True
image/AKQ2Z8OR.jpg,LOYPG4O4.jpg,0.9165335,True
image/T23R8RDE.jpg,B6B04B37.jpg,0.91645133,True
image/PUH4Y4JV.jpg,9430GDQ1.jpg,0.9163042,True
image/GH15K2CB.jpg,ACBYTTKV.jpg,0.91629505,True
image/5CKFXIH5.jpg,RQGT9W1M.jpg,0.9162241,True
image/BCZ0SZFW.jpg,S8F2FALC.jpg,0.9160821,True
image/RK42TPU7.jpg,YB96H50S.jpg,0.9158292,True
image/8O4Y6T2B.jpg,Y0DKE8TG.jpg,0.91558397,True
image/XA74QUVY.jpg,OP49LHWP.jpg,0.9155528,True
image/TKCM0302.jpg,630J3VFO.jpg,0.9154657,True
image/EIO5HADA.jpg,5S0CXN5P.jpg,0.91544306,True
image/J3K6PC05.jpg,3AKEN33O.jpg,0.9154162,True
image/DCGDFKQK.jpg,SWILEX47.jpg,0.9153635,True
image/HZEKXVVC.jpg,5S0HWJ3P.jpg,0.915314,True
image/0ZV6D8ZK.jpg,N9DYDCAV.jpg,0.91527945,True
image/CX8LPV7R.jpg,DI2LR217.jpg,0.91524637,True
image/OQ1K04GT.jpg,52E3I7SP.jpg,0.9152282,True
image/8Z184BK8.jpg,VOEHVI3R.jpg,0.9151245,True
image/74HTFD12.jpg,B5GXBPPO.jpg,0.91510093,True
image/RQ9WDZJO.jpg,8JGY5UZA.jpg,0.91509336,True
image/CQFXKQTS.jpg,WMWKAMZM.jpg,0.9150776,True
image/W08FP9SE.jpg,BF1JM0FQ.jpg,0.9150363,True
image/3GVB86MA.jpg,EZGITHXL.jpg,0.91501045,True
image/UZNQJ5DW.jpg,51RZTGIL.jpg,0.9149976,True
image/70DLPN1G.jpg,QGRILYKB.jpg,0.914996,True
image/WWWO7ZOS.jpg,1MSNKR6I.jpg,0.91485184,True
image/0JBB9KHH.jpg,ZKWD13R1.jpg,0.91482353,True
image/IHFCUD0R.jpg,HJ6WRLHW.jpg,0.91470945,True
image/AR6ODW5D.jpg,LR67RIMQ.jpg,0.91470325,True
image/75THWTKZ.jpg,6VTX3QHY.jpg,0.9146707,True
image/GT2DYV0B.jpg,RLFJXZ9I.jpg,0.91463023,True
image/GFTX2XLB.jpg,47864DO8.jpg,0.91453135,True
image/17IHU5EW.jpg,ETHS9C2M.jpg,0.91450274,True
image/FUSSUL9P.jpg,1DZK8PS0.jpg,0.91448075,True
image/KAQBDZ44.jpg,JOD6DLO6.jpg,0.91446054,True
image/VK0L0OHD.jpg,BVWVH4ID.jpg,0.91441345,True
image/1W0SQ5NM.jpg,JU2UN8XQ.jpg,0.914412,True
image/V8826428.jpg,5L40DG0Y.jpg,0.9144048,True
image/O3GOKN1B.jpg,2CLWLJ9Z.jpg,0.91433,True
image/L4FHKX2O.jpg,G25WQ3RU.jpg,0.9142669,True
image/WWE4RNH4.jpg,DH55R5SX.jpg,0.9142368,True
image/TK5PPVDQ.jpg,AFGNQAV5.jpg,0.91416657,True
image/YAZ1U69N.jpg,5X22VQGA.jpg,0.91407347,True
image/53163CD7.jpg,SFGE2WC0.jpg,0.91393095,True
image/8SF5IAQK.jpg,FYRDJAX9.jpg,0.913894,True
image/PDDFM9Y3.jpg,V76XTZJV.jpg,0.91389334,True
image/ZEHKG57O.jpg,LG4NKTK0.jpg,0.91377777,True
image/4DJ30BJY.jpg,HVMFWPB1.jpg,0.9137637,True
image/F171N09S.jpg,VBKMW1RL.jpg,0.9136715,True
image/DEIVPBN9.jpg,7PVMO8EA.jpg,0.9136364,True
image/L8UV4VUU.jpg,UY2577LV.jpg,0.9135504,True
image/LVQ8F5XK.jpg,CX28KB4Z.jpg,0.91347307,True
image/8JTJU2QM.jpg,OC55PLE6.jpg,0.9134155,True
image/EQ8RT2UM.jpg,UV9HPHU5.jpg,0.9133991,True
image/N3O2Y0LQ.jpg,52HXUDBQ.jpg,0.91339016,True
image/OCOWP5NW.jpg,0GGIXNLZ.jpg,0.9132607,True
image/8UJDJ97Z.jpg,RY4KODXL.jpg,0.91320556,True
image/I7HC0E54.jpg,PO8H3CRS.jpg,0.9131795,True
image/A7R749O6.jpg,XS4D7KFK.jpg,0.9131755,True
image/AOOBO09A.jpg,TAN3VPRG.png,0.9131633,True
image/RCBMNFLX.jpg,HY2UQXS6.jpg,0.91306967,True
image/IPMSBK7Z.jpg,IBASEDGS.jpg,0.9130373,True
image/3ADWFDYO.jpg,7QIWC5H4.jpg,0.91302794,True
image/YT4BSQSG.jpg,D1TZR4WW.jpg,0.9130223,True
image/0UTRJPUI.jpg,YTHUCHVD.jpg,0.91299766,True
image/E5NUV9Z2.jpg,OSDN2EQ8.jpg,0.9128731,True
image/NY8G4AMC.jpg,HWFP50EW.jpg,0.9128494,True
image/D87VS41W.jpg,CEYD14CL.jpg,0.9128048,True
image/VZH3UHZL.jpg,QQMUEI80.jpg,0.9128027,True
image/RPNPSSP1.jpg,YDQZNUA8.jpg,0.9127988,True
image/AXIZ8DJE.jpg,1EB4SLKS.jpg,0.9126443,True
image/XALJLJXC.jpg,XUCI9FUB.jpg,0.91258305,True
image/DSATO6S3.jpg,OCKSLVUG.jpg,0.91258097,True
image/ODCFKGGO.jpg,BTJOFTOJ.jpg,0.9125048,True
image/VGQTO7GZ.jpg,0CP86ABB.jpg,0.91249543,True
image/3YTGRINF.jpg,GYB85J1B.jpg,0.91247636,True
image/XPM70GIB.jpg,ZB97X636.jpg,0.9124314,True
image/IWYHD464.jpg,9V41TXH6.jpg,0.91242105,True
image/PH5LR6X5.jpg,8ZC8K5TP.jpg,0.9124025,True
image/FMQ8S8QQ.jpg,UWOP1WON.jpg,0.91240096,True
image/7A7UIBD5.jpg,GP6DBF2N.jpg,0.91238356,True
image/FPBEAK3U.jpg,9MGRM3XH.jpg,0.9123676,True
image/F9GA27GJ.jpg,POUDV866.jpg,0.91236484,True
image/CSWS53VA.jpg,FX9MD7MT.jpg,0.91228294,True
image/U0ZIR3XS.jpg,STFSNAVH.jpg,0.91228163,True
image/BZG9WIVD.jpg,O35C7GZA.jpg,0.9121619,True
image/T6O3JT89.jpg,AHXSYJ7Y.jpg,0.91210496,True
image/6Q2WZK33.jpg,K2J41J7M.jpg,0.9120395,True
image/PN7731IE.jpg,MJBIFHDK.jpg,0.9119914,True
image/7LAW31PJ.jpg,ZO9BA3I1.jpg,0.91197234,True
image/B5IWAUEX.jpg,MJBIFHDK.jpg,0.91191757,True
image/O10NBYJI.jpg,M2V2P5Q2.jpg,0.9118637,True
image/ZNYGB4SD.jpg,HK8F3JRG.jpg,0.9118477,True
image/MDL4LCVQ.jpg,YX3AC7MD.jpg,0.9118404,True
image/P14MVAOE.jpg,VH1PWB57.jpg,0.91182977,True
image/4QA5BM1N.jpg,WOCJQY55.jpg,0.91177607,True
image/7IUENFBL.jpg,3UKTZLP7.jpg,0.9117013,True
image/4TVVRH14.jpg,2HE6ZSH6.jpg,0.9116806,True
image/QXSJ6Q3G.jpg,Q14OHF6S.jpg,0.91167843,True
image/S46WAB8N.jpg,HK8F3JRG.jpg,0.911615,True
image/Y8ZI2HFZ.jpg,F6JNF12U.jpg,0.9115157,True
image/E6VBJNV4.jpg,SUZ8R866.jpg,0.91149527,True
image/SXQ39VEV.jpg,WBRVO1TE.jpg,0.9114602,True
image/YY2047JD.jpg,KW63S6UT.jpg,0.9114579,True
image/MX5SFBUQ.jpg,DO0Q2L2N.jpg,0.9114564,True
image/U3Y4CNP4.jpg,6QULMPHD.jpg,0.91144955,True
image/24CZ4KWS.jpg,UA54RKMF.jpg,0.91144687,True
image/PIDZ7M2Q.jpg,APEKZB70.jpg,0.9114448,True
image/QRV9V2MS.jpg,KJXASMUK.jpg,0.9114334,True
image/XAWLUWN4.jpg,X9FPVQJ8.jpg,0.9113989,True
image/H61RRM0D.jpg,FP913ZZM.jpg,0.9113963,True
image/72KQ8Z3O.jpg,J0NGW4YW.jpg,0.9113962,True
image/LOA5V0ES.jpg,4QVWDNBF.jpg,0.9112661,True
image/4LMX6LLO.jpg,8LLWQK19.jpg,0.91126037,True
image/7YT2YFAT.jpg,K22BHUJC.jpg,0.9111379,True
image/QSBX2XXV.png,R895LG89.png,0.9110425,True
image/DJEKFCKC.jpg,B2IE4T1I.jpg,0.9109741,True
image/C2XPY3LK.jpg,D0ZLQNMY.jpg,0.9109132,True
image/BU09EH7B.jpg,RIE4UR2K.jpg,0.91089576,True
image/W0WR1HZY.jpg,81G78Z0I.jpg,0.9108315,True
image/JGDNEXOY.jpg,3FOM9OYH.jpg,0.910793,True
image/FPSDFMU1.jpg,CSEVE5KC.jpg,0.9107475,True
image/W4LB45ES.jpg,NP8RT9VT.jpg,0.910727,True
image/74TLIE4A.jpg,ZE45JJNE.jpg,0.9106949,True
image/Q7NL7XWS.jpg,822T88FL.jpg,0.9106547,True
image/2HK5CTU0.jpg,OIKKZJGD.jpg,0.9106362,True
image/YLSNRDHP.jpg,2PG0VLFP.jpg,0.9106234,True
image/ZYO6I4KF.jpg,AY76Y6C6.jpg,0.9106231,True
image/7W1T9EO9.jpg,QDWH1LM3.jpg,0.91055816,True
image/A2ZOWYAY.jpg,6W0DZZ4P.jpg,0.9104168,True
image/I6K64Z6E.jpg,2KX2EKS1.jpg,0.9104021,True
image/KXANYGW4.jpg,VK6UHZO2.jpg,0.91040057,True
image/GJKV06ZU.jpg,G25WQ3RU.jpg,0.9103798,True
image/XEM6JW7X.jpg,W37HIMKQ.jpg,0.91034025,True
image/BHPMBLJ0.jpg,C1HK3UCJ.jpg,0.9103207,True
image/24BI1H1N.jpg,486PUGK7.jpg,0.91024345,True
image/SP03CPS1.jpg,0HVRIS68.jpg,0.9102403,True
image/MCA03Y1B.jpg,KYRKX3GN.jpg,0.91023284,True
image/MBFK93JN.jpg,ORI3G8IB.jpg,0.9101388,True
image/R7F0Q0DV.jpg,APEKZB70.jpg,0.91010696,True
image/HPNCZ8OZ.jpg,QJQPMOP5.jpg,0.91010654,True
image/WXFVU9PB.png,92V5IFG2.jpg,0.9100514,True
image/XBUWPB7E.jpg,XEG97IMI.jpg,0.91001356,True
image/3WLQ9LB6.jpg,PFUUK4XW.jpg,0.9099013,True
image/4PRM8UJF.jpg,OCKSLVUG.jpg,0.90989137,True
image/TAH5L0RO.jpg,FPZPEIYB.jpg,0.90988475,True
image/CWIQ6SRI.jpg,4HECPI0P.jpg,0.90986204,True
image/A85WCHGB.jpg,VU15ZGUO.jpg,0.90981966,True
image/VT8FUIK8.jpg,YFSHNVUS.jpg,0.90973085,True
image/FZZPTR8H.jpg,RP71ENVA.jpg,0.90970427,True
image/QWZ80HCM.JPG,W1JMPUYH.jpg,0.90962666,True
image/G542Y7G8.jpg,OC7JJS15.jpg,0.9095168,True
image/J203Z5LE.jpg,28LH5L6Y.jpg,0.9095131,True
image/SGYNL2MT.jpg,9444HJRF.jpg,0.90946716,True
image/WV6QHRHF.jpg,6XAYI1SM.jpg,0.90938675,True
image/Q2LKGNAD.JPG,W1JMPUYH.jpg,0.909354,True
image/ZL8XVI56.jpg,0Z16NTGI.jpg,0.90931946,True
image/HWESU0YM.jpg,YJFVJ510.jpg,0.9091036,True
image/J3VTRL40.jpg,MJBIFHDK.jpg,0.9090041,True
image/C2T7Y1U9.jpg,PZZOKHPA.jpg,0.9089227,True
image/AJ0Z493Q.jpg,J6KZUDE2.jpg,0.908921,True
image/HOWOOS77.jpg,REUBGW42.JPG,0.9088849,True
image/KBAYVH0W.jpg,3QMCC20V.jpg,0.90885293,True
image/HRCEP2ZK.jpg,V87YDZP0.jpg,0.9088357,True
image/YKST3QJ2.jpg,S8AVS3MA.jpg,0.9088237,True
image/83WC0RTN.jpg,LS48UG69.jpg,0.90877366,True
image/0CCOVF1L.jpg,7JP4XIED.jpg,0.9087355,True
image/KDUA8MYL.jpg,F6JNF12U.jpg,0.90869135,True
image/6Y3E5U8T.jpg,WIQTRLVA.jpg,0.9086879,True
image/ONFCC49P.jpg,0ZACHLGB.jpg,0.9086745,True
image/MNZPT9HW.jpg,C3QMVAHR.jpg,0.90858406,True
image/DA959JK5.jpg,LY6MOBMW.jpg,0.9085741,True
image/FFE3WKBL.jpg,FW8TXIAW.jpg,0.9085573,True
image/EAOYLHL8.jpg,H3E7L01J.jpg,0.9085389,True
image/Z42FAUIN.jpg,A20GPGG3.jpg,0.9085267,True
image/1BMQC6T1.jpg,XLO0Y5J6.jpg,0.90847635,True
image/1V87VSVQ.jpg,N9ODFXEG.jpg,0.9084536,True
image/U6DD3X9G.jpg,NJ3IXNV1.jpg,0.90839547,True
image/N28YA678.jpg,ZO4QRSLJ.jpg,0.9083849,True
image/BONPH1XO.jpg,PFAXT4CC.jpg,0.9082538,True
image/SH3SF4BR.jpg,HJMVP1YX.jpg,0.9082528,True
image/2TCBBWMW.jpg,QZIS0272.jpg,0.9082225,True
image/FE4RP1ZU.jpg,CBCJXND4.jpg,0.9082223,True
image/AJVI35RZ.jpg,HY0K9SIR.jpg,0.90821195,True
image/YTQO5Y4F.jpg,JCBAPTKT.jpg,0.9081518,True
image/V4TTXCGW.jpg,A9872OH3.jpg,0.90802044,True
image/WQN3YGP6.jpg,DPQN2VBF.jpg,0.9080191,True
image/YP3RFOM7.jpg,T73AC7SR.jpg,0.9079945,True
image/QVSXRQ1E.jpg,XUSK53MN.jpg,0.90798926,True
image/SADBBMVE.jpg,L42NEC5T.jpg,0.90794873,True
image/3MDVOSLS.jpg,T0V6Z55E.jpg,0.9078928,True
image/0IXL7ILU.jpg,52E3I7SP.jpg,0.90788776,True
image/XA40FRV0.jpg,8940LPAY.jpg,0.90786064,True
image/EM06N6DM.jpg,6IJKU91W.jpg,0.90785444,True
image/WC4DIWLT.jpg,81T5XFAD.jpg,0.90783167,True
image/GQ9BQVF5.jpg,5UG57CHL.jpg,0.90782887,True
image/CZE6L860.jpg,OA7JYGUW.jpg,0.90775526,True
image/NPKA2XAE.jpg,ZL27TG2S.JPG,0.9076714,True
image/SLTA6ZL1.jpg,ACVK6E8S.jpg,0.90760595,True
image/HHVHJHL5.jpg,M2UJLQOL.jpg,0.9075992,True
image/SEUJ9UF5.jpg,WC7623DR.jpg,0.9075721,True
image/64CD2NV5.png,U78PSYBS.jpg,0.9075432,True
image/CKA19GNV.jpg,9MHU1UWN.jpg,0.9075026,True
image/35SYMSGA.jpg,LZ94EY2G.jpg,0.90745157,True
image/9QN68CAN.jpg,L38YPZ1X.jpg,0.9073828,True
image/G2P4VAWJ.jpg,1I98W3FN.jpg,0.9072995,True
image/HWRVL41K.jpg,RJQ2MD5N.jpg,0.90725577,True
image/W6JVNGL7.jpg,7QIWC5H4.jpg,0.9072217,True
image/3WT3YA0T.jpg,GIDA0ZFD.jpg,0.90715915,True
image/ZYK97TWY.jpg,UOHRRQ9Q.jpg,0.9071315,True
image/HXXW6M9Z.jpg,XCQUEX8P.jpg,0.9070252,True
image/FA3YDGOS.jpg,YZXWZCQ9.jpg,0.9069623,True
image/UX2L9E50.jpg,KRNLL4FD.jpg,0.9068385,True
image/X99SI3TR.jpg,30X2XDJO.jpg,0.9067862,True
image/P8S2RJ60.jpg,120X9HYA.jpg,0.90677077,True
image/JF7R58PS.jpg,6IZPHCCW.jpg,0.90672433,True
image/9NYXO3XR.jpg,POUDV866.jpg,0.9065989,True
image/VYIYUIQO.jpg,BR6RCD22.jpg,0.9065804,True
image/ZNGXVAA1.jpg,MKTCIDYD.jpg,0.9065131,True
image/NEGGEGL4.jpg,W2IC91RF.jpg,0.90649366,True
image/Z2LCIGGM.jpg,H8IFF1Y9.jpg,0.90642744,True
image/4EJFSXKT.jpg,XX1T93J7.jpg,0.90638375,True
image/A8MUTPGG.jpg,ST1ZDPHU.jpg,0.9063103,True
image/91P26E30.jpg,YKZF8F5D.jpg,0.90625167,True
image/IM0VN3AG.jpg,MP9RRJQ7.jpg,0.90620077,True
image/U6WA7O27.jpg,FX2KABN5.jpg,0.90618044,True
image/4WO0JS56.jpg,T2J6DSVO.jpg,0.90600556,True
image/7XH9FIBV.jpg,86B6A03W.jpg,0.9059518,True
image/6NLVBF6X.jpg,C30I8LPS.jpg,0.90590876,True
image/MHVKULBZ.jpg,9FX4HPP2.jpg,0.9059051,True
image/BIG0A3GA.jpg,UKGVELO0.jpg,0.9058478,True
image/HZM1KDAW.jpg,NQ2WZKY8.jpg,0.90583915,True
image/BVKAOWBS.jpg,6OJ8ZYBX.jpg,0.90583396,True
image/1Y1WZVMK.jpg,HCVX63JB.jpg,0.90582496,True
image/PA3AQYNV.jpg,OXXOABIS.jpg,0.90580106,True
image/Z1B6ALL2.JPG,V2NHRNYQ.jpg,0.90575,True
image/ILWMAQ5P.jpg,T51NGXE3.jpg,0.90571195,True
image/OYXWYVMQ.jpg,ZDLZE0VB.jpg,0.905708,True
image/PCCHXEX0.jpg,8LCJDG7E.jpg,0.9056912,True
image/Z1SZCMDD.jpg,58YN794P.jpg,0.90567786,True
image/HWU6Y6KR.jpg,WL5AFB7Z.jpg,0.905675,True
image/ZAYBYR9C.jpg,HI51C8LH.jpg,0.9056711,True
image/F5PXL1W7.jpg,TW2PYWGL.jpg,0.90560544,True
image/X507ALAQ.jpg,W3J75U33.jpg,0.90559834,True
image/ZTNMIBX4.jpg,6RKE6RNK.jpg,0.905596,True
image/G6WSH845.jpg,IBT0ZDGW.jpg,0.9055547,True
image/6N5Q4WE6.jpg,CPGOUX0R.jpg,0.9055215,True
image/NY72KPLV.jpg,886IH0XK.jpg,0.90548116,True
image/E4PVCOCW.png,5MP1EE0G.jpg,0.90543425,True
image/1RQWLILD.jpg,MI65R6A5.jpg,0.9054197,True
image/OEADX3EP.jpg,POUDV866.jpg,0.905351,True
image/3M4PDDU0.jpg,FGNZGT44.jpg,0.90524966,True
image/ZUAXJ5JD.jpg,S5FZ0EVO.jpg,0.9052363,True
image/K6T1C3XX.jpg,TJ1IDHUI.jpg,0.9052048,True
image/RQUZWYXT.jpg,65OLI0OK.jpg,0.90516585,True
image/M2BYUIS2.jpg,IBASEDGS.jpg,0.9051465,True
image/ZZGG4P1X.jpg,KJP7OXQS.jpg,0.90512824,True
image/45ABOX6L.jpg,2SZEBHLD.jpg,0.9050818,True
image/33FPWD79.jpg,Z0VZ9OR6.jpg,0.9050673,True
image/8CFRL22D.jpg,820YJISK.jpg,0.9049808,True
image/AEQ117S1.JPG,Z1HXL2XY.jpg,0.9049747,True
image/2X7NRORL.jpg,CEPJDDJ1.jpg,0.90497094,True
image/G7CIF7M1.jpg,EB8FC7ME.jpg,0.9049541,True
image/ZTA8M8N8.jpg,TKTMM8LV.jpg,0.90490144,True
image/L0QET9WZ.jpg,QSO5ULRK.jpg,0.90489644,True
image/XM75NHBI.jpg,TUBGR2Y6.jpg,0.9048899,True
image/7VX9CIFK.jpg,Y40X3W5S.jpg,0.904645,True
image/PC60OUPH.jpg,JGEJ4IAR.jpg,0.90464497,True
image/CMBG3S86.jpg,AKDEUXPG.jpg,0.9046334,True
image/C1YEXGMQ.jpg,8A7J3T1I.jpg,0.9045929,True
image/XEZ46GQ2.jpg,37718LIX.jpg,0.9043449,True
image/ED8SQ4FX.jpg,BC4CYOXO.jpg,0.90432864,True
image/YWVBYN9S.jpg,1RCD34ID.jpg,0.90432495,True
image/3UDLAZ32.jpg,KSCBUFZJ.jpg,0.90431523,True
image/999LKFJP.jpg,TKTMM8LV.jpg,0.9043013,True
image/UHR6WHBC.jpg,E1GDQLVF.jpg,0.9042969,True
image/E2KTPRU4.jpg,XWPWPSO5.jpg,0.9042282,True
image/5WWMVIA2.png,LMWQL40R.jpg,0.9042218,True
image/GG8UNAWL.jpg,RYK6VC8G.jpg,0.90419316,True
image/WZ6D3891.jpg,2KO4OLYM.jpg,0.90418065,True
image/IVLM68RC.jpg,4LV3FBKP.jpg,0.9041286,True
image/VMWBU181.jpg,AVQ53ILD.jpg,0.90412164,True
image/SG6YHW19.jpg,VII0924M.jpg,0.9040057,True
image/Z20VIMO0.jpg,ARNZ0LAA.jpg,0.9039694,True
image/J2156T8X.jpg,PIJCK2ZN.jpg,0.90394753,True
image/D10MKF7M.jpg,LN9TM54E.jpg,0.9039305,True
image/1UCNHM65.jpg,UYE9YM9V.jpg,0.90382475,True
image/TPN81F13.jpg,GPJXF7M6.jpg,0.9038066,True
image/54153TR9.jpg,VGWDQ02B.jpg,0.9037419,True
image/ZTM8O3SF.jpg,9DMFRAEU.jpg,0.9036946,True
image/EJO0TCCF.jpg,VQ4SEBE9.jpg,0.90369177,True
image/I2YYRTVV.jpg,1JRAUXFT.jpg,0.90367264,True
image/1MOE661V.jpg,WVI04HON.jpg,0.90365595,True
image/L2WP0Q48.jpg,56YECGH8.jpg,0.9035974,True
image/LL7B43OD.jpg,DPQN2VBF.jpg,0.9035957,True
image/SGLHI4HQ.jpg,0CEQJZTE.jpg,0.9035695,True
image/2IOMNJ45.jpg,B29ZJ5VZ.jpg,0.9035265,True
image/61CRUIOD.jpg,HTA3JD23.jpg,0.90351903,True
image/KMWESVS7.jpg,IC2FH30P.jpg,0.9034849,True
image/A414MV3T.jpg,KQ02V1CL.jpg,0.90348154,True
image/FK8ZH774.jpg,YYN74ZF3.jpg,0.90346986,True
image/R9K07QPR.jpg,QW7QV6IO.png,0.90344125,True
image/KDXM8ZDX.jpg,RG8ZZX7P.jpg,0.9033895,True
image/2L7JVXZL.jpg,GIB6643C.jpg,0.9033893,True
image/1W6VK6KW.jpg,IBIADNNU.jpg,0.903371,True
image/S1DR8J1O.jpg,UY3NALL1.jpg,0.90333325,True
image/VSOLPM0L.jpg,5P9RLZ9A.jpg,0.90328604,True
image/4E25VUE4.jpg,08QKZ0ON.jpg,0.9032813,True
image/YWE9AAUK.jpg,LQLCJ3OW.jpg,0.90326923,True
image/CRXZB02I.jpg,35VQZ8OY.jpg,0.90318793,True
image/8DIJSAT6.jpg,UTO1WCKZ.jpg,0.9031824,True
image/MKLMTBNA.jpg,41DR3XZ4.jpg,0.90300596,True
image/7WTUM5YS.jpg,R5MVTFDN.jpg,0.9029813,True
image/8RU6UVFO.jpg,79978Z6G.jpg,0.9029528,True
image/KRRWHAH0.jpg,K7424R7R.jpg,0.90294534,True
image/6PZSH4Z0.jpg,XAULHGZX.jpg,0.90281117,True
image/GQ9OD4NZ.jpg,N9Q15A5L.jpg,0.9027818,True
image/3VLLYQAC.JPG,7C6I7K2E.jpg,0.90275407,True
image/ZQYUU0DO.jpg,TKV62J3B.jpg,0.90275013,True
image/BBEJGIRY.jpg,7R7ETVPI.jpg,0.90263057,True
image/8V4HMQ24.jpg,KH9LYIRE.jpg,0.90262,True
image/F1SX8CL7.jpg,JPFDHLCY.jpg,0.9025931,True
image/TL5J7PR4.jpg,DKD2FDQ4.jpg,0.9025391,True
image/AU3UCGMD.jpg,GBWXQ6NS.jpg,0.90253514,True
image/LIZ6G74Y.jpg,2KVST4FU.jpg,0.90252113,True
image/SZ1IJRU9.jpg,5Q715UQM.jpg,0.9025163,True
image/EZBBAVS1.jpg,V8VSLLWJ.jpg,0.9024437,True
image/WWTKFRJL.jpg,WWCEN9Y9.jpg,0.9024309,True
image/KTD4H0FK.jpg,RLVSXRAM.jpg,0.9023613,True
image/00LM4LJV.jpg,X6ZU7XG4.jpg,0.9023427,True
image/CQXO8SEO.jpg,0H43BAS6.jpg,0.902246,True
image/Y9V4P3LF.jpg,9H9FG2DI.jpg,0.9021791,True
image/TZD0ALAG.jpg,TS7ZVDWX.jpg,0.9021579,True
image/N4MZ692H.jpg,Q6XFGSCB.jpg,0.9020921,True
image/K3YY37B2.jpg,03SMJ4G1.jpg,0.9020823,True
image/CSK9TLMR.jpg,ZJIXQXXJ.jpg,0.9020164,True
image/G4SYF33S.jpg,6JPPECD8.jpg,0.9019751,True
image/KW0TC8K2.jpg,RBFQXR6S.jpg,0.9019553,True
image/6PZ3G5KD.jpg,YB9X404X.jpg,0.90191984,True
image/JHYSHZ4G.jpg,JNQBLLYD.jpg,0.9019026,True
image/48P35VLN.jpg,TJV1BNNJ.jpg,0.90178823,True
image/SCXGR5B0.jpg,4S9PSLVQ.jpg,0.90174145,True
image/P65IX18L.jpg,TTRLZY2P.jpg,0.90172565,True
image/6Z81VYL7.jpg,VWGNK7YN.jpg,0.9017234,True
image/OKVLQPTC.jpg,R7AFFPEB.jpg,0.9017069,True
image/UXPLKURX.jpg,NYH6CJYW.jpg,0.90166587,True
image/W7H7Q2EN.jpg,WN1KN3HY.jpg,0.9016285,True
image/HSGUANV2.jpg,N6QD34DG.jpg,0.9016238,True
image/79DA6IVO.jpg,SL09MNNA.jpg,0.9014872,True
image/CM6EPO6T.jpg,P5FFO0H5.jpg,0.901468,True
image/POTBZ4V2.jpg,X6LE0J7J.jpg,0.9014621,True
image/HCD58BMZ.jpg,QJQPMOP5.jpg,0.9014481,True
image/RTZ82MMG.jpg,Z0VZ9OR6.jpg,0.9014412,True
image/YCXWI552.jpg,5SMP55BB.jpg,0.90140575,True
image/DB99CYMF.jpg,1CLOCFFQ.jpg,0.9014024,True
image/HY157BBC.jpg,Z9VJM5OW.jpg,0.90135527,True
image/0DLFJ3W0.jpg,B7FEMVHK.jpg,0.90129256,True
image/VJNY1WD8.jpg,HI9OSN2R.jpg,0.9012102,True
image/TE6LHUZ4.jpg,IHG4WJI8.jpg,0.90120333,True
image/91KTD9GS.jpg,CM3ZOUG5.jpg,0.9011799,True
image/IYUZG49O.jpg,FANPW26U.jpg,0.90116996,True
image/SM2E0G2Q.jpg,JJXH48A4.jpg,0.90111935,True
image/NK2RYF0K.jpg,SAS7W19Y.jpg,0.90106374,True
image/XJJK5FYZ.jpg,UTV9PEUF.jpg,0.9009469,True
image/XIJMCAW4.jpg,0QJY2RNX.jpg,0.9008478,True
image/PZWS9G9Y.jpg,Y06555LE.jpg,0.900805,True
image/8Y78Y0LM.jpg,R959D9R2.jpg,0.9008031,True
image/4S1NVYKU.jpg,BLNYIGZV.jpg,0.90077645,True
image/N6X0YE9Q.jpg,2NCR8X2X.jpg,0.90065324,True
image/VYIUFO3T.jpg,64B7TG8D.jpg,0.90058625,True
image/ZHF12DST.jpg,GREJ8BAR.jpg,0.90057516,True
image/UVOAFVDT.jpg,0GG32CFY.jpg,0.9004991,True
image/QRJR123K.jpg,MJ19BSM5.jpg,0.90045655,True
image/0S23LT4V.jpg,KJUH0095.jpg,0.90044856,True
image/UAOHS3ZZ.jpg,ZAGVQJBS.jpg,0.9004461,True
image/2SPS3NLW.jpg,P97EV1PF.jpg,0.90042967,True
image/O0SD8XX7.jpg,MQMI26CI.jpg,0.9004034,True
image/HVCUE3NO.jpg,8E2ISZ9R.jpg,0.9003695,True
image/666MB9LC.jpg,I2NIDE9K.jpg,0.90025306,True
image/IR488IKW.jpg,L42NEC5T.jpg,0.90022546,True
image/TTK5AEVA.jpg,O9JRHQ71.jpg,0.90016973,True
image/M4PG81CN.jpg,NCB7OE3C.jpg,0.90015954,True
image/KA6TAOOV.jpg,HFWCIJ23.jpg,0.90014076,True
image/3VGI2TJO.jpg,UY2577LV.jpg,0.9001254,True
image/BCEGWZRP.jpg,HQ5DTSUP.jpg,0.9000992,True
image/CZNZWZTW.jpg,9YC8TKS7.jpg,0.9000779,True
image/I6RRULD4.jpg,46YZ3WY6.jpg,0.90007466,True
image/WXAN4WH1.jpg,DGDNBESP.jpg,0.90007097,True
image/PUAEJGRQ.jpg,EIAUI8AI.jpg,0.9000668,True
image/GODFE51R.jpg,I8I6JHXJ.jpg,0.9000634,True
image/PKKCYWD5.jpg,5O56IVCQ.jpg,0.9000474,True
image/8DZ654ZA.jpg,IJXBGRHF.jpg,0.8999571,True
image/ODTTXAYK.jpg,N459EGDD.jpg,0.89989144,True
image/1328CUKL.jpg,QX0NKZQI.jpg,0.89987767,True
image/UWETFCST.jpg,VC3WQSGZ.jpg,0.8998693,True
image/F4EHK9XT.jpg,F2SUXSPQ.jpg,0.89980155,True
image/IIBUF20C.jpg,AO5DBFVR.jpg,0.899779,True
image/51V4BXR6.jpg,JP63H6D4.jpg,0.89962053,True
image/G2VSGA6C.jpg,HIB7RZEC.jpg,0.8996074,True
image/IAH04OL7.jpg,Y33MODYX.jpg,0.8995609,True
image/P9T4PCSD.jpg,VTS1QFJA.jpg,0.8994634,True
image/KGVONJNS.jpg,DRUXOD7H.jpg,0.8994521,True
image/6Z5O8G29.jpg,731I8J1S.jpg,0.8994439,True
image/945L5BSG.jpg,V2DSQ21A.jpg,0.8994253,True
image/1PVNSZF3.jpg,8XOZ4LKI.jpg,0.89938766,True
image/DOD6UCIK.jpg,W70FKE9L.jpg,0.8993505,True
image/TT2XGR87.png,DJY0RAVM.jpg,0.89932686,True
image/1U2NISRZ.jpg,YWE714PU.jpg,0.8992963,True
image/K52PC18G.jpg,V9LNUSJP.jpg,0.8992111,True
image/1IFR3MF0.jpg,9G2WSLL5.jpg,0.8991903,True
image/NZ229E48.jpg,RADNLNJN.jpg,0.89910513,True
image/TXJTGYZL.jpg,57L725U7.jpg,0.89904594,True
image/JZY7MF71.jpg,HQW3DNU7.jpg,0.8990158,True
image/7N8Z3JDG.jpg,2HR7F3NL.jpg,0.8989195,True
image/LBLHPYA4.jpg,916TG0EU.jpg,0.89887977,True
image/HCZ9Y0HA.jpg,HTP5O1Z0.jpg,0.898818,True
image/58IZ9FUM.jpg,QOASJ9US.jpg,0.8987063,True
image/ITLU8RV6.jpg,SHGWGKX7.jpg,0.89846325,True
image/TC1VU7C4.jpg,DJS4VMGB.JPG,0.8983759,True
image/YI4OWP8S.jpg,5J2VCYQY.jpg,0.8983546,True
image/5N5VEXHU.jpg,VFZE74NZ.jpg,0.89833695,True
image/MYAOQWSD.jpg,E4K54L84.jpg,0.89831156,True
image/8NQ7EUA8.jpg,EB6QHC0B.jpg,0.8982438,True
image/B1A10FVM.jpg,1BFPR0TY.jpg,0.898214,True
image/6XZ9PHK1.jpg,U500KP93.jpg,0.89808625,True
image/Q5GZX3VI.jpg,P0EIGMJL.jpg,0.8980538,True
image/TAMKQACY.jpg,8LIK9INH.jpg,0.8980249,True
image/61K6LS1I.jpg,6GYL33EG.jpg,0.89800173,True
image/YJ04PBON.jpg,OH6N1B4Z.jpg,0.8979636,True
image/LW5GH1VG.jpg,1RDCFINH.jpg,0.89795923,True
image/3DFD435U.jpg,V6CE83BV.jpg,0.8978784,True
image/D01WKZ4N.JPG,3TRX4YYL.jpg,0.89785856,True
image/CKXJG4C8.jpg,FZWNUDVN.jpg,0.8978452,True
image/KWNOWCP4.jpg,KRD5IVNO.jpg,0.89783674,True
image/FA55H9BN.jpg,8ZQ4CSRG.jpg,0.8978145,True
image/SUL3H5PG.jpg,MEVAL377.jpg,0.897773,True
image/2MZG62KP.jpg,S15MQXZD.jpg,0.8977635,True
image/1T2U4MYO.jpg,8T8J7RYG.jpg,0.8977578,True
image/IO92DJSD.jpg,ZPWADTJ9.jpg,0.8977474,True
image/ZCXT8GML.jpg,3WJZFXPU.jpg,0.8977437,True
image/5QEN43NO.jpg,4ACJGRR4.jpg,0.8976652,True
image/76XOS14Q.jpg,O0T8GEPN.jpg,0.8976636,True
image/B8SB7685.jpg,4J6B6PSK.jpg,0.897551,True
image/JZR4BWU7.jpg,MLJ36LNG.jpg,0.8975356,True
image/APCZQ6ZN.jpg,7L8RS4XB.jpg,0.8975152,True
image/8QEI0UT4.jpg,P8746DI9.jpg,0.8974897,True
image/LKI8X2RV.jpg,9WTBPRNK.jpg,0.8974882,True
image/K7SXJFUR.jpg,BLOO7GOM.jpg,0.89747334,True
image/CMLFZE3V.jpg,6PKALVE6.jpg,0.89735657,True
image/8CHFB4CT.jpg,IKQFUK1Z.jpg,0.8973551,True
image/H4LO7QOH.jpg,T9QAAFDV.jpg,0.89731896,True
image/GOLOSPA8.jpg,M4IPNV3I.jpg,0.8972804,True
image/6JL3JGFN.jpg,7SABRGIN.jpg,0.8972242,True
image/0H4DUR2U.jpg,U6K2PTEC.jpg,0.89710164,True
image/VLOLMECF.jpg,2IFX97HL.jpg,0.8970844,True
image/XM5EXB2T.jpg,AMPS0VXH.jpg,0.89706653,True
image/H0A9H8HC.jpg,0YQAEE7P.jpg,0.89706284,True
image/F7VOSH4B.jpg,YI5A9YPP.jpg,0.89704347,True
image/G8EUBUDJ.png,LS48UG69.jpg,0.897011,True
image/IPD6WAS2.jpg,56ZUA0IC.jpg,0.8969822,True
image/QJCIEEQQ.jpg,VQ4SEBE9.jpg,0.89697945,True
image/LZR5WGJ6.jpg,6KH7N8A6.jpg,0.8969656,True
image/P98A1L6Y.jpg,3FWT2MM5.jpg,0.89694643,True
image/XA2DUD0D.jpg,S091MLGO.jpg,0.8967834,True
image/6BGXF8TR.jpg,SDRFMW3S.jpg,0.89675206,True
image/XQUPQFLC.jpg,D0ZLQNMY.jpg,0.89673764,True
image/3MTZREL5.jpg,WL5AFB7Z.jpg,0.8966675,True
image/F2F6AR2F.jpg,ORLYCZYM.jpg,0.8966435,True
image/Z1488QGK.jpg,AZ7D6CQ5.jpg,0.89659864,True
image/NL1FVC09.jpg,Q5XTLGIC.jpg,0.8965527,True
image/RCUYW8DH.jpg,8A7J3T1I.jpg,0.89650816,True
image/89CVABPF.jpg,O0SGR9XN.jpg,0.89643246,True
image/PGYKFSO1.jpg,0ZF4D121.jpg,0.8964298,True
image/XMX06765.jpg,CZLLS80Y.jpg,0.896427,True
image/JUXR1358.jpg,74USLNR9.jpg,0.8963574,True
image/UQ7TU6VZ.jpg,8B1GSIAN.jpg,0.89633644,True
image/6SGVZJEJ.jpg,PFAXT4CC.jpg,0.8963271,True
image/3SPGMAG1.jpg,XTGPB0D4.jpg,0.89628273,True
image/80E4MKY3.jpg,N1BIHM5S.jpg,0.89626944,True
image/3931XUF4.jpg,5PJU6CAI.jpg,0.8961421,True
image/R6EN7INZ.jpg,RLQGEBQL.jpg,0.89609814,True
image/REA7IMIB.jpg,H7ASPBJX.jpg,0.8960344,True
image/WZP8NS5X.jpg,VAFQK0QA.jpg,0.8960165,True
image/05ZPVALR.jpg,IRPV2FN8.jpg,0.8959831,True
image/ZQ0CLCTW.jpg,5CWG19JD.jpg,0.89595306,True
image/LHVFRVPE.jpg,4MHWN92B.jpg,0.89593804,True
image/41JMRL72.jpg,HQ8U2Q4D.jpg,0.8959357,True
image/SBH5420I.jpg,T9MZFL7E.jpg,0.89590365,True
image/XU6UNNNR.jpg,MKDFZ4F4.jpg,0.89583886,True
image/0S2GNRCU.jpg,R959D9R2.jpg,0.89582473,True
image/9EEIDB26.jpg,8TECXS0J.jpg,0.8957929,True
image/XB191SCH.jpg,7HWC6EJN.jpg,0.8956903,True
image/GHODILOG.jpg,1O0R7XU4.jpg,0.89566547,True
image/S590ZTZI.jpg,P4WVKALK.jpg,0.89565617,True
image/0ZQLNYP5.JPG,MVSNDCYC.jpg,0.89564854,True
image/3R2YZ55P.jpg,HWBD42GH.jpg,0.89554805,True
image/V3KMUTC4.jpg,MOKG6OY7.jpg,0.8954842,True
image/EREXQPJW.jpg,VAFQS38W.jpg,0.8954837,True
image/7RDPSHNQ.jpg,VX6DC8A6.jpg,0.89535576,True
image/7WP13SQ9.jpg,3U09JBRQ.jpg,0.8953289,True
image/CTP7NBMW.jpg,CLEKITK7.jpg,0.89529353,True
image/U0TX36WI.jpg,9GW5TFPV.jpg,0.8952089,True
image/F5GB4FIN.jpg,TS2XPKLY.jpg,0.8951523,True
image/ZEYV3KL2.png,LDENFR7B.jpg,0.89512724,True
image/R19RN2CH.jpg,P3M4I45Q.jpg,0.89507526,True
image/N54IZNZO.jpg,IWFQOSXA.jpg,0.8950743,True
image/QPBMWPSW.jpg,VMLL8K5V.jpg,0.89498985,True
image/JXR5TVLJ.jpg,MDRAV6P7.jpg,0.8949897,True
image/I1N2QTKZ.jpg,C69Z1FCK.jpg,0.89493126,True
image/W7R2WV8X.jpg,4K5L3F33.jpg,0.8949272,True
image/OXB9NINL.jpg,LBL9VD1M.jpg,0.8949234,True
image/W554RMJZ.jpg,YPEL1KOV.jpg,0.8949207,True
image/CCEY2PRA.jpg,XSI7LLPV.jpg,0.8948996,True
image/E3PSUJ6N.jpg,PLYJNFTO.jpg,0.8948875,True
image/BCSDUU7A.jpg,QQBXIFHB.jpg,0.8948762,True
image/0T9V4OXA.jpg,V2TN8DY8.jpg,0.89487475,True
image/58G3KZFK.jpg,15MYG9AR.jpg,0.8948438,True
image/6PD8Y9D7.jpg,QVECOOJ8.jpg,0.89481354,True
image/WQQCV0XX.jpg,BVD6PQFG.jpg,0.8947993,True
image/LPTYOJD8.jpg,2MA0AK3M.jpg,0.8947436,True
image/3VX5FBBA.jpg,Q311SJ89.jpg,0.8946816,True
image/6NCVHYMA.jpg,WH6EJRUV.jpg,0.8946695,True
image/VOCDPRG7.jpg,7NZGYHMF.jpg,0.894669,True
image/W5LVISTL.jpg,X511097Z.jpg,0.8946668,True
image/QIO9RXB1.jpg,8ZPUFR8B.jpg,0.89457184,True
image/FCC67XUQ.jpeg,WMGMUYSU.jpg,0.89450634,True
image/RE8X449Y.jpg,R7239MJ1.jpg,0.89449996,True
image/66U6G12Q.jpg,695ZYI7F.jpg,0.8944949,True
image/LX28FZPM.jpg,473OH8PR.jpg,0.8944925,True
image/0MHCAECY.jpg,7ED31R4J.jpg,0.89445484,True
image/LOT1GI1E.jpg,W53NA4L5.jpg,0.8944057,True
image/STAMG6D1.jpg,POBYGBA2.jpg,0.8943895,True
image/1SPNLRD7.jpg,LVFXJKSV.jpg,0.89433247,True
image/GNPO1TDU.jpg,RPDBYB1V.jpg,0.8942132,True
image/YQPTKQ1A.jpg,76WFPPR1.jpg,0.8942077,True
image/KU9CA65J.jpg,4KHTNG1J.jpg,0.8941837,True
image/K6IM8CPP.jpg,6OWL77L0.jpg,0.89418346,True
image/QYD13HJV.jpg,ZLALBHVG.jpg,0.8939809,True
image/UIJE8BS4.jpg,94PD6IG4.jpg,0.8939745,True
image/1J2FMPIV.jpg,65JZHJBU.jpg,0.8938844,True
image/JU438A9Q.jpg,01T4EA5V.jpg,0.8938817,True
image/NYMMIUQF.jpg,X91VTOFR.jpg,0.8938773,True
image/C32KZAL5.jpg,EHAAUVGH.jpg,0.8938285,True
image/YFJVABMT.jpg,EHJTBJ0J.jpg,0.8938035,True
image/QIYRDQ3G.jpg,4YVJN5RJ.jpg,0.89378107,True
image/QO44KLH1.jpg,OIKKZJGD.jpg,0.8937516,True
image/9NJGCS6U.jpg,695ZYI7F.jpg,0.8937494,True
image/LZ0IGZEK.jpg,OAFSC8T2.jpg,0.89373255,True
image/CQB5ZIK1.jpg,MS2B0HC2.jpg,0.89370584,True
image/2RWRWR5V.jpg,IRPV2FN8.jpg,0.89365417,True
image/YPOHNNKC.jpg,2JAR9HY7.jpg,0.8936422,True
image/SI57CJ3F.jpg,K5WYUUI2.jpg,0.89359236,True
image/O3N2J1J2.jpg,49BUG1L5.jpg,0.8935857,True
image/HRADCJ9I.jpg,2C6SPEKL.jpg,0.8935544,True
image/V7XZCIKA.jpg,IXD8APZH.jpg,0.89353275,True
image/QF1VAISE.jpg,6W0DZZ4P.jpg,0.89344925,True
image/0QZVR59Y.jpg,OEQ8WAC6.jpg,0.89333016,True
image/OLIK1LJU.jpg,ZWD3QC6G.jpg,0.89326555,True
image/VALBOKTD.jpg,XDZ6RUOG.jpg,0.8932305,True
image/B8BMGYOP.jpg,RQVF91PX.jpg,0.89321977,True
image/EVIBQML5.jpg,9JOXOOBQ.jpg,0.8931787,True
image/94QYLV1Z.jpg,3ZUTCD3M.jpg,0.89317185,True
image/UNL5ACEK.jpg,EPTCBQRJ.jpg,0.8931698,True
image/874ZWBQV.jpg,JT31EG6B.jpg,0.8931487,True
image/XMDVV79B.jpg,W9CQLQ04.jpg,0.893136,True
image/4CDJ26BA.jpg,Q9GAXWAY.jpg,0.89313054,True
image/CAEG0MJU.jpg,0OJZQPDC.jpg,0.8931015,True
image/ZMQPTQLN.jpg,7SY564ZL.jpg,0.8930952,True
image/OJV8Q7NM.jpg,23EBBSTA.jpg,0.89295286,True
image/C4DNAAGQ.jpg,5L40DG0Y.jpg,0.8929039,True
image/N8Q3RN2H.jpg,3GHBYAFX.jpg,0.8928917,True
image/ZKG3UB9G.jpg,6KH1JVQK.jpg,0.89275086,True
image/LP6CW1HQ.jpg,4UZBJLB1.jpg,0.892716,True
image/FYMBMRSR.jpg,BT43T53V.jpg,0.89270586,True
image/3ZO5LMV0.jpg,JI4DBOFF.jpg,0.8926903,True
image/W88FH6X0.jpg,XTTZP2EB.jpg,0.89269006,True
image/ZFL6BHME.jpg,B7FEMVHK.jpg,0.89267313,True
image/04UT2VBC.jpg,6TDU2X1H.jpg,0.89261055,True
image/WRH3TBUN.jpg,GCNK2JCC.jpg,0.89258754,True
image/1HBUFXT4.jpeg,SFYE90RO.jpg,0.89258474,True
image/30W9W7F0.jpg,3WOJ2F7G.jpg,0.892567,True
image/HHSVIDFP.jpg,BUZ9N4ZO.jpg,0.8924978,True
image/PHIZL5AM.jpg,JWP7AW7K.jpg,0.8924954,True
image/HP7ACRW8.jpg,RQGT9W1M.jpg,0.89245003,True
image/ZU2JEJXD.jpg,7VJK9X67.jpg,0.8924441,True
image/UV0HHETK.jpg,Z0ILVGGD.jpg,0.89243215,True
image/6SDYNHHD.jpg,NI462OAY.jpg,0.8923206,True
image/2HH9R3K4.jpg,NL41Q96X.jpg,0.89230645,True
image/U0LSDJU1.jpg,DCKJRRNQ.jpg,0.89228326,True
image/X8KRDB8C.jpg,FMXQTH4G.jpg,0.8922118,True
image/BUWNYAJM.jpg,3BKWVT4U.jpg,0.89220846,True
image/LY7T4OGJ.jpg,OYPNUJDO.jpg,0.89220303,True
image/624NUMVT.jpg,RDH4U6VD.jpg,0.8921576,True
image/NX3W6L17.jpg,5PMM9EFB.jpg,0.8921322,True
image/6R6BEGNM.jpg,2WRYUYYL.png,0.89212644,True
image/JQ6H16VA.jpg,50KFWCLU.jpg,0.8921123,True
image/C9ADALXJ.jpg,ZZ893MEX.jpg,0.89211076,True
image/33L99FJZ.jpg,RZNNK785.jpg,0.8920728,True
image/7ZCTST1W.jpg,0UKSDBSE.jpg,0.8920428,True
image/EIIS953F.jpg,QWWRHM4W.jpg,0.89201474,True
image/O15M0707.jpg,ZE45JJNE.jpg,0.8919834,True
image/JPB89Y7W.jpg,KND86N9X.jpg,0.89198244,True
image/H43DTZ0O.jpg,W5VT2QHK.jpg,0.89198,True
image/OSYC4HJL.jpg,1D2KM2MJ.jpg,0.89197206,True
image/NDMWU5ZM.jpg,4ALCF1FG.jpg,0.8918758,True
image/93KX9FQ0.jpg,RS42GZAM.jpg,0.8918683,True
image/SX9ALW0O.jpg,OY9VX714.jpg,0.8918395,True
image/7MF3GZ2S.jpg,695ZYI7F.jpg,0.8916945,True
image/VXZU9AJZ.jpg,41V9JDRX.jpg,0.89168894,True
image/U5OEOM3A.jpg,4S0JNT4Z.jpg,0.8916448,True
image/GLX1X9VE.jpg,21YOWSOJ.jpg,0.8915788,True
image/FOMQM69Q.jpg,B862VUGV.jpg,0.8915048,True
image/VVHCMR0D.jpg,6UDX3PL7.jpg,0.8914068,True
image/ADAVS9UA.jpg,X750REXU.jpg,0.8913974,True
image/V9I2XDY1.jpg,81KCXBK4.jpg,0.8913862,True
image/163EPN2F.jpg,DKLSNK15.jpg,0.89137846,True
image/ETDFIWD0.jpg,76SVQYU0.jpg,0.89137524,True
image/Y2I8TB1X.jpg,I6ZLOYPP.jpg,0.89134234,True
image/UJF5Z2RB.jpg,BQAJ7G8K.jpg,0.8913118,True
image/CHMJVJ2I.jpg,62J2F8UB.jpg,0.8912846,True
image/UNMW0PKK.jpg,KFNVQO3J.jpg,0.89127964,True
image/XF5ZCVNI.jpg,3M2HAY9B.jpg,0.89121646,True
image/DMEIOHF7.jpg,HE8Q256L.jpg,0.89119035,True
image/TJOE6NMV.jpg,S8J9ZS4X.jpg,0.89117736,True
image/BBG7GLTH.jpg,5OKM1XI8.jpg,0.8911027,True
image/JQVURHTC.jpg,B0Z8IPFK.jpg,0.89108545,True
image/Y0UNDDIE.jpg,XL9ZT5II.jpg,0.8910484,True
image/FHMQFXWH.jpg,2HS3ZSAE.jpg,0.8909781,True
image/PIZE3BTO.jpg,69RBMJ6I.jpg,0.89096206,True
image/5BABL2BT.jpg,CG02LX2Y.JPG,0.8908981,True
image/EQZQMJMS.jpg,QZWIM3KN.jpg,0.89089745,True
image/27HHYQDY.jpg,2NUP6WE9.jpg,0.8908288,True
image/Q9F66Y9W.jpg,U1UCSLZN.jpg,0.89079946,True
image/0AMZQJZ1.jpg,21XEZXRY.jpg,0.8907779,True
image/WT0QYGHJ.jpg,OVFDY8SX.png,0.89077705,True
image/DKRNPZP3.jpg,DNSKT6P3.jpg,0.89076674,True
image/78GSM0BU.jpg,UZNBF0J4.jpg,0.89071655,True
image/IQIBKR0H.jpg,08CVTYAD.jpg,0.89069575,True
image/L1TTXR2M.jpg,AMPS0VXH.jpg,0.8906799,True
image/ECBKOIEA.jpg,XB410M21.jpg,0.89064914,True
image/PZ9ZGG35.jpg,L134V17H.jpg,0.89061236,True
image/6P9H6LXC.jpg,MXK8L4OL.jpg,0.89060307,True
image/98DOP1TZ.jpg,7GVRYYM8.jpg,0.89057934,True
image/88WOCHI9.jpg,YZJTESY1.jpg,0.8904285,True
image/6D3W4G7B.jpg,753F8LTA.jpg,0.89042133,True
image/HL7VVITT.jpg,5HTOX3B7.jpg,0.8903537,True
image/E8L6YVRD.jpg,IRJYDKQB.jpg,0.8902899,True
image/V7MOQ9UA.jpg,FVAE9LVZ.jpg,0.8902538,True
image/I3VIOPYJ.jpg,8A7J3T1I.jpg,0.8902258,True
image/YA1L7RX9.jpg,1RT7RY53.jpg,0.8901999,True
image/1YURN3TY.png,1OPUUI7C.png,0.8901983,True
image/KDHT1TRO.jpg,Y95FM0NM.jpg,0.8901252,True
image/KF46OKYD.jpg,HQLW7SSP.jpg,0.89008075,True
image/WOK7ENS8.jpg,1AC19JYR.jpg,0.89006937,True
image/YH65P7EM.jpg,ZVUMJ0XT.jpg,0.8900083,True
image/7NNOJIAE.jpg,PW3EBBNG.jpg,0.8899991,True
image/WOV8NUK4.jpg,HF5O2L53.jpg,0.889978,True
image/KCDGBVO8.jpg,UHTIBPDO.jpg,0.889862,True
image/43D8TMAL.jpg,325L8LC3.jpg,0.88985634,True
image/H5Q5CT5B.jpg,5I72SNF5.jpg,0.88984734,True
image/XLR8Q1NO.jpg,ZL6RLS2L.jpg,0.88980305,True
image/LRVSYA21.jpg,FVVVGFJT.jpg,0.8898014,True
image/AC69IUCL.png,U72DNEVG.jpg,0.88975877,True
image/R3NTMAPT.jpg,BL2RNLAS.jpg,0.88975686,True
image/R0LNR5QN.jpg,D97J58GF.jpg,0.889725,True
image/FWSEBZEE.jpg,QQG9DC0Z.jpg,0.8897134,True
image/1CNEK7WA.jpg,K112OWVX.jpg,0.88970387,True
image/30Z3Q01V.jpg,FUTIXF7O.jpg,0.8896924,True
image/LQEOEX9T.jpg,D4ANFSI9.jpg,0.8896849,True
image/77PY80O4.jpg,5WQKWNUR.jpg,0.8896736,True
image/7A8BILNX.jpg,A1N5YFDE.jpg,0.8896267,True
image/KV26VC7T.jpg,JYLR6EHX.jpg,0.8896159,True
image/OUUC3LI3.jpg,VJD2F39Q.jpg,0.8895868,True
image/2TZ0KBOI.jpg,3LHVYB3C.jpg,0.8895834,True
image/CQM5RWNP.jpg,VFRQMTQG.jpg,0.8895015,True
image/GGMS2QTY.jpg,9KMY2NPR.jpg,0.889498,True
image/70GN7XQD.jpg,BC8XRKUN.jpg,0.8894343,True
image/DL3LL496.jpg,R6XB9OFC.jpg,0.8893681,True
image/SSKL5OP9.jpg,FEJZXRC5.jpg,0.8893119,True
image/5LIJMS9Y.jpg,2HCZEK37.jpg,0.8892327,True
image/1H1MK9JW.jpg,GP6DBF2N.jpg,0.8892316,True
image/MURF261J.jpg,P86ZD3DE.jpg,0.8892219,True
image/H95Z9NN9.jpg,B6I2M4M4.jpg,0.8891586,True
image/BG37JSQJ.jpg,Q2BPOEOG.jpg,0.8890891,True
image/IPP2MB7O.jpg,00Y3ONCJ.jpg,0.8890864,True
image/DC6TLP9N.jpg,15C0X3ME.jpg,0.8890556,True
image/0HMKQXSV.jpg,BPOLXIIX.jpg,0.88905233,True
image/M8GNMZZ9.jpg,R2WV45G4.jpg,0.88904756,True
image/DMYH6YIZ.jpg,Y6H945X6.jpg,0.8889721,True
image/8U8G0W70.jpg,AIP4RWLE.jpg,0.88894725,True
image/D6QHAX6L.jpg,YN7FUTXQ.jpg,0.8888675,True
image/OF5BF1E9.jpg,4JFMBJUQ.jpg,0.88881683,True
image/DHLJ3RWM.jpg,X026X20A.jpg,0.88879126,True
image/ZIQUPKUR.jpg,4XAGI1Q7.jpg,0.88874394,True
image/4J02L2I3.png,IWEQRD29.jpg,0.8887258,True
image/63FIHWPZ.jpg,0KOI4RHA.jpg,0.8887157,True
image/G6BQ45BQ.jpg,JMBLOTWQ.jpg,0.88863397,True
image/S10GSYZJ.jpg,49KY4174.jpg,0.88863397,True
image/U797BJNN.jpg,CBXML52I.jpg,0.8886244,True
image/KBJBP2MN.jpg,VF3OIPR5.jpg,0.88854057,True
image/B82K4BSW.jpg,5263017H.jpg,0.88847613,True
image/6O369PXQ.jpg,8YDY86OH.jpg,0.8884336,True
image/NX9UG9GJ.jpg,0072YX74.jpg,0.88843006,True
image/6KFOYUKO.jpg,M7B8STL3.jpg,0.8884235,True
image/W42V5T6F.png,G4JQOAE6.png,0.8884137,True
image/1DBPJVWA.jpg,7EMDZ9G7.jpg,0.8883836,True
image/YTNONIL5.jpg,9AOA8NDQ.jpg,0.8883834,True
image/ILZOSSIC.jpg,60UW6LQ3.jpg,0.8883343,True
image/NK269AFB.jpg,REB71BRK.jpg,0.8882976,True
image/Z2QENP2C.jpg,9UCDXKKC.jpg,0.88820136,True
image/ZXDCB37J.jpg,MSNANNF7.jpg,0.8881751,True
image/EKRI7I8I.jpg,4GRTO5XT.jpg,0.88817054,True
image/XHDRBTDB.jpg,GW96G1SP.jpg,0.8881494,True
image/EBBSF244.jpg,01E8GHV4.jpg,0.8881462,True
image/A3X08S8C.jpg,AGCYTSOH.jpg,0.88814497,True
image/K0HDLGMZ.jpg,AW8GTQCO.jpg,0.8881011,True
image/L4X7T0DN.jpg,G9GIKGJ6.jpg,0.88808,True
image/USXP4TFM.jpg,R0AX2Z51.jpg,0.88804054,True
image/G2EJBWBV.jpg,P0EIGMJL.jpg,0.88795364,True
image/IEHH5DJ2.jpg,HIPRUFSL.jpg,0.8879036,True
image/6496IIGG.jpg,YGY19YCW.jpg,0.88786715,True
image/H15R0V4G.jpg,EB8FC7ME.jpg,0.8878449,True
image/OVEBL1BG.jpg,E0XS2HUK.jpg,0.88779503,True
image/FST328GG.jpg,ZZKCO3P0.jpg,0.8877578,True
image/P36M8F0O.jpg,EWPCIXIO.jpg,0.88774765,True
image/KLSUBW89.jpg,QPFHVZLN.jpg,0.8877274,True
image/3ODAQE5V.jpg,CC8BD962.jpg,0.8876781,True
image/RQK1WKF1.jpg,AULGZTPQ.jpg,0.8876203,True
image/81USEB5D.jpg,ZWDKMLA3.jpg,0.88761765,True
image/NSSDHWMR.jpg,XSPWVUS2.jpg,0.88758093,True
image/EFK3C1GA.jpg,0PGZ6TEC.jpg,0.88746303,True
image/ICQNZLFQ.jpg,4CGLYM4M.png,0.8874028,True
image/C6VU1XE4.png,90ACL025.jpg,0.8873573,True
image/P24S5FM2.jpg,Y4OD0XFW.jpg,0.8873189,True
image/4BBZDWIA.jpg,9572TULJ.jpg,0.8873054,True
image/Y1B0ENFO.jpg,05ZUHZGZ.jpg,0.88730043,True
image/753SM4JV.jpg,OY69D2MA.jpg,0.8872947,True
image/23TL6L3M.jpg,6F0NDI4X.jpg,0.88728446,True
image/SJM1OV0D.jpg,NDDGPN8C.jpg,0.88727653,True
image/IZNOSRJ6.jpg,4STZN30G.jpg,0.88725483,True
image/GVXCXE4D.jpg,CDKHQE02.jpg,0.88724345,True
image/VV38XSL9.jpg,WNIXO9P3.jpg,0.8872434,True
image/6T3TK40X.jpg,XXIBDDSJ.jpg,0.8872189,True
image/R3ML9XZS.jpg,UVUZ0CF4.jpg,0.8870864,True
image/JIF1AD2S.jpg,YHFTTTT5.jpg,0.8870583,True
image/IEKRCA5F.jpg,YFSHNVUS.jpg,0.88703996,True
image/1R5UGAFL.jpg,EQBQ8F0C.jpg,0.8870374,True
image/IY2HQRRA.jpg,4LXKTN9S.jpg,0.88703674,True
image/1XYX7P6A.jpeg,29N8ZXCE.jpg,0.8869341,True
image/7QK6MUTM.jpg,O35C7GZA.jpg,0.8869209,True
image/DZ1DBOFL.jpg,WWRV1ROV.jpg,0.88688254,True
image/JBI164BK.jpg,561WBYE8.jpg,0.886874,True
image/6ROWCT2F.jpg,ZIF2RCFZ.jpg,0.88686216,True
image/OSD8GU7Q.jpg,L5QVU42W.jpg,0.8867071,True
image/MJKT3T9L.jpg,58S22ZFG.jpg,0.88662595,True
image/OLXTBP7C.png,O478ZGQ2.jpg,0.88659203,True
image/ZTC2NBQH.jpg,HFGL29XE.jpg,0.88658005,True
image/6986O6X7.jpg,B29ZJ5VZ.jpg,0.8865351,True
image/78QKDHIE.jpg,KETD688A.jpg,0.88650244,True
image/JQXOP53P.jpg,9E6RCTYM.jpg,0.8864827,True
image/CTVG7YKA.jpg,JOOACP0A.jpg,0.8864563,True
image/V2THJLBE.jpg,ESNBTYW1.jpg,0.8864473,True
image/ZI3BISHF.jpg,6XUFWWNN.jpg,0.8863836,True
image/K71DK1NC.jpg,TM14DTP4.jpg,0.88634706,True
image/O8V7Y9WG.jpg,WXZ5HCDL.jpg,0.88632023,True
image/UHAR4P6L.jpg,FKE0V18F.jpg,0.88626766,True
image/TGSFJL8N.jpg,0T8ZSARC.jpg,0.8862571,True
image/BNQ2JD4P.jpg,1USU2OS0.jpg,0.88625443,True
image/JDMK4Z62.jpg,QRNJ90EZ.jpg,0.8862399,True
image/0CL3A7PO.jpg,5HZDK95O.jpg,0.88622016,True
image/YMM2EFA6.jpg,4STZN30G.jpg,0.88616616,True
image/PIEAGE8L.jpg,04P9L23D.jpg,0.8861648,True
image/A054Q7XU.jpg,Y2EF4NQD.jpg,0.8861544,True
image/RMELURU5.jpg,6IKUEUU2.jpg,0.8861541,True
image/GMTMIK5P.jpg,F92HCF5M.jpg,0.8861261,True
image/F6XAO56T.jpg,K4PZ56DC.jpg,0.8861229,True
image/DWFZTVOG.jpg,WD7Q6WHE.jpg,0.8861171,True
image/3AR7930O.jpg,G7J0MB8K.jpg,0.8861082,True
image/PNX7D7AS.png,CASZRFPA.jpg,0.8860713,True
image/60UMD6LS.jpg,DU5KHBXH.jpg,0.88606995,True
image/6Q8IF11E.jpg,PVW7T2AP.jpg,0.88600767,True
image/MPXWG6LY.jpg,FQ108YL0.jpg,0.88600284,True
image/TTMOWO0H.jpg,WZ3PEE3X.jpg,0.8859938,True
image/PRZEPJN6.jpg,Y1EOYEFJ.jpg,0.88598394,True
image/L20G8AU9.jpg,N1YDRVR6.jpg,0.8859588,True
image/0QKVF4SO.jpg,29N8ZXCE.jpg,0.88594186,True
image/M8ZS86CJ.jpg,IU2019TI.jpg,0.8858669,True
image/K2HPWW6V.jpg,EO165V31.jpg,0.88583255,True
image/1ETRT02K.jpg,FS3TL5U2.jpg,0.88581115,True
image/885HNK0R.jpg,W0QDK2EH.jpg,0.8857795,True
image/VVDNC81K.jpg,YFQJGAVZ.jpg,0.88577664,True
image/INN5HFJ2.jpg,PU4TO526.jpg,0.88576853,True
image/U7HS0KDN.jpg,DLWMZ84I.jpg,0.8857359,True
image/DLHXLGHC.jpg,68C2LCW0.jpg,0.88570774,True
image/9W49NTFC.jpg,IVI4FZUN.jpg,0.8856918,True
image/6VB7136X.jpg,K6R1JLGS.jpg,0.8856878,True
image/NZVDC54N.jpg,R1FXY69U.jpg,0.8856792,True
image/3AEQ79MM.jpg,37QN3F54.jpg,0.885669,True
image/5F2JI0LG.jpg,O0WO0BVE.jpg,0.88565624,True
image/P1SBCXPZ.jpg,BIOOUZ3F.jpg,0.88565564,True
image/9JHA25ZH.jpg,Q90Y8XW5.jpg,0.88563544,True
image/ZW0NASPP.jpg,0QSO112M.jpg,0.88553774,True
image/PIJ9K2CI.jpg,N0E74AZ0.jpg,0.885533,True
image/ZB3NN56I.jpg,MPPQEFPL.jpg,0.88550067,True
image/D5156P1L.jpg,JHAZCYDW.jpg,0.8854991,True
image/VF33R3BO.jpg,Q3903YL8.jpg,0.8854598,True
image/IYQW5HOK.jpg,V2NHRNYQ.jpg,0.88541126,True
image/YS9AMIZZ.png,A62Y3ZH9.jpg,0.8853516,True
image/UY93IBSO.jpg,ZTZ8HBGD.jpg,0.885349,True
image/M90XSBTK.jpg,8AW5OJAW.jpg,0.8853077,True
image/OJHY15NB.jpg,RN137VPU.jpg,0.8852764,True
image/Q6ZDTW2B.jpg,S4C82EY9.jpg,0.8852696,True
image/AVQ0H90Y.jpg,36M07UAL.jpg,0.88524204,True
image/EWSAYBTC.jpg,RH92WLCR.jpg,0.88522667,True
image/MNL50NMI.jpg,QX0NKZQI.jpg,0.8852216,True
image/CKSY7UDE.jpg,7E5DZ0NI.jpg,0.8852105,True
image/0T0SBPTZ.png,HDOGLJM2.png,0.8851926,True
image/DMDDVKR5.jpg,WDZXBQY8.jpg,0.88515645,True
image/2IYHNV4W.jpg,E7JPSANC.jpg,0.88512695,True
image/V4NX3CC6.jpg,GZWCOJIE.jpg,0.8850852,True
image/WG1GAXD6.jpg,TZHON38F.jpg,0.8850568,True
image/03FCEI7I.jpg,HA45DZ8C.jpg,0.88503385,True
image/SWKR4B12.jpg,B717ZKPY.jpg,0.8850253,True
image/3SCDRHJY.jpg,KA6A3PWW.jpg,0.885013,True
image/3HVDCBT2.jpg,A0Q7L2C5.jpg,0.8849784,True
image/IIAQCQ5A.jpg,LO2DS631.jpg,0.88497645,True
image/ZN6I2Q3E.jpg,UASMTWTP.jpg,0.8848951,True
image/IQHU6DCV.jpg,T51NGXE3.jpg,0.88489103,True
image/REWOGB7H.jpg,65ZFOQN2.jpg,0.88483363,True
image/A7FWIZ1H.jpg,TGEJOT78.jpg,0.884824,True
image/SYHL29BE.jpg,BVDX9NY3.jpg,0.88481075,True
image/4RX0GCOV.jpg,B5WM56KC.jpg,0.8847495,True
image/06PKMXD2.jpg,WL5AFB7Z.jpg,0.8847176,True
image/7SDBU35Y.jpg,O0IHTTWU.jpg,0.88471615,True
image/XAUFPLB2.jpg,HQTT9OI1.jpg,0.88464504,True
image/Q228RUJA.jpg,1C8HKPUP.jpg,0.8846054,True
image/B2LYNGZX.jpg,UHC37FCI.jpg,0.8845669,True
image/PYZAF07X.jpg,VWYV4R9E.jpg,0.8845399,True
image/QSIUFXBI.jpg,QSV5UBJY.jpg,0.8845216,True
image/37M1TONA.jpg,7VA951NY.jpg,0.8845151,True
image/4R2QPPFL.jpg,G480NY3H.jpg,0.88448685,True
image/VGL89NDZ.jpg,13609QBG.jpg,0.8844506,True
image/MIWF7AW2.jpg,D6IYZL77.jpg,0.8844391,True
image/02L6YRXE.jpg,RYUSJR4R.jpg,0.884429,True
image/N5C52V8W.jpg,W7HV1DNM.jpg,0.8843438,True
image/RMN2AXR7.jpg,OI59JYNT.jpg,0.8843112,True
image/3DSFNIZ2.jpg,Y2F2C3ZT.jpg,0.8843006,True
image/BMVZWUBQ.jpg,1PGP94DU.jpg,0.8842907,True
image/0EY1PXZR.jpg,87P43CF2.jpg,0.88418156,True
image/8CRJPPP1.jpg,HU1FRXRI.jpg,0.88417166,True
image/DUSM88WD.jpg,03TF5UF0.jpg,0.8841396,True
image/89VCJZLO.jpg,FT769IC6.jpg,0.8841003,True
image/TKQM2L6O.jpg,F10Z3WUE.jpg,0.8839907,True
image/FZXK830Z.jpg,485R7RXR.jpg,0.88395554,True
image/MZW7LDSA.jpg,6VTX3QHY.jpg,0.8838386,True
image/FGOVUZOA.jpg,RNZYHXZX.jpg,0.8837744,True
image/61QL5XKY.jpg,4J6B6PSK.jpg,0.8837669,True
image/3MBQ1RVK.jpg,PPFFF407.jpg,0.8837564,True
image/RX518OJU.jpg,4J3Q1S31.jpg,0.8837509,True
image/KETZZ9H6.jpg,ZBX8AU6C.jpg,0.88373464,True
image/C6G13WFO.jpg,3MF891G7.jpg,0.8836785,True
image/LRKV3MYQ.jpg,BUZ9N4ZO.jpg,0.88362443,True
image/9NPZSLFQ.jpg,EW6IWIOP.jpg,0.8835805,True
image/URZQ5AV8.jpg,BRPLCKUI.jpg,0.8835776,True
image/47HOO58H.jpg,51I7LTP9.jpg,0.88356936,True
image/CFH1C5Q3.jpg,Y9OD74DY.jpg,0.88356227,True
image/JZ4UC4IL.jpg,9QFOK7GY.jpg,0.8835603,True
image/VJZP5AR1.jpg,X4M8CQP8.jpg,0.8835313,True
image/RG2W6SLH.jpg,YV71KGX0.jpg,0.88350284,True
image/62INS0W8.jpg,ZS7AJJS5.jpg,0.88349664,True
image/FPRL62LN.jpg,9B6NHIQF.jpg,0.8834895,True
image/LC10QMB6.jpg,B6B04B37.jpg,0.883437,True
image/BJTXU03U.JPG,8K06P3AS.JPG,0.8833227,True
image/KLY3KWNY.jpg,TBK1XV8U.jpg,0.8833081,True
image/QIVRREUY.JPG,VB9KPFX6.jpg,0.8832511,True
image/0NG2EPK1.jpg,4B6QQ2MG.jpg,0.8832237,True
image/0FCL94WO.jpg,8JX2GMJS.jpg,0.88321376,True
image/0PUKSJ8T.jpg,LI1KZMGG.jpg,0.8832089,True
image/18H5O2PI.png,5P6DSNGC.jpg,0.8832005,True
image/PSMHOBEQ.jpg,2FWOJEF0.jpg,0.8831569,True
image/MP0XMQX0.jpg,6W9D5RI6.jpg,0.8831244,True
image/9N2YXMQT.jpg,2NNO4KV7.jpg,0.8831064,True
image/G7KM8YZL.jpg,ED1UIKLD.jpg,0.8830257,True
image/L90C291B.png,E47V01Z5.png,0.8829889,True
image/D54FIQ54.jpg,QTZ4LVV0.jpg,0.8828853,True
image/62Z5MCM5.jpg,H6RSEDYY.jpg,0.8828724,True
image/ODB7TS4N.jpg,0H4OBOKB.jpg,0.88285893,True
image/4CTUN7SQ.jpg,U3TZSTH8.jpg,0.8828395,True
image/3SE5HT91.jpg,F82FHSDH.jpg,0.8828347,True
image/X1NJHWCL.jpg,AKTUAROM.jpg,0.88281846,True
image/1VFR23RM.jpg,EKG2NK9T.jpg,0.8828111,True
image/VB5LP6TX.jpg,9706NTDB.jpg,0.8828027,True
image/3Y6H1COF.jpg,TWJXCGXI.jpg,0.882772,True
image/794S21V5.jpg,0RVB8NTM.jpg,0.88268125,True
image/ULU1L7UB.jpg,IM7EZT3D.jpg,0.88261634,True
image/4D9Y7DEP.jpg,S7GWGKMX.jpg,0.8825986,True
image/MISM6KTL.jpg,LZV5OZ7Q.jpg,0.88258535,True
image/WPT7XSZ8.jpg,DZVFPKB6.jpg,0.88253236,True
image/IEWW4CVF.jpg,OJWAJF6A.jpg,0.8825065,True
image/HU5IFC0J.jpg,11ERU7TQ.jpg,0.8824986,True
image/I19PGMSZ.jpg,KZ7HQC27.jpg,0.882372,True
image/FVIFM1M0.jpg,4NGH5U9R.jpg,0.8823692,True
image/SBHM76ZD.jpg,WMGMUYSU.jpg,0.8823243,True
image/FQQYGA6X.jpg,UIZD0CME.jpg,0.8823223,True
image/PR2QZOLH.jpg,3HE41JJ6.jpg,0.88229376,True
image/BQFI4EYE.jpg,TQVEEPH6.jpg,0.88225263,True
image/QLLR9E8O.jpg,303WMF9H.jpg,0.8822213,True
image/RY4C7W8A.jpg,PATA6PXW.jpg,0.88215894,True
image/MTOUO0JO.jpg,32ZAVOXV.jpg,0.88215405,True
image/VIMFD4SM.jpg,KNYJR9R3.jpg,0.8821384,True
image/O3GCBSPX.jpg,AXIW84TN.jpg,0.8820871,True
image/Z69991RO.jpg,UKVUJHPV.jpg,0.8820835,True
image/7ZHHNRVZ.jpg,WLVP5W5C.jpg,0.881951,True
image/M4TD86AL.JPG,3F5UYES7.jpg,0.8819339,True
image/ERBU3IGO.jpg,2BX765WL.jpg,0.88192004,True
image/B66V8V83.jpg,IKYYEGU9.jpg,0.8819097,True
image/80P0QJRL.jpg,Q1018QU4.jpg,0.8819075,True
image/9J2D93UB.jpg,D04Y8XX7.jpg,0.88189954,True
image/1XMY9TV5.jpg,WHRCF5MD.jpg,0.8818832,True
image/S5A7PC6Z.jpg,BJXQLLAQ.jpg,0.88179296,True
image/DPXCPS1Y.jpg,C03S8NIR.jpg,0.8817844,True
image/PF15Z7RH.jpg,A7DUJUWH.jpg,0.8817139,True
image/KOI67B3N.jpg,IPY1G8OM.jpg,0.88170254,True
image/DGRUMW7S.jpg,8A352Q6Z.jpg,0.88169235,True
image/QOR2IVX4.jpg,POUDV866.jpg,0.88167286,True
image/U3UDDZIJ.jpg,4ENOO2B6.jpg,0.88166654,True
image/UCOJDTS5.jpg,9ZOSLTFY.jpg,0.8815618,True
image/QTBZ79HJ.jpg,R4GLQ6MS.jpg,0.8814851,True
image/TADUC690.jpg,TCN0L3WF.jpg,0.88147837,True
image/NHBUAAL3.jpg,6IJKU91W.jpg,0.8814682,True
image/XEN8F2RG.jpg,0JN4P1LI.jpg,0.88146144,True
image/4KI994WK.jpg,KVH5BWPB.jpg,0.8814588,True
image/BQTK6HJO.jpg,3QHYSA1A.jpg,0.88145745,True
image/EP47UIFX.jpg,7BIGRYI9.jpg,0.88136274,True
image/2OR2KOI7.jpg,R0NW5C86.jpg,0.88134724,True
image/T0FME81X.jpg,QU7GZ6M2.jpg,0.8813387,True
image/I2AUQYO3.jpg,2CTIFZ9L.jpg,0.8812958,True
image/0P549JFT.jpg,LDZXT0IU.jpg,0.88129526,True
image/B6SCVIC0.jpg,55TTOS6W.jpg,0.8812662,True
image/90SR2FMS.jpg,AMAU4XBJ.jpg,0.88121873,True
image/PEDLC5XR.jpg,XQ2O5R03.jpg,0.88121873,True
image/6HS5ID2X.jpg,GHN2XYGB.jpg,0.8811744,True
image/YK61K8RZ.jpg,N4FE1VV1.jpg,0.88116103,True
image/WG6GC8L3.jpg,X3S5T51S.jpg,0.8811381,True
image/4ZJM9C4N.jpg,2LYSVZOT.jpg,0.8811081,True
image/H279VOIE.jpg,MXSJO5PX.jpg,0.88109356,True
image/UH95I2Q7.jpg,2F3NP4CM.jpg,0.88105506,True
image/P1ASBLKT.jpg,190Y5B28.jpg,0.8809973,True
image/D9YOKU32.jpg,KCFGY5PZ.jpg,0.8809931,True
image/WM2LGS6Z.jpg,SB6UBEE2.jpg,0.88098735,True
image/HA1BHG7F.jpg,69CX79A4.jpg,0.88098544,True
image/5QXVKWO5.jpg,B9E7IX1V.jpg,0.880935,True
image/65D40M82.jpg,HZYIIVZY.jpg,0.8808661,True
image/5HD8OS7D.jpg,QBVTAH00.jpg,0.8807718,True
image/20E8JV3B.jpg,P7K8TOE0.jpg,0.8807569,True
image/7KO2BG9G.jpg,2TL56ATN.jpg,0.88073224,True
image/LPLNBX49.jpg,KH456GEJ.jpg,0.8806743,True
image/M7NUA5XR.jpg,HRF31J0T.png,0.8806416,True
image/S2JCRM4W.jpg,PKDKNUZ4.jpg,0.88056827,True
image/N7SLW36D.jpg,TXB2WQSR.jpg,0.8805399,True
image/UAE1276O.jpg,C30I8LPS.jpg,0.880499,True
image/NCXG7X1Q.jpg,YUK256V6.jpg,0.88044614,True
image/XK6IOF23.jpg,XNYK8IZK.jpg,0.880439,True
image/JJHSHOH1.jpg,JZR2VHJZ.jpg,0.88043106,True
image/3Q4GIWKN.jpg,1WOYQ9GL.jpg,0.88040245,True
image/T7XZLXMM.jpg,5TKT1FSO.jpg,0.880392,True
image/BMB1WQ2I.jpg,3WHC5SOG.jpg,0.8802996,True
image/3WGASJLS.jpg,7EO5EQKG.jpg,0.88028234,True
image/VSVI5AQ4.jpg,VY09SXIK.jpg,0.8802175,True
image/5R2J1OLP.jpg,KOIQM48A.jpg,0.8802157,True
image/5B086C37.jpg,BS21B5E8.jpg,0.88020575,True
image/E4OCKA8D.jpg,303WMF9H.jpg,0.8801798,True
image/ZJ1UOLTU.jpg,CLQWUYP0.jpg,0.8801077,True
image/OSDOLYMD.jpg,N57CO373.jpg,0.8800989,True
image/PJGRZ2NJ.jpg,2KNR04HO.jpg,0.8800884,True
image/9JETWU2D.jpg,1NY5LP7M.jpg,0.8800863,True
image/00G8U3VE.jpg,D84ANXQN.jpg,0.8800863,True
image/2BBNBY7Z.jpg,OH3RWGQ3.jpg,0.880085,True
image/HQNFJTHY.jpg,E614TIHP.jpg,0.8800722,True
image/R3SNLI9O.jpg,VUF76BTW.jpg,0.8800473,True
image/ZX1PX9NL.jpg,K6P5G5K7.jpg,0.8800182,True
image/OATP6J2J.png,OAM7LRBF.jpg,0.8800108,True
image/FQPJBE18.jpg,5FG1FEA9.jpg,0.88000906,True
image/ZM5QQ88O.jpg,ESSPR6IJ.jpg,0.87994933,True
image/XHQ18AJB.jpg,7IIGRMBY.jpg,0.8799454,True
image/V1PWYTK4.jpg,KVEEZM9P.jpg,0.87992054,True
image/9WO2QIPR.jpg,OAFSC8T2.jpg,0.8799188,True
image/VG217TDX.jpg,C3V32VA6.jpg,0.87990654,True
image/DBRKPZE1.jpg,JF953KHP.jpg,0.87990105,True
image/TP9FJLRP.jpg,Z073UZYV.jpg,0.8798562,True
image/0902Z039.jpg,2NVVSET1.jpg,0.87978,True
image/0IKBPMAS.jpg,OERHE8Q9.jpg,0.8797539,True
image/431PGP55.jpg,LJNVG2LN.jpg,0.8797006,True
image/KT0LBCDN.jpg,3VNIJ530.jpg,0.87968624,True
image/F8L6WV8F.jpg,3P8O20DJ.jpg,0.879613,True
image/TJNCYCTG.jpg,HZLEJMIG.jpg,0.8795727,True
image/1GOR5ICG.jpg,ZQ2YT64T.jpg,0.879571,True
image/XPJ5BUQE.jpg,1WPWW6KZ.jpg,0.8795688,True
image/7ULUCKHA.jpg,RD4UARBJ.jpg,0.87954783,True
image/QQJFP9XI.jpg,G50OEIHT.jpg,0.8794907,True
image/A4J0H77K.jpg,23YHJK4X.jpg,0.8794002,True
image/W0RAO3MZ.png,ERC38AMK.jpg,0.8793959,True
image/1X7098YB.jpg,GMI3JPA4.jpeg,0.8793282,True
image/GJV2WCTI.jpg,IHG4WJI8.jpg,0.8792916,True
image/QC9ZPO06.jpg,XDNRN7KQ.jpg,0.87925994,True
image/RVDE5WGU.jpg,QZKJ287D.jpg,0.87923044,True
image/RYHXST8O.jpg,YTHUCHVD.jpg,0.8792146,True
image/PY2RA79S.jpg,3LYYK8DP.jpg,0.8790545,True
image/0UMA1K5F.jpg,SEF5CIHG.jpg,0.87901914,True
image/IZA7BROU.jpg,GNE29JJM.jpg,0.87894946,True
image/VQHZMS4A.jpg,E2GB2F4Y.jpg,0.8789402,True
image/F5CT511J.jpg,I5RJA0V0.jpg,0.8789217,True
image/L411OXYU.jpg,L2E9BIQQ.jpg,0.8789108,True
image/2UQEHELF.jpg,3J2EZFNJ.jpg,0.8789081,True
image/J7Z271B8.jpg,9WJAZ6WM.jpg,0.87890434,True
image/MK4PYARA.jpg,SPG6U89N.jpg,0.87888277,True
image/GOJU592G.jpg,HB289HHE.jpg,0.87884694,True
image/ORDVKVB3.jpg,ZL27TG2S.JPG,0.87884325,True
image/4JXMXN2B.jpg,36OL3TD4.jpg,0.87877494,True
image/ZM7YG30T.jpg,Q0037OK2.jpg,0.8787379,True
image/5EFTARV2.jpg,FXHC2MD6.jpg,0.878633,True
image/2VE7MRDS.jpg,QHER2W30.jpg,0.8786026,True
image/2U8FSTOZ.jpg,CBCN54X3.jpg,0.8785945,True
image/RBFGQH88.jpg,L4WEVRZB.jpg,0.8785297,True
image/R7D9GETO.jpg,OQ9QBBPM.jpg,0.8785061,True
image/LOE0O0VR.jpg,GHPQXUVK.jpg,0.8784707,True
image/BVGX55DT.jpg,5SHE1RBQ.jpg,0.878463,True
image/G7QHZPYU.jpg,DTEIHMR2.jpg,0.8784449,True
image/MMZTB2GV.jpg,7YHELFBT.jpg,0.8783979,True
image/AJEUHAS9.jpg,2Z8IB9NW.jpg,0.87833476,True
image/YU1Q8HXN.jpg,JX8CE4B9.jpg,0.8782956,True
image/G2QX56F8.jpg,7N09JCOF.jpg,0.87827086,True
image/M4B8VS1K.jpg,Z58Q2J6G.jpg,0.87822556,True
image/CBGYO7Y3.jpg,73ZGUUFM.jpg,0.8781729,True
image/16DK6PAS.jpg,DYNLTFGJ.jpg,0.8781129,True
image/7HY0GYL3.jpg,OH6N1B4Z.jpg,0.87810105,True
image/IR4UR0MJ.jpg,DHXYOY6G.jpg,0.87808543,True
image/NZDJA4SZ.jpg,0072YX74.jpg,0.87807924,True
image/I94CE5LR.jpg,11QPUESR.jpg,0.8780411,True
image/BGPT6LAR.jpg,IKOCOY99.jpg,0.87803644,True
image/BNTA7M8K.jpg,UKH4MPTC.jpg,0.87801903,True
image/NFJOKXP3.jpg,BH5HAUV5.jpg,0.8780111,True
image/1ECOCJEY.jpg,6W3Z89YY.jpg,0.8779423,True
image/SHC9DQJQ.jpg,JC63EY4B.jpg,0.87791824,True
image/ZIRJX8MX.jpg,6C7NVEQV.jpg,0.87790895,True
image/37SQR2NF.jpg,T995VJNS.jpg,0.87778485,True
image/HXFW932F.jpg,IN4CAHF7.jpg,0.8776751,True
image/RGXCG6P9.jpg,I13ZD2BG.jpg,0.8776452,True
image/JJDC2634.jpg,2IZ6QT1X.jpg,0.8775985,True
image/MMX64UCF.jpg,9XHDP7T1.jpg,0.877581,True
image/QFZXNJ1B.jpg,9YN4C7N4.jpg,0.87756467,True
image/CYDT72VN.jpg,V1JLXCGM.jpg,0.8775497,True
image/0OPG0REZ.jpg,Q4PWX422.jpg,0.8774956,True
image/YCQ962MM.jpg,LJVOPDLV.jpg,0.8774828,True
image/QECIOW4R.jpg,AACDRZJH.jpg,0.8773761,True
image/0XJWSAGJ.jpg,488M82F0.jpg,0.87728786,True
image/YUT7LNAB.jpg,4CHCXI8B.jpg,0.8772797,True
image/WF6Z9QQR.jpg,0LPRI5OY.jpg,0.8772677,True
image/024POT34.jpg,PS9SCHSY.jpg,0.8772426,True
image/01UAFM1L.jpg,2CKSWUTG.jpg,0.8771946,True
image/99K164PP.jpg,8GDDADWU.jpg,0.8771772,True
image/CEGKA1O2.jpg,W2X8H4J2.jpg,0.8771722,True
image/MMUS9Y9D.jpg,NDYTZV73.jpg,0.8771611,True
image/XOS00KHO.jpg,6E6BIRVO.jpg,0.8771587,True
image/QGVKUW1A.jpg,CJAGRYST.jpg,0.8770984,True
image/YEIIZQ4I.jpg,3L8WVB1C.jpg,0.8770661,True
image/I6UYKUZH.jpg,L9G1PMD3.jpg,0.8770392,True
image/DDCJMFN1.jpg,5K6RE4BM.jpg,0.87701064,True
image/93UFA1TE.jpg,QP8V61FK.jpg,0.8770079,True
image/0RTE5NBE.jpg,UL052ZXF.jpg,0.8769687,True
image/1LVZ8UZK.jpg,UZNBF0J4.jpg,0.87694293,True
image/LHEG7JF7.jpg,68HZOOPP.jpg,0.87692374,True
image/8RXGG8B7.jpg,PAC0IX6K.jpg,0.8768983,True
image/OJG8CDGV.jpg,1H7UNULG.jpg,0.8768592,True
image/FPGXY26I.jpg,T9HBGAUC.jpg,0.8768377,True
image/NROZCO91.jpg,QH28UXLV.jpg,0.8767876,True
image/M1EY5RBB.jpg,803GS0SS.jpg,0.87677544,True
image/QIS2JYWE.jpg,SEKDHUBQ.jpg,0.87676024,True
image/5IZ9LTXH.jpg,IZJBQ3QO.jpg,0.8767456,True
image/E81O8WSC.png,UG16XXAK.jpg,0.87672174,True
image/TC841349.jpg,NYA3DI40.jpg,0.8767122,True
image/DQ9V796O.JPG,PXXR2MWH.jpg,0.87670356,True
image/EO0N5O9D.jpg,TFA3H6WP.jpg,0.8766658,True
image/6ZQ33W80.jpg,AKDEUXPG.jpg,0.8766349,True
image/0DQSHIQB.jpg,2TL56ATN.jpg,0.87660015,True
image/5YCS9GLQ.jpg,ALTDC79G.jpg,0.8765451,True
image/W4BQF7P3.jpg,QKJZ0RMX.jpg,0.87650394,True
image/DXCBQKGZ.jpg,I1MYTHQ5.jpg,0.876484,True
image/JGLKVWCA.jpg,NWRTKIDQ.jpg,0.87637985,True
image/RWZKKRT0.jpg,0IQ5BEN2.jpg,0.87637794,True
image/P22AXPHH.jpg,O92XPGX6.jpg,0.8763662,True
image/4YOHJTA4.jpg,ALE1I5RY.jpg,0.8763328,True
image/4LQ9NXJ5.jpg,45ED83MT.jpg,0.8762297,True
image/49JV4A1C.jpg,NH186Y9F.jpg,0.8762107,True
image/YYZH9UUH.jpg,B4DCL6RF.jpg,0.8762003,True
image/TI8FJ0WK.jpg,CUFN7IIP.jpg,0.8761922,True
image/8YY5L23F.png,6IZ6HDJB.jpg,0.8761727,True
image/MDY7EZVB.jpg,7QP84MVW.jpg,0.87614316,True
image/DIP60EJN.jpg,QVC3CH1B.jpg,0.8761187,True
image/LGAYLDZV.jpg,F10Z3WUE.jpg,0.8760992,True
image/OKQHXTEI.jpg,58XFS6PZ.jpg,0.8760958,True
image/W5MOZHY1.jpg,7PVMO8EA.jpg,0.8760565,True
image/O4B7DFPN.jpg,4K5L3F33.jpg,0.87602687,True
image/6PC5SUBI.jpg,3MB8C92B.jpg,0.8760235,True
image/H644UFRM.jpg,GC62UOJ8.jpg,0.8759814,True
image/EWDIG3SJ.jpg,HMTCQ5Z3.jpg,0.8759384,True
image/NVQINUZ7.jpg,6ZI24T27.jpg,0.87592506,True
image/S7P41ZZL.jpg,IOCAJGVG.jpg,0.8758935,True
image/CMW8YM7H.jpg,A0MXWA5T.jpg,0.87586904,True
image/8I5E17Q9.jpg,H93BK9GM.jpg,0.875812,True
image/1AUQAO8G.jpg,531MGQJZ.jpg,0.87580353,True
image/FPE008K8.jpg,81T5XFAD.jpg,0.87577987,True
image/MIX6BLV2.jpg,MRAAMXF4.jpg,0.87569845,True
image/XLX146Z7.jpg,FF8YIG10.jpg,0.8756982,True
image/EIMP4AH9.jpg,MOIFK9UJ.jpg,0.8756743,True
image/Z1PZOQXN.jpg,NAD13NHS.jpg,0.87563914,True
image/GGVDRYFN.jpg,XM9CJP7L.jpg,0.87563384,True
image/W8LF9RL1.jpg,D5QS2XKY.jpg,0.87557715,True
image/0IVXFONF.jpg,01JCTOPF.jpg,0.87556756,True
image/M0UURB8N.jpg,R7239MJ1.jpg,0.87555045,True
image/X29W5MBB.jpg,F4EED9UT.jpg,0.8752588,True
image/LNQRGFAI.jpg,VJFFNCV1.jpg,0.8751165,True
image/H2V9G3V2.jpg,VXCDOFLE.jpg,0.8750881,True
image/2W3GFZ1Y.jpg,OAD0RC3E.jpg,0.87501067,True
image/TWIXOCC9.jpg,H16ZCZSE.jpg,0.8750087,True
image/Q95GQ50V.jpg,XB5FFVCX.jpg,0.87498564,True
image/R29AOJWB.jpg,WDQX60M9.jpg,0.8749795,True
image/S84HES0O.jpg,AOS6IGJ9.jpg,0.8749697,True
image/OH8CLHIH.jpg,OQA3L3DY.jpg,0.8749696,True
image/JO8M2CF1.jpg,QZ6RK116.jpg,0.8749639,True
image/9WBZKY47.jpg,QBNUPVZ3.jpg,0.8749491,True
image/568U4L1H.jpg,T7RJURZ5.jpg,0.87494755,True
image/E72US2E3.jpg,U73QGDT2.jpg,0.8749396,True
image/LV0M5038.jpg,4K7N6HM3.jpg,0.8749324,True
image/SS2XP3EJ.jpg,Z8VSGRMI.jpg,0.874901,True
image/KM2STHPD.jpg,M6LTCTAW.jpg,0.8748247,True
image/52DMTBBW.jpg,TWBFT26D.jpg,0.8748217,True
image/YK8KKMZX.jpg,EO3K6KGS.jpg,0.87474245,True
image/789G54Y0.jpg,3FM84IQF.jpg,0.8747182,True
image/MWH7SQMH.jpg,07HSD0RW.jpg,0.87470514,True
image/DJVIJ1J4.jpg,ZV0P9DCT.jpg,0.8746996,True
image/EXH4B4JJ.jpg,U1J1HQWK.jpg,0.8746789,True
image/AYTI90DQ.jpg,AUY3478J.jpg,0.8746527,True
image/KVWAQWB0.jpg,ZDARQGBL.jpg,0.8746125,True
image/DH41UD56.jpg,NLJZ4DTS.jpg,0.8745682,True
image/9MXLYAON.jpg,TWH6ORAR.jpg,0.8745366,True
image/RCXAL7VD.jpg,J7GK7C5S.jpg,0.8745286,True
image/CUPH73GF.jpg,AUE7F4EK.jpg,0.87451035,True
image/O05IUV79.jpg,PBL709MW.jpg,0.8744458,True
image/7R7AOI0T.jpg,7M2WV6TF.jpg,0.87443936,True
image/QQDIDPK2.jpg,HDIA1X4Z.jpg,0.874379,True
image/10K4VUEP.jpg,ST52YWOS.jpg,0.8743789,True
image/GYN10QRL.jpg,AREU87K4.jpg,0.87436277,True
image/ZJPXP7IL.jpg,AWR3QFYK.jpg,0.87432873,True
image/5UDMGDZV.jpg,2HR7F3NL.jpg,0.8743221,True
image/I80X3J8C.jpg,U85NQBUH.jpg,0.8742989,True
image/DKSW4GSS.jpg,S4VAQ38L.jpg,0.8742697,True
image/WZEB780H.jpg,AP7U6VQW.jpg,0.87420875,True
image/4R3SQDIL.jpg,Z46FINQX.jpg,0.8741877,True
image/X8LHMMA8.jpg,E44SV959.jpg,0.8741642,True
image/4N0KUVGM.jpg,I0P3RBH6.jpg,0.8741333,True
image/B9IVFT4W.jpg,BESBLLJJ.jpg,0.87411946,True
image/MEVQRZ9J.jpg,CHGALOCV.jpg,0.8741028,True
image/2C6W3Y76.jpg,BKZNZPAF.jpg,0.87401354,True
image/OYSUEEL3.jpg,U6B42RN5.jpg,0.87395245,True
image/M11JX1VA.jpg,A3KO1QS1.jpg,0.8739384,True
image/U60YCHR9.jpg,710ZOZYN.jpg,0.8738895,True
image/0CI2J8YU.jpg,ONG1TZN0.jpg,0.87387896,True
image/SDIBNQCA.jpg,51IRBYXY.jpg,0.8738688,True
image/NIOYXLCP.jpg,HIB7RZEC.jpg,0.8738406,True
image/E8M6MW0K.jpg,UE2W0JAI.jpg,0.87383115,True
image/VZD3GI3E.jpg,UH44HLZO.jpg,0.8737609,True
image/D4GGGMQ8.jpg,25NW2O2N.jpg,0.87360466,True
image/2XH97KI8.jpg,IGN57A4W.jpg,0.87358874,True
image/UJGF0DUL.jpg,UTIGRM4I.jpg,0.8735879,True
image/GZEHKOAG.jpg,U7YUCLWP.jpg,0.87352324,True
image/SPUHWIL6.jpg,MB0E19HH.jpg,0.87352276,True
image/IAGYQ4FJ.jpg,LGPW39AC.jpg,0.8734849,True
image/YG6SN355.png,U1IMHCGK.jpg,0.8734505,True
image/YE6PG3W8.jpg,5TGMF7V6.jpg,0.8734414,True
image/W1KLL1MH.jpg,N69V89CA.jpg,0.87340814,True
image/YJ8T9TSQ.jpg,QP8V61FK.jpg,0.873319,True
image/A1YYFBXL.jpg,EMA2TB2S.jpg,0.87325114,True
image/X630B8W0.jpg,OC1FVGU0.jpg,0.8731543,True
image/0DPXQLTG.jpg,ENA73KGF.jpg,0.8730721,True
image/OJFSJA0E.jpg,CN0MBM23.jpg,0.8730591,True
image/FYNFS5GS.jpg,G9G2MCT9.jpg,0.8730275,True
image/TIW9TYML.jpg,S0XPZV79.jpg,0.8730205,True
image/37F6Q5TS.jpg,YU15WGOV.jpg,0.8729608,True
image/NMQEYK4Q.jpg,DJPTA16A.jpg,0.8729502,True
image/6MI4FA60.jpg,ZM7HF5FV.jpg,0.8729249,True
image/MWKVU7CB.jpg,O9KSDWS6.jpg,0.8729213,True
image/CCLEFNDS.jpg,3O6CVCGX.jpg,0.87290347,True
image/1W6Y0R2P.jpg,UME4M346.jpg,0.87286305,True
image/KY9Q730X.jpg,CO981U5P.jpg,0.87282014,True
image/8EMZZ7B1.jpg,JA5WO65K.jpg,0.8727663,True
image/Q53NCWUP.jpg,5SHE1RBQ.jpg,0.8727635,True
image/M90GYHHP.jpg,9XUPJ5BN.jpg,0.87272686,True
image/FNQXXTKD.jpg,X6ZU7XG4.jpg,0.872723,True
image/WASF2UAF.jpg,7XP92ZOH.jpg,0.87270004,True
image/XAX496IM.jpg,04P9L23D.jpg,0.87266135,True
image/9D2BSJJB.jpg,NQD10S7K.jpg,0.8726529,True
image/QE0C61LF.jpg,IK25WFXE.jpg,0.87260324,True
image/BK2ZFRPM.jpg,VN2XWL4Z.jpg,0.872567,True
image/CZRTTYAH.jpg,YMOXCNSN.jpg,0.8723357,True
image/MOU81RAY.jpg,Z33YM4FM.jpg,0.87232596,True
image/931JMIJS.jpg,MTAKVOFO.jpg,0.8722922,True
image/ZYE4UHR5.jpg,6S7KCWWW.jpg,0.8722351,True
image/GID0LOB8.jpg,9AMOF6BI.jpg,0.8722226,True
image/51KENY5L.jpg,X014II7I.jpg,0.87221646,True
image/292WGRBM.jpg,KN0WU3VQ.jpg,0.87218505,True
image/NYDZWALZ.JPG,F4QH1Y7W.jpg,0.87212676,True
image/CSFZ1AHX.jpg,0RZNGTGG.jpg,0.87210196,True
image/1NDM5JX5.jpg,BJJN265T.jpg,0.872091,True
image/9P5SSWT2.jpg,NJ3IXNV1.jpg,0.8720778,True
image/H5Y3PLAX.jpg,S091MLGO.jpg,0.87206995,True
image/CPAZY6H6.jpg,FX64WCQ4.jpg,0.872054,True
image/45E47GD7.jpg,FVKZC8SL.jpg,0.87196904,True
image/0IUYYXLZ.jpg,UCZU3WU7.jpg,0.87190986,True
image/BLPDT0IB.jpg,6Q1KPENX.jpg,0.8719029,True
image/MNWI0UXU.jpg,L7L69EDU.jpg,0.87187356,True
image/652OMCP1.jpg,HMPUHM6K.jpg,0.87183386,True
image/WNTBH8SS.jpg,N22C6Y31.jpg,0.8718335,True
image/EN5I8EU6.jpg,BRJB38Q0.jpg,0.871782,True
image/BAVZ31NM.jpg,A5FOJNW6.jpg,0.87174916,True
image/FBBIEYWB.jpg,WKWWXJSN.jpg,0.87171286,True
image/D3I5UP8C.jpg,OH3RWGQ3.jpg,0.8716892,True
image/7V4Z7UKC.jpg,7E5DZ0NI.jpg,0.8716462,True
image/RQ5JLG2J.jpg,29PUW521.jpg,0.8716,True
image/KHEP3A28.jpg,2DH34L38.jpg,0.87158537,True
image/TBFCWB5E.jpg,FXB8421W.jpg,0.8714908,True
image/U4P1ZW7U.jpg,CPP5GU1X.jpg,0.871488,True
image/YDASTFMK.jpg,IQLAIY38.jpg,0.87148404,True
image/RNH3E4IJ.jpg,L4AILYUE.jpg,0.8714367,True
image/AIOSM00W.jpg,KFR4AH3D.jpg,0.87141573,True
image/JAXFHYF6.jpg,7FH3L0I7.jpg,0.8714146,True
image/8KKG4QJ1.jpg,KUSHS9X4.jpg,0.87137234,True
image/TFCBLB30.jpg,BCBFRDT6.jpg,0.8713314,True
image/XZE9GQ0F.jpg,E46OIL2H.jpg,0.8713182,True
image/R3324DKE.jpg,YQ8Q60EM.jpg,0.8712527,True
image/DHMZIDPM.jpg,P44IQFLU.jpg,0.8712438,True
image/TS997J9K.jpg,45JUGBH3.jpg,0.87114197,True
image/946XKUIN.jpg,R6ET40L9.jpg,0.8711347,True
image/NLCP04LY.jpg,2B6DOW8Q.jpg,0.8710878,True
image/X014693G.jpg,W8VLZNH2.jpg,0.8710762,True
image/0SXRMKST.jpg,2XOM1LKY.jpg,0.8710613,True
image/6X9RZTDE.jpg,6J1YOAKM.jpg,0.8710604,True
image/J9J8MHUX.jpg,OLD3Y1V9.jpg,0.8710027,True
image/WG6GQPZM.jpg,PBKUJK87.jpg,0.87099487,True
image/ERFRUT0H.jpg,QZIS0272.jpg,0.8709652,True
image/DBCAFA3W.jpg,HTU4HG0F.jpg,0.87096435,True
image/G6F3ZCWA.jpg,KZ96LIUI.jpg,0.8708981,True
image/2S9NR4Y0.jpg,SUE12X51.jpg,0.87086624,True
image/13BS51Q0.jpg,I28YE3U6.jpg,0.8707911,True
image/ILI6HSAE.jpg,FTJ7GE0H.jpg,0.87061095,True
image/6VX1RTP1.jpg,1TL14E8U.jpg,0.8705987,True
image/GWWOLK09.jpg,QIYSU09V.jpg,0.8705552,True
image/GZBC99UR.jpg,THQ5ZAX8.jpg,0.8705138,True
image/ABV8X8RY.jpg,GX9GGXWC.jpg,0.8705045,True
image/K0H28T7R.jpg,TZ3OR8F0.jpg,0.87045467,True
image/31EEWUKS.jpg,0PNCPYNL.jpg,0.87042314,True
image/NPI4NKQ6.jpg,C8NX2GA9.jpg,0.870416,True
image/UX3UJ81T.jpg,LZV5OZ7Q.jpg,0.8704141,True
image/R6KPWBX3.jpg,BSEAIIEL.jpg,0.8703536,True
image/E8BZZGDX.jpg,5T1F6OJE.jpg,0.87035,True
image/AYXAG598.jpg,V91ZQBHL.jpg,0.87033546,True
image/JQHO8X9H.jpg,HRK3LWLI.jpg,0.8703107,True
image/KW8ZP88K.jpg,TTNY0OL2.jpg,0.87030864,True
image/4WINOEV1.jpg,YXBJEDF8.jpg,0.8703046,True
image/F7FNM4NY.jpg,HF63HWDD.jpg,0.8702817,True
image/B6322W6U.jpg,9GPNT9MM.jpg,0.87026185,True
image/VTNY9BCK.jpg,7R97355X.jpg,0.87018687,True
image/2QW9GISN.jpg,0FG1TPY6.jpg,0.8701407,True
image/J3MVSIYC.jpg,PLCBMWY0.jpg,0.8700902,True
image/VZII92I0.jpg,AKYYBJB3.jpg,0.87005955,True
image/GCJ05K02.jpg,G3APYKRY.jpg,0.8700388,True
image/WDDGLEVE.jpg,Y6QHRG6M.jpg,0.86999416,True
image/19JV62X6.jpg,E6FMEGPM.jpg,0.869902,True
image/YDGCLD3A.jpg,RXURFFI7.jpg,0.86989605,True
image/HQB56AH1.jpg,DPQN2VBF.jpg,0.86986816,True
image/1QIJI4I0.png,I9YH4TB4.png,0.8698484,True
image/7DD8X1I3.jpg,IPZMKIA4.jpg,0.86984396,True
image/0SGMQOMI.jpg,GFYOSOML.jpg,0.8698376,True
image/G92UCU40.jpg,MMR2PECQ.jpg,0.86979437,True
image/HUAODEJF.jpg,1UR2W5H3.jpg,0.8697442,True
image/0IGW9T4F.jpg,BPV7JWRJ.jpg,0.8697292,True
image/F225Q979.jpg,HR66PIB2.jpg,0.869726,True
image/SM5SRG79.jpg,Y3S411F2.jpg,0.86969346,True
image/JN4RE0E0.jpg,S4VAQ38L.jpg,0.86963147,True
image/T59JNNVC.jpg,H0D8APLQ.jpg,0.86953986,True
image/5YDYEOIU.jpg,V23VGZS7.jpg,0.8694807,True
image/PCCUWM0O.jpg,GAQW0N4F.jpg,0.86947894,True
image/1SJBGWYE.jpg,JZR2VHJZ.jpg,0.86944455,True
image/FMV422BN.jpg,YQFQD8LG.jpg,0.8694116,True
image/KRA5DZYG.jpg,VKPP7QAU.jpg,0.8693663,True
image/RTOE98MR.jpg,HCS3LDD8.jpg,0.86933935,True
image/9OJWAII9.jpg,SACH4X48.jpg,0.86933297,True
image/UNO1WYBR.jpg,P97EV1PF.jpg,0.8693043,True
image/6B5YYEA0.jpg,F7FJHQE7.jpg,0.8692758,True
image/ADQNBEGP.jpg,N41FYCRR.jpg,0.8692665,True
image/F2ZNX28Q.jpg,H5IMVLWZ.jpg,0.8691816,True
image/LPZ6D4O5.jpg,OYJHF27Q.jpg,0.8691696,True
image/Z5TVFR2Z.jpg,HLYSTZ1I.jpg,0.8691323,True
image/MQGHNY91.jpg,7L6NRP9R.jpg,0.8691154,True
image/DJRR6P6C.jpg,ER0V5IDB.jpg,0.869114,True
image/NWXSMW6P.jpg,I7DEQ0RS.jpg,0.8690707,True
image/QDL2AJO7.jpg,2ZIYHDYB.jpg,0.8690216,True
image/H96F427H.png,8NFMZDUO.jpg,0.8689935,True
image/DLRZWLXJ.jpg,43UZC59B.jpg,0.8689882,True
image/T2RBOM05.jpg,4202IVXF.jpg,0.8689324,True
image/RMDA00WS.jpg,XT0TWHT9.jpg,0.86891073,True
image/D1FBZX07.jpg,TZYCUCBF.jpg,0.8688885,True
image/S3L0EGS9.jpg,KCD2V8CA.jpg,0.8688606,True
image/6WVQ1URB.jpg,1PYMYR4Z.jpg,0.8688575,True
image/XMDB6BKO.jpg,WSLE4711.jpg,0.8687672,True
image/USWYFTJJ.jpg,B8IWKAVN.jpg,0.8687432,True
image/JFVP2WDD.jpg,PXO18D5D.jpg,0.86872596,True
image/8JFVPGA1.jpg,8FI40H76.jpg,0.8687,True
image/E40F3OHI.jpg,BIOOUZ3F.jpg,0.8686973,True
image/593A2U86.jpg,XLL77JLI.jpg,0.8686364,True
image/M4K9YDB8.jpg,8T8J7RYG.jpg,0.8685935,True
image/2Z0WCF7E.jpg,P1OUX0RS.jpg,0.86849976,True
image/4NIZ4UIG.jpg,1C41KRTI.jpg,0.8684899,True
image/D87JNEGB.jpg,F0MZTXBB.jpg,0.8684898,True
image/5RFIH0X0.jpg,NFY6569Q.jpg,0.86848545,True
image/7598D4VM.jpg,G8ZOZ8DR.jpg,0.86843884,True
image/SSP7Q552.jpg,IHBBX6QK.jpg,0.8683727,True
image/QTNKX6GE.jpg,YGYGDT6F.jpg,0.8682697,True
image/3BTASMXP.jpg,EY01Y1K7.jpg,0.8682472,True
image/WBYGIZ5I.jpg,Q7CJOOPX.jpg,0.86824524,True
image/ABLFB1PA.jpg,4YVJN5RJ.jpg,0.8682266,True
image/N7V4YOIL.jpg,Z7RR3O5F.jpg,0.8681888,True
image/SWX3YAG0.jpg,7HND2QQQ.jpg,0.868159,True
image/1LUAOU61.jpg,DX5T96E8.jpg,0.86815715,True
image/BCVGV2E1.jpg,6F907BR1.jpg,0.86810136,True
image/4755L0TI.jpg,5B2X31JS.jpg,0.86809397,True
image/V045TO4B.jpg,B4AIYSRB.jpg,0.86808455,True
image/6Z9V1VQR.jpg,1IMIXEAF.jpg,0.8680698,True
image/42QARO70.jpg,HONF480Y.jpg,0.8680378,True
image/Y8H5XD0E.jpg,JW4Q6G3Q.jpg,0.8680147,True
image/1OQ3MHJL.jpg,UYKEBAXT.jpg,0.868014,True
image/HDX00J4V.jpg,XMGWJOTR.jpg,0.8679946,True
image/YZUDT9P9.jpg,85L4EDK3.jpg,0.86795825,True
image/DO1NE6T6.jpg,9M29LALN.jpg,0.86794496,True
image/RXQQY4E3.jpg,7702OVOX.jpg,0.86791754,True
image/I3KIBR6D.jpg,EQ3TSJXZ.jpg,0.8678821,True
image/EFV1VVMK.jpg,9U5CPEY1.jpg,0.86787623,True
image/FQHCTXXS.jpg,O22G8237.jpg,0.86783665,True
image/G6C1SE8F.jpg,6M5YR50L.jpg,0.86782014,True
image/1R1W5L7H.jpg,FRFLI7OJ.jpg,0.8678018,True
image/MZ9Q18OR.jpg,09XKPLNF.jpg,0.86746037,True
image/I9SHXZDH.jpg,1YMGDTYI.jpg,0.86743456,True
image/TOQHLRKX.jpg,5KRNLX3B.jpg,0.86741936,True
image/4DXSM99C.jpg,9G3LOKFY.jpg,0.8673786,True
image/T2L7CYWY.jpg,GGO93BMK.jpg,0.8673547,True
image/M610EBIL.jpg,X6ZU7XG4.jpg,0.86732274,True
image/RE3VZB53.jpg,90RS94IU.jpg,0.86729646,True
image/I78COJHW.JPG,HG79O29F.jpg,0.86724854,True
image/1NVVJY5E.jpg,2E15MYUO.jpg,0.8672248,True
image/7FVDEBBH.jpg,4CGLYM4M.png,0.8671542,True
image/XRWQM6I6.jpg,NLA6KX3W.jpg,0.8671171,True
image/OCDGC3A6.jpg,13Q84OM7.jpg,0.86707103,True
image/FJKNRXNS.jpg,JZZ6MXT1.jpg,0.867023,True
image/N1MM18SV.png,ROUC8QVZ.jpg,0.86699396,True
image/V0YN4USR.jpg,YK4N4XYY.jpg,0.8669758,True
image/WT3COLVO.png,7SAD3S9M.png,0.86693555,True
image/SJ7M1Q9B.jpg,U7526SIE.jpg,0.86691654,True
image/TV864G6V.jpg,62PVP2KT.jpg,0.86691535,True
image/Q504KGYI.jpg,C8A8SW7N.jpg,0.8668977,True
image/3W7W2529.jpg,UG9UPQ9K.jpg,0.86688334,True
image/R93P49B2.jpg,XY8VRHBE.jpg,0.86685055,True
image/W7YCHLJO.jpg,X9OD3VBJ.jpg,0.86683357,True
image/C5BEU158.jpg,8ITMFCMN.jpg,0.8667977,True
image/1BMAM5F2.jpg,264Z98TV.jpg,0.8667701,True
image/1B3Q25ND.jpg,Z4MXEC2O.jpg,0.86676234,True
image/W4X5CXM3.jpg,6MTQ2SPE.jpg,0.86673653,True
image/EWL5E81G.jpg,8PKWL67N.jpg,0.8667338,True
image/RISYZ0EN.jpg,7B9E5L92.jpg,0.866713,True
image/RTQ3NFES.jpg,2K697PLY.jpg,0.86669785,True
image/YJ689DJU.jpg,H2Z0TISN.jpg,0.86669713,True
image/7QP4NRZV.jpg,7QIWC5H4.jpg,0.8666562,True
image/F5XWUIH1.jpg,BWI3FLYT.jpg,0.86663353,True
image/FEJTXMTU.jpg,4F2847RO.jpg,0.8666254,True
image/JAEM2I4E.jpg,4CGLYM4M.png,0.8666125,True
image/T973ZSZI.jpg,KQ0OAL6M.jpg,0.8664656,True
image/7AH1020P.jpg,XD6LKYZU.jpg,0.8664569,True
image/M918L1ZF.jpg,PJBGVV0E.jpg,0.8663926,True
image/D7RSMI7L.jpg,RGSS8PPZ.jpg,0.8663905,True
image/CQLSRW8X.jpg,TCYGDW2G.jpg,0.8663696,True
image/JOUNO6JM.jpg,6Q2VPAN4.jpg,0.8662764,True
image/CP4NKX1L.jpg,TT9AMHBY.jpg,0.8661867,True
image/1D4ZMK9F.jpg,TTNY0OL2.jpg,0.8661474,True
image/JTVKJV0F.jpg,CVUEDXCU.jpg,0.866104,True
image/BRWEOG3P.jpg,54Q40SUL.jpg,0.8660772,True
image/VMQAYJGZ.jpg,ZVOJV8T8.jpg,0.8660626,True
image/CR2K2Y89.jpg,43UZC59B.jpg,0.8660039,True
image/N1HQLQ2J.jpg,2SUNVF96.jpg,0.86597914,True
image/1PPQ66NY.jpg,KXC4WCTD.jpg,0.86591554,True
image/GNYF4AUF.jpg,J5ZEQT35.jpg,0.8659092,True
image/YH7UTRCX.jpg,QLLBCSUV.jpg,0.86586255,True
image/RA74DVPE.jpg,1SE5RTPS.jpg,0.8658184,True
image/W2RIEY89.jpg,4IW0PJNA.jpg,0.8658104,True
image/4A7BZDKZ.jpg,EMHP1XHO.jpg,0.8657667,True
image/6KJC9LPZ.jpg,JGQKKL29.jpg,0.86575556,True
image/TVOYL4VW.jpg,JO87T1N4.jpg,0.8657262,True
image/9XFHP1SY.png,PLMRT1FK.png,0.8657162,True
image/1Y7Z2YBS.jpg,D88NH5VA.jpg,0.8657113,True
image/P9GR9ZS8.jpg,U4CTAKRB.jpg,0.86569,True
image/268BK7NC.jpg,BUPJUM07.jpg,0.8656818,True
image/G635573I.JPG,WZ4ASV5Q.jpg,0.8656788,True
image/TQ0XCBSQ.png,O1ZIXVEQ.jpg,0.8656537,True
image/B603VIB9.jpg,YVLJWR20.jpg,0.8656356,True
image/YCJNSON7.jpg,EEO0UNCY.jpg,0.865568,True
image/4KTWFAOQ.jpg,H7VC141V.jpg,0.8653808,True
image/GMPIQUOP.jpg,UKQAPMQH.jpg,0.86533904,True
image/8NTKW5FJ.jpg,CR05ICEN.jpg,0.8653201,True
image/2KSVGT2P.jpg,ZEWFCMGP.jpg,0.86531454,True
image/RS9POF1V.jpg,HLJUM9O8.jpg,0.86518383,True
image/PWNUSVNP.jpg,UPBOLW93.jpg,0.86517465,True
image/8VFHXWVD.jpg,N52V6EM5.jpg,0.8651481,True
image/AB65TX8P.jpg,D2SYVRS0.jpg,0.86508,True
image/OTP4U0US.jpg,NUUUOFZ1.jpg,0.8650536,True
image/NP6IX568.jpg,938UVE4J.jpg,0.86504567,True
image/8VJXX7IG.jpg,BI800Y32.jpg,0.86503774,True
image/Y8Y54KRU.jpg,XDIP0E49.jpg,0.8650165,True
image/9C6CXTYZ.jpg,4VLP44WJ.jpg,0.86499393,True
image/RA1ULX4N.jpg,SB6UBEE2.jpg,0.8649711,True
image/UMNFDXDD.jpg,SGY2W93X.jpg,0.8649691,True
image/17PCTU0E.jpg,2HS3ZSAE.jpg,0.8649571,True
image/HWCWOSLR.jpg,P00B1IL1.jpg,0.8649449,True
image/EJYX94UZ.jpg,2M74IDQ1.jpg,0.86493224,True
image/UQ2PTRA9.jpg,EU57SCCZ.jpg,0.8649236,True
image/J08062OJ.jpg,JYJKZRVM.jpg,0.8648621,True
image/NP70ULEN.jpg,G9Q4GZAZ.jpg,0.8648292,True
image/3CPJ9HW6.jpg,W6LQP71Y.jpg,0.8647317,True
image/T9EDM9XA.jpg,LKY85E9E.jpg,0.8647062,True
image/DEVL74O8.jpg,TNVWIZ6O.jpg,0.8646983,True
image/UMZKZHEO.jpg,K0WXTFD2.jpg,0.8646797,True
image/95PCN0CP.jpg,RZVWLH2J.jpg,0.8646671,True
image/AXSK5F0L.jpg,0T7YEWN9.jpg,0.86461735,True
image/XN797ISK.jpg,SUE12X51.jpg,0.864608,True
image/NZXPFAKZ.jpg,FRDOJMX8.jpg,0.86458695,True
image/0CVM8DYB.jpg,ZVUVGOBC.jpg,0.864548,True
image/S7620RAA.jpg,264Z98TV.jpg,0.8645164,True
image/N56TE6RF.jpg,7GVRYYM8.jpg,0.86450595,True
image/N5AKA7N5.jpg,JO57CYYW.jpg,0.8644922,True
image/RKK39MNR.jpg,IIUJJ2KF.jpg,0.86444694,True
image/7WVCDUC5.jpg,6ANSRVK4.jpg,0.8644061,True
image/SAKB65D0.jpg,8P4JXIEI.jpg,0.8643652,True
image/R6IR5R4I.jpg,59GBSV8S.jpg,0.8643565,True
image/FCBYM92O.jpg,X7WPZOIN.jpg,0.8643064,True
image/3VIMKGLR.jpg,FEJZXRC5.jpg,0.8642957,True
image/D20RLQSW.jpg,DOYQ1BF9.jpg,0.8642677,True
image/KCXN95TO.jpg,KOOBEL5U.jpg,0.8642214,True
image/3KILPZJK.jpg,VQGEFMXZ.jpg,0.8641851,True
image/FR589NXC.jpg,18TF48PD.jpg,0.86417717,True
image/LTD4TWL2.jpg,SBXF2ASE.jpg,0.86416745,True
image/0BU9UY63.jpg,O08UOW8S.jpg,0.8641392,True
image/EVNC4JYH.jpg,5ZWQ7EQZ.jpg,0.86413455,True
image/8JELRCRR.jpg,C69Z1FCK.jpg,0.86406845,True
image/1RWGBHP3.jpg,C96Y5BEN.jpg,0.86406237,True
image/5YV7F9PJ.jpg,0G2S5K01.jpg,0.86404467,True
image/UXGHNUZF.jpg,2Z8CVFDG.jpg,0.86399674,True
image/GKTV17SU.jpg,F5P9Q3AQ.jpg,0.86398953,True
image/SQ2C4A8Z.jpg,YFJ946E3.jpg,0.8639754,True
image/E2TGX1TI.jpg,ISVAP6TE.jpg,0.8638904,True
image/ISASAT0O.jpg,47W7KNZR.jpg,0.8638522,True
image/SRJ1L5SD.png,IQD9IMT8.jpg,0.8638339,True
image/DXU2M7EL.jpg,OX014KLR.jpg,0.8637823,True
image/XJMZOKPC.jpg,7AYV2VLF.jpg,0.8637822,True
image/632RQAKI.jpg,9O3B6EXW.jpg,0.8636606,True
image/KRF7TPPG.jpg,DB3NTET2.jpg,0.8636175,True
image/N9ZC5785.jpg,008SUAO7.jpg,0.86360973,True
image/LPTQX0V1.jpg,85RBZABM.jpg,0.86356616,True
image/GZRDCFZK.jpg,2XO76X4F.jpg,0.8634853,True
image/1QV4JDT4.jpg,5A2QWONR.jpg,0.8634693,True
image/0PA64H3H.jpg,YX9QX2XK.jpg,0.8634676,True
image/GNI2MPEA.jpg,SMIFEH0Q.jpg,0.8634594,True
image/QVBP13U1.jpg,OET1KDT3.jpg,0.86341524,True
image/QFQPYS95.jpg,XA5DO2UP.jpg,0.8633889,True
image/S9ZDOKEV.jpg,UVH4KPU9.jpg,0.8633867,True
image/4POBV1ZK.jpg,NEM3QDMP.jpg,0.8633744,True
image/SLD4ZHCE.jpg,GRTTUQAU.jpg,0.86337155,True
image/GXMVUAQ1.jpg,VKPP7QAU.jpg,0.8633613,True
image/A0URZO42.jpg,4TQK6KQJ.jpg,0.86329573,True
image/3VYUKKCB.jpg,K35NDGDQ.jpg,0.86327934,True
image/8I6A2Q6C.png,HD00BG4H.jpg,0.8632787,True
image/VZLH2SAH.jpg,BEZF4Y3H.jpg,0.8632774,True
image/225QG2G0.jpg,NCCVLCNP.jpg,0.86324507,True
image/QUUGTE5N.jpg,PCS88GSC.jpg,0.8632318,True
image/32CBXEPI.jpg,379DC6QV.jpg,0.86319995,True
image/E85IN51P.jpg,7R7ETVPI.jpg,0.8631745,True
image/R4L8TUTH.jpg,QQBZZ7OJ.jpg,0.8630463,True
image/GU712NQG.jpg,TEVLE34H.jpg,0.86304533,True
image/21R11BNR.jpg,OLIZGGA8.jpg,0.8629704,True
image/DRTLEIPG.jpg,QBVDLSX8.jpg,0.862962,True
image/J3I7VP9C.jpg,T3Z5YSL9.jpg,0.86294043,True
image/HHUSVYMH.jpg,P4WVKALK.jpg,0.86289257,True
image/9B8B77FF.jpg,ZPWADTJ9.jpg,0.86286205,True
image/KZ3W4CJG.jpg,VC56UXC1.jpg,0.8628152,True
image/FGBA6KY5.jpg,54Q40SUL.jpg,0.8627466,True
image/VWTVCK0W.jpg,QIBEZ07T.jpg,0.8626885,True
image/2FK1PYHB.jpg,3MB8C92B.jpg,0.8626563,True
image/9QX2VI74.jpg,O62ARD3T.jpg,0.8625812,True
image/TVF99GER.jpg,C1YAQ4KU.jpg,0.8625651,True
image/T3VMEULH.jpg,13WVDBFQ.jpg,0.8625448,True
image/CIKNP43Q.jpg,6QULMPHD.jpg,0.86250174,True
image/SD4RZCAC.jpg,O7HN01LU.jpg,0.8624613,True
image/O0FZGEWB.jpg,H8TGO8G1.jpg,0.86244226,True
image/3DIJM88I.jpg,JU236N49.jpg,0.86242306,True
image/RN3QZ9CT.jpg,IC02YLG5.jpg,0.8623757,True
image/6K5P4R7F.jpg,VJ9EVSD1.jpg,0.8623703,True
image/EPFFGGBL.png,7SAD3S9M.png,0.86233145,True
image/HQ8Z4YC4.jpg,0UPMBKTL.jpg,0.8622209,True
image/9B1XHQJV.jpg,0RZNGTGG.jpg,0.8622093,True
image/OOFKKKGU.jpg,87455DZI.jpg,0.862199,True
image/576ZQHMS.jpg,NFE3OOV2.jpg,0.86213523,True
image/FL627BL9.jpg,BIHEQ96U.jpg,0.86210394,True
image/W02K2B1Y.jpg,8G9ZXJFP.jpg,0.8620794,True
image/AN9XB4LB.jpg,30AHLRKZ.jpg,0.86200464,True
image/6BWBMVAY.jpg,I3ML9HXW.jpg,0.861979,True
image/SZUR569X.jpg,J1GKWZF3.jpg,0.8619721,True
image/GGCVSILW.jpg,TWFAQV5J.jpg,0.8619685,True
image/G2G4003O.jpg,TOSRCLUB.jpg,0.8619676,True
image/MTSO74B0.jpg,QVJI8SH2.jpg,0.8618529,True
image/FSBBA1Z8.jpg,2MWCMXGY.jpg,0.8618161,True
image/YNI6TAKC.jpg,2USTKL2G.jpg,0.8617763,True
image/UFA8LO9D.jpg,4UTVKLIG.jpg,0.86172193,True
image/Y2HYAZ0P.png,RL5Z98O4.jpg,0.86170083,True
image/V4OM4F2H.jpg,MMP8R0S5.jpg,0.86163336,True
image/8G9ZT4N2.jpg,C4T93BAJ.jpg,0.8616252,True
image/7MU8Z8LQ.jpg,AHPMNMWV.jpg,0.86158496,True
image/4DY816CL.jpg,DFJ50XX9.jpg,0.86158234,True
image/DG3F40QG.JPG,R656HCYW.jpg,0.8615534,True
image/BD3N4WA5.jpg,X1CEHZ0G.jpg,0.86155105,True
image/LHWPFT3N.jpg,E8KRNZUX.jpg,0.86149156,True
image/8TAIOJGZ.jpg,6GVL0HEI.jpg,0.8614781,True
image/IDIT4CVT.jpg,5S74G5JP.jpg,0.8614763,True
image/A3OXJAKC.jpg,YUWU8ZA3.jpg,0.86146903,True
image/9KQO6ULB.jpg,TINUYTM5.jpg,0.8614602,True
image/Q27OEM6E.jpg,XRV7Z262.jpg,0.8613452,True
image/NCLEGB8D.jpg,GEL7XYNG.jpg,0.8612269,True
image/VLOINE7Q.jpg,0WWN8NNY.jpg,0.8611931,True
image/OQLIIVFH.jpg,R7C7P95P.jpg,0.86115205,True
image/643NQO7B.jpg,GVYPMSN1.jpg,0.86113,True
image/H6BFPFO0.jpg,OTJ485OI.jpg,0.8610567,True
image/05VCDHAB.jpg,6E64RHO6.jpg,0.8610547,True
image/22H4TXY1.jpg,YXL0ARUW.jpg,0.8610401,True
image/W9MQJYZ5.JPG,RP71ENVA.jpg,0.8610006,True
image/C2V2IBMO.jpg,RMBY6FA8.jpg,0.86097115,True
image/D4XIYUKH.jpg,SJWZVBKB.jpg,0.8609248,True
image/K5KYR6YR.jpg,QXORV441.jpg,0.86091906,True
image/6D0VMIUI.jpg,K9L4YDZ7.jpg,0.8608903,True
image/HQZD9YS9.jpg,RBWRMKSO.jpg,0.8608857,True
image/5ZNDZ41P.jpg,VT5MMDBH.jpg,0.8608794,True
image/COCPS6V2.jpg,ORKC7SQ0.jpg,0.8608735,True
image/T2THSV44.jpg,10A5F2XM.jpg,0.8608653,True
image/LHEDFIA0.jpg,TZ3OR8F0.jpg,0.8608344,True
image/LUGBHJ7U.jpg,NCB02YGY.jpg,0.86083114,True
image/WW0Y0Q8T.jpg,Y0Q1HDQE.jpg,0.86081517,True
image/EG9NABTM.JPG,SO0HATEI.jpg,0.8608142,True
image/CALP0448.jpg,IOD6U26V.jpg,0.86078846,True
image/OPP6LCE9.jpg,JGE5APL5.jpg,0.86077684,True
image/M5DEBLN0.jpg,FW0Q9IGM.jpg,0.8607515,True
image/5SMT68OW.jpg,JOOACP0A.jpg,0.86074823,True
image/U3INKFWW.jpg,GUD29TIM.jpg,0.86073244,True
image/TY53MUBQ.jpg,430B5G02.jpg,0.86062413,True
image/6BXXVXXJ.jpg,6053DD6S.jpg,0.8605164,True
image/M07YZ328.jpg,7NZGYHMF.jpg,0.8604995,True
image/PN719M2F.jpg,6NZ2VP80.jpg,0.8604886,True
image/SDQQA0W0.jpg,LACUF0BC.jpg,0.86048543,True
image/6VIQ1ZO9.jpg,7LDM8YST.jpg,0.86043686,True
image/4KC8VNER.jpg,AENUBOXM.jpg,0.8603682,True
image/XGTPEME2.jpg,O4M7GR96.jpg,0.860362,True
image/0NN3ZNBY.jpg,4OJHBTEO.jpg,0.8603242,True
image/71U0SYJ6.jpg,5Z6GOQJG.jpg,0.8602547,True
image/6Z0J5XUH.jpg,X1JQ37WI.jpg,0.8602355,True
image/V0TBMZH0.jpg,DXZ1Z7ZW.jpg,0.8601858,True
image/E8KASPU5.jpg,GRELR9U3.jpg,0.86006045,True
image/I0B5QLLS.jpg,CGOSSSP0.jpg,0.86005634,True
image/7YZKJPK9.jpg,B0YAIO1B.jpg,0.85997486,True
image/CMJ12UTZ.jpg,LXQ4ZJ37.jpg,0.8599618,True
image/F1R9ZTT9.jpg,HB0I012L.jpg,0.8599069,True
image/VP1RREBB.jpg,JEPI6JGJ.jpg,0.85978454,True
image/8IEZA187.jpg,KA96W937.jpg,0.8597688,True
image/SWLHSSUG.jpg,XSDV7ZTJ.jpg,0.8597654,True
image/GTZ50CK6.jpg,GTO05DUI.jpg,0.8596757,True
image/O2IZWKQX.jpg,814ZJL5S.jpg,0.8596671,True
image/SLYKUFGG.jpg,3L6B1DJY.jpg,0.85965157,True
image/J1DBQ7M3.jpg,AAQ0CNVG.jpg,0.85958326,True
image/F2OKZFTV.jpg,DSNX475E.jpg,0.85955817,True
image/ZSQ6VRXY.jpg,2XXEQZAN.jpg,0.85955554,True
image/8O4MSYKQ.jpg,2PVOJMH9.jpg,0.8595154,True
image/V1Y1Q26N.jpg,UID88AI2.jpg,0.85945845,True
image/EPTI0Z18.jpg,0CGQXHW7.jpg,0.8594393,True
image/6GMQYQ94.jpg,5K7RFBDP.jpg,0.8594079,True
image/LIZIEWJ5.jpg,XURRDZ33.jpg,0.859389,True
image/29EZC5AH.jpg,FAZXCMCA.jpg,0.85937697,True
image/TTVO3FJ9.jpg,81IO18V0.jpg,0.85932,True
image/OM1ON2Z7.jpg,CT44G19J.jpg,0.85928184,True
image/C5G06MEE.jpg,DXE7GIH6.jpg,0.8592382,True
image/YNZ4J7BQ.jpg,1U61DU1Y.jpg,0.8591756,True
image/UEXLUKR1.jpg,5I2SX7FS.jpg,0.859105,True
image/CW51PBZ5.jpg,MJRNH7L3.jpg,0.85910445,True
image/3NJYPFNW.jpg,S1E2M37U.jpg,0.8590838,True
image/A5L0D1J2.jpg,0WG7JQ0N.jpg,0.85901463,True
image/1BC2R0VJ.jpg,97NSRWTS.jpg,0.8590038,True
image/ZOE0XA6A.jpg,VQ8MTYHR.jpg,0.8589701,True
image/S5F249IB.jpg,G49R7YQ2.jpg,0.85894954,True
image/UGRORNUE.jpg,YCWGCQTX.jpg,0.8588993,True
image/U1E3VBC3.jpg,CSIKIE1G.jpg,0.8588783,True
image/PIDGVRKW.jpg,85Y66DAO.jpg,0.8588768,True
image/CC7C7IM9.jpg,DJ323JMU.jpg,0.8588546,True
image/IDFKJOXP.jpg,85GNCQFO.jpg,0.85884964,True
image/2I7FEP2Q.jpg,VLHLHVQV.jpg,0.8587716,True
image/K7LEQ45T.jpg,JW8950P8.jpg,0.8587654,True
image/M107CSNB.jpg,L9UOK29G.jpg,0.85874903,True
image/LVS8LJ5G.jpg,Y1EOYEFJ.jpg,0.8585085,True
image/X46XTSR6.jpg,2RZ3LLK0.jpg,0.85848194,True
image/MW2HRBZD.jpg,KRH8I7PQ.jpg,0.8584718,True
image/J4LRV6FS.jpg,AX7SUV21.jpg,0.85832036,True
image/I9437L08.jpg,Z90DA0DQ.jpg,0.85826015,True
image/TUED8A62.jpg,2PXIOZDA.jpg,0.8582031,True
image/WFVA0P62.jpg,MHZL9JMZ.jpg,0.85813624,True
image/XIRJ092X.jpg,4AMB8TI3.jpg,0.85811526,True
image/QFF9YLRR.jpg,5ZFU38J3.jpg,0.8580825,True
image/MOQ1FVOK.jpg,3ZOJESVO.jpg,0.8580689,True
image/OVYV64P7.jpg,IERKX7V9.jpg,0.8580664,True
image/4JQOXE90.jpg,13XM2PUB.jpg,0.8579846,True
image/8OXYIPAT.jpg,968HW052.jpg,0.8579576,True
image/DJ7IC29D.jpg,A3OC9DWX.jpg,0.8579399,True
image/GTJO1MMM.jpg,QMPQRIHY.jpg,0.8578624,True
image/VZ9M9BJP.jpg,JK3GTZU1.jpg,0.8578473,True
image/8AF7EV2D.jpg,WUQCTW2A.jpg,0.857846,True
image/368UIA05.jpg,PZ991EOS.jpg,0.85784286,True
image/A0UTNFGK.jpg,PY8IFMSO.jpg,0.8578196,True
image/VLKJ97QB.jpg,DBUNEDZJ.jpg,0.8578087,True
image/14DRDIZP.jpg,R56SV5H8.jpg,0.85779613,True
image/022J0ZH6.jpg,2KVFDJPN.jpg,0.85779566,True
image/MJAFQU8G.jpg,DAEQU2M6.jpg,0.8577751,True
image/7W4PXJP4.jpg,MNTIDNLP.jpg,0.85776985,True
image/5Z0Q5TIL.jpg,6HG7GM1Q.jpg,0.85775197,True
image/MBWCMJGT.jpg,SSRNS5O1.jpg,0.8577405,True
image/MPF042VQ.JPG,UKQAPMQH.jpg,0.8577186,True
image/0W2LZB9X.jpg,0RXX4II7.jpg,0.8577128,True
image/VIKDB8NK.jpg,P4I33XLM.jpg,0.8576606,True
image/IVH5SNR8.jpg,VFECDSYH.jpg,0.8576328,True
image/8L9Z4C19.jpg,NHQNP8JQ.jpg,0.85760874,True
image/9KCTNAMP.jpg,BIBW2HMR.jpg,0.85760254,True
image/B21T6UU4.jpg,L4WQA2PF.jpg,0.857594,True
image/DYYK5C5H.jpg,7U9D854E.jpg,0.85755765,True
image/BSRRXOID.jpg,BLQ6Y34W.jpg,0.8575491,True
image/YTHT32KM.jpg,J43LTO4W.jpg,0.8575368,True
image/2DML8ULZ.jpg,GEK6SC5H.jpg,0.8575025,True
image/FLC3TK19.jpg,9TMFANDG.jpg,0.85749465,True
image/MGRYS5YH.jpg,I7VU6RNL.jpg,0.8574804,True
image/8UCNUVWR.jpg,CEPJDDJ1.jpg,0.85747904,True
image/FGJNSYC8.jpg,4VV2NF25.jpg,0.857425,True
image/3P7NQA6M.jpg,ZGHDLYQ9.jpg,0.8573947,True
image/SYDY48M4.jpg,OHYMOAYR.jpg,0.8573552,True
image/REBME64W.jpg,DB3NTET2.jpg,0.8573422,True
image/PSF7YZW4.jpg,GGVGEL5D.jpg,0.85731864,True
image/782H89OK.jpg,79V9GT6A.jpg,0.85730094,True
image/4I4A7W4Z.jpg,10A5F2XM.jpg,0.8572813,True
image/9WQOOLJ3.jpg,ZKGOFXP1.jpg,0.8572539,True
image/7445Z6OI.jpg,KNLGXFFR.jpg,0.8572188,True
image/DV6KJ8M4.jpg,JFT1NOAP.jpg,0.85720646,True
image/REILWIV5.jpg,IU96IYEU.jpg,0.8571656,True
image/E2Z11UIW.jpg,OH8I9ST0.jpg,0.8571404,True
image/K9QHTWHE.jpg,3XXS1QRX.jpg,0.8571391,True
image/D99JXGKS.jpg,RQD7WJDV.jpg,0.8571297,True
image/NUHR5N85.jpg,RGWLKXVL.jpg,0.8571281,True
image/6W0LDE1O.jpg,32ZW4F1V.jpg,0.85710186,True
image/QGHZGMWN.jpg,90VGIPL3.jpg,0.8570491,True
image/W6UKQNTK.jpg,ZC2VEYYW.jpg,0.8570437,True
image/CXX9ZBOP.jpg,MBZP1UJD.jpg,0.85700077,True
image/7AQ2JPVH.jpg,SWC3NTX6.jpg,0.8569938,True
image/NOS7UXYA.jpg,YGYGDT6F.jpg,0.8569635,True
image/ZQ8U4G5M.jpg,ELGBGAOE.jpg,0.85689205,True
image/F9XRQ517.jpg,PJDW5DBE.jpg,0.8568782,True
image/17G62Z4C.png,DKTPPZUA.jpg,0.856804,True
image/C5MSDD66.jpg,WOY4110X.jpg,0.8567836,True
image/59HH2D5Z.jpg,KIIXZ64V.jpg,0.85674065,True
image/VICFF6JY.png,RPSZN7JX.jpg,0.85656494,True
image/QYY77GB7.jpg,LOF8DO0V.jpg,0.8565105,True
image/TDCFM5WO.jpg,DHJPGT0Y.jpg,0.85650766,True
image/W4TN4YYC.jpg,NFIQBYE2.jpg,0.8564943,True
image/TM04TZUL.jpg,2USTKL2G.jpg,0.85645044,True
image/WLAGGBE4.jpg,S3DQ7APF.jpg,0.85638934,True
image/B0EDGRYA.jpg,M1XZ41K7.jpg,0.8563813,True
image/5WG247GV.jpg,BRDXYQMA.jpg,0.85635716,True
image/R79OR5KO.jpg,NGN6AW5Q.jpg,0.856355,True
image/U2Y1NSZK.JPG,4RZ6D613.JPG,0.85634005,True
image/4KJ0Y0QY.jpg,YZ0QU16Z.jpg,0.8563216,True
image/OPR3HELV.jpg,MLJ36LNG.jpg,0.85632026,True
image/Y8EYJ079.jpg,LFVBURSD.jpg,0.8563024,True
image/1KAYPFRF.jpg,XV23ELY3.jpg,0.8562387,True
image/FEG7K4QJ.jpg,B6I2M4M4.jpg,0.856193,True
image/ST4C3Y9H.jpg,M3DBYAIE.jpg,0.8561666,True
image/B32YNN72.jpg,Y3ATVID6.jpg,0.85615885,True
image/98SRJWUE.jpg,0BWNQB1H.jpg,0.85612917,True
image/AWS78CRF.jpg,9Q7W9E2D.jpg,0.8559536,True
image/LBATDQU0.jpg,DA7CORCD.jpg,0.8559535,True
image/OUVE0KK2.jpg,CYIRDGI2.jpg,0.8559442,True
image/WJ41ZTSK.jpg,O9KSDWS6.jpg,0.8559336,True
image/VAGX9Z9B.jpg,EC8KNSDI.jpg,0.85593337,True
image/GYY7ST56.jpg,7N09JCOF.jpg,0.8559307,True
image/8FCO8YNC.jpg,HN4AU9MG.jpg,0.855919,True
image/6OYNSN7R.jpg,DYQZZK6H.jpg,0.8559004,True
image/I4MF2WPS.jpg,Q2WELVFA.jpg,0.85589206,True
image/B391LKZI.jpg,4PLFG4IP.jpg,0.8558721,True
image/MYVN9H8F.jpg,WAAELS6K.jpg,0.85581744,True
image/061OPHGH.jpg,D0ZQTLOT.jpg,0.85573494,True
image/H75SCQ2R.jpg,16IC1RNJ.jpg,0.85572016,True
image/7RSN94FH.jpg,BKTM4BOD.jpg,0.85569644,True
image/6BEYD48F.jpg,O4ZFHFOO.jpg,0.85569054,True
image/S5K65XYW.JPG,0LLAGGKV.jpg,0.8555604,True
image/IXLWWQOR.jpg,KCL8B436.jpg,0.85552543,True
image/39VDOPCT.jpg,65OPJ19R.jpg,0.8554899,True
image/88JDIDZD.jpg,G41A8WV8.jpg,0.8554349,True
image/I65S33RX.jpg,5OPVOIH2.jpg,0.855414,True
image/RWCFCZCN.jpg,8KMXRLPE.jpg,0.85535115,True
image/NARH9TR4.jpg,SGWKQT1F.jpg,0.8553361,True
image/TRO0WA3E.jpg,6GTEXBGR.jpg,0.8553101,True
image/4OWAFKLB.jpg,HWSCUJ69.jpg,0.8552705,True
image/E17461VW.jpg,R41YUXON.jpg,0.8552577,True
image/MUOSJRCL.jpg,S1PSM5N6.jpg,0.8551607,True
image/VRWWTPFG.jpg,CTSJ4V0Z.jpg,0.85510254,True
image/4V6ERD5J.jpg,HKXJ6RK1.jpg,0.8550306,True
image/RSGBGZZ5.jpg,0Y9819ST.jpeg,0.8550232,True
image/UBKCTMND.jpg,VTDIPTFO.jpg,0.85499746,True
image/ZH8TNAX3.jpg,KAQYM6QL.jpg,0.85491616,True
image/ZKQDRXD7.jpg,93UDXWVC.jpg,0.8549099,True
image/TLAV2IYQ.jpg,DDDJCNRR.jpg,0.8549085,True
image/OG0TW2U2.jpg,6US7Z085.jpg,0.85490483,True
image/KUK0363X.JPG,A7I2W13V.jpg,0.854856,True
image/3Y38KYV3.jpg,X1H4TBGU.jpg,0.85466045,True
image/DC53ZAN9.jpg,DYX3YYPG.jpg,0.8546256,True
image/MNKVZZFJ.jpg,TBOPLY8P.jpg,0.8545922,True
image/2VMLEGR1.jpg,8C8XYO0O.jpg,0.8545807,True
image/6IUCSS7D.jpg,SJ9HMT02.jpg,0.8545805,True
image/65HBX6UL.jpg,V8Q0GCHV.jpg,0.85456413,True
image/AEO83O2A.jpg,02F8RT9F.jpg,0.8545459,True
image/HXKS3UOX.jpg,HW3R25KP.jpg,0.85454226,True
image/TZB0U5Q5.jpg,XM9CJP7L.jpg,0.8545067,True
image/8AIQ3SZ1.jpg,SW7ISHM5.jpg,0.8544838,True
image/40M7V4PI.jpg,9HL43OEP.jpg,0.85447186,True
image/W8IS93RD.jpg,MDM6OLXN.jpg,0.8543963,True
image/VJV1WOEI.jpg,RKKT2KN2.jpg,0.8543911,True
image/A11ZS50B.jpg,3FMGXY8G.jpg,0.85438997,True
image/YLILBCWX.jpg,0GG32CFY.jpg,0.85434765,True
image/LK06CBOS.JPG,GYYLKM7I.jpg,0.8543022,True
image/MQQTJ6FR.jpg,O478ZGQ2.jpg,0.8542998,True
image/36OSBNPP.jpg,90HHKY56.jpg,0.85428745,True
image/FM2JBDHS.jpg,QCCS09I1.jpg,0.85424197,True
image/UD90JGEU.jpg,WE46NIK2.jpg,0.8542258,True
image/L79P79OT.jpg,YIXROHDA.jpg,0.8541987,True
image/QGWDVPLU.jpg,HO6WNYY7.jpg,0.8541629,True
image/SJGZOPYM.jpg,8X6C02X9.jpg,0.85404545,True
image/M0A7ME22.jpg,BKJCHEWU.jpg,0.85403603,True
image/VC575SQZ.jpg,JF3DR53T.jpg,0.8540351,True
image/J7831DIS.JPG,UCMRE9KV.jpg,0.8540331,True
image/3261OQU8.jpg,1M5NGZ4S.jpg,0.85400623,True
image/RB46PESQ.jpg,05K81BXL.jpg,0.85399,True
image/WKPL9AHI.jpg,ZRFDBJOT.jpg,0.8539536,True
image/EHV910LJ.jpg,YLBICZON.jpg,0.85394645,True
image/MKU2XQ7W.jpg,558JMWA8.jpg,0.85391855,True
image/VV63GSP7.jpg,SHV5RE6F.jpg,0.8538416,True
image/LG468Q19.jpg,BMVJ17IW.jpg,0.8538091,True
image/SGI17WA9.jpg,N22C6Y31.jpg,0.85380787,True
image/4XDH4ISH.jpg,YNV7K5MW.jpg,0.8537964,True
image/J0DTOSMT.jpg,51VWBJQO.jpg,0.8537963,True
image/4GO8URGV.jpg,PXDGMX9T.jpg,0.8537126,True
image/BNBCHCM1.jpg,RBAVULCZ.jpg,0.8537098,True
image/HL3P3Y2O.jpg,KKVSRZ53.jpg,0.8536807,True
image/UGXGJ2NR.jpg,9G5D3SUF.jpg,0.853654,True
image/42285EII.jpg,416TNBCF.jpg,0.85364795,True
image/TBKK2Y5D.jpg,EG1XLA08.jpg,0.8536294,True
image/4EIKHNPS.jpg,NX9PGBVK.jpg,0.8535939,True
image/SNM5TK23.jpg,R66BRU7Y.jpg,0.85350835,True
image/VUP4VMPP.jpg,FX9CA2BO.jpg,0.8534828,True
image/R80FSVUX.jpg,UKGVELO0.jpg,0.85347944,True
image/ZY6CDLZW.png,L4FA1HZ5.png,0.85341424,True
image/6NIJNJUJ.jpg,P86PW6VA.jpg,0.85337865,True
image/ET9KMF7Q.jpg,X8CYC6X5.jpg,0.853353,True
image/ZPRLV7K6.jpg,UE55A61G.jpg,0.8533042,True
image/YI1Z2DRH.jpg,NCG7CA28.jpg,0.85325307,True
image/BWMS6UD0.jpg,KYLK1K7A.jpg,0.85321647,True
image/R82GPCTN.jpg,KDAIMMTT.jpg,0.8532114,True
image/XRIT5T57.png,XV3OPM6N.jpg,0.8530973,True
image/30JFOLYK.jpg,8DU08WE5.jpg,0.8530844,True
image/8TU0JW1B.jpg,Z3BMITKU.jpg,0.85300654,True
image/A7BA146M.jpg,ORT7BQYZ.jpg,0.8530002,True
image/43RBUW5S.jpg,0INLECUV.jpg,0.8529999,True
image/E8FD9BT9.jpg,HPUKCH6B.jpg,0.8529776,True
image/W9NH7868.jpg,QETMO65V.jpg,0.8529725,True
image/M1M5PNF7.jpg,IK25WFXE.jpg,0.8529183,True
image/YZ4BZN8B.jpg,Z8U7MH2R.jpg,0.8529041,True
image/N5KH53KQ.jpg,PR2YAR4U.jpg,0.8528703,True
image/VKBON4FU.jpg,B81I0G8B.jpg,0.852869,True
image/LS2UM5FQ.jpg,URG0YTRN.jpg,0.8528651,True
image/7A2Y1N7Q.jpg,RAQMSQR6.jpg,0.85285884,True
image/2ZCBFUYK.jpg,I9SDDK5R.jpg,0.85283,True
image/WGH7LE0M.jpg,SPAAZJMM.jpg,0.85268533,True
image/GC9E9N2L.jpg,5DI87684.jpg,0.8526535,True
image/XGBCFBYL.jpg,FGUJN6FL.jpg,0.8525799,True
image/V0CAC7HD.jpg,DEZ2QV7J.jpg,0.85257906,True
image/4U6M153X.jpg,QMTH6G04.jpg,0.85254735,True
image/EICRL7YZ.jpg,CM18TBJ8.jpg,0.85250264,True
image/NBOUPJJ8.jpg,3GFIBVTA.jpg,0.852476,True
image/SLN7LJIH.jpg,O7B5LMEE.jpg,0.85241157,True
image/BCDLNQL3.jpg,8Y5DFB1V.jpg,0.8523988,True
image/FIGRTBLP.jpg,5XYZ4IBH.jpg,0.8523,True
image/EGDMIEDQ.jpg,TAF7WQJY.jpg,0.8522614,True
image/T6EW9DGE.JPG,07Y24P4C.jpg,0.85224706,True
image/1VOZUE9K.jpg,RYCC8TM9.jpg,0.8522243,True
image/CMHIXR7E.jpg,EVIX7081.jpg,0.8521747,True
image/61SG3F1S.jpg,SG64IBRA.jpg,0.8521635,True
image/P8XRHZEV.jpg,EMGLOD41.jpg,0.8521096,True
image/CKZ5304C.jpg,4K5L3F33.jpg,0.852041,True
image/477R9LOL.jpg,9GYSHPHY.jpg,0.85201985,True
image/PRL5XF02.jpg,ZL8N5XSG.jpg,0.85200775,True
image/09AVD9MW.jpg,H8T9DA1W.jpg,0.8519892,True
image/6CIJ69FK.jpg,YZ6NL23G.jpg,0.85197043,True
image/H5VXEELJ.jpg,13Q84OM7.jpg,0.85192084,True
image/NL89VUV8.jpg,1JFWJAR2.jpg,0.8517749,True
image/1HKNIPTD.jpg,QX6LC6F0.jpg,0.8516944,True
image/PVSBQNHE.jpg,FJSXKZTB.jpg,0.8515896,True
image/I91WSLDE.jpg,09XKPLNF.jpg,0.85158205,True
image/RKADCNKJ.jpg,8F3SED6F.jpg,0.8515735,True
image/ZBNNMD8I.jpg,YH5IT5XE.jpg,0.85156983,True
image/SJMXQIY5.png,PGDCJ8MF.jpg,0.8515472,True
image/UKBV2UQ8.jpg,34DMJ6LZ.jpg,0.85154593,True
image/OH0B3VIT.jpg,V9UQUT6B.jpg,0.85154575,True
image/BCWL29E8.jpg,BVSY4SJ7.jpg,0.85153115,True
image/QPBM2B9R.jpg,ZQ4ZRBBP.jpg,0.8514889,True
image/L8JUI7ZQ.jpg,UDPVH7S5.jpg,0.85148317,True
image/ZXUNSKMO.jpg,IBLJI3VU.jpg,0.85134757,True
image/VHGFMWUI.jpg,517V7KD5.jpg,0.85133225,True
image/LZ5T8CAU.jpg,YDWTO8J8.jpg,0.85131085,True
image/I2322J7W.jpg,6F0NDI4X.jpg,0.8512705,True
image/7NCW6WHY.jpg,IGSYLX49.jpg,0.8512632,True
image/Y9G8LD9R.jpg,YZ0QU16Z.jpg,0.8512431,True
image/TUWMGL8Q.jpg,36SFS2U8.jpg,0.851201,True
image/XKBPGB58.jpg,EIAUI8AI.jpg,0.85118455,True
image/ZJZXVTGC.jpg,NQ6JESYK.jpg,0.8511305,True
image/VLQQQBD6.jpg,VTQB25CH.jpg,0.85111874,True
image/YEPWK1Y4.jpg,N22C6Y31.jpg,0.85103285,True
image/IN7BIAYH.jpg,WG4L5HT9.jpg,0.8509812,True
image/7WI1EYDK.jpg,KO5YIL92.jpg,0.8509705,True
image/RTOJJVY7.jpg,Y06555LE.jpg,0.85094565,True
image/D5QS8MHS.jpg,F5F4BN4O.jpg,0.8509126,True
image/9Y29OMVV.jpg,2Z6AFW24.jpg,0.8508354,True
image/3A0BATPU.jpg,LP65A1AB.jpg,0.8507007,True
image/DKYGZLYD.jpg,Q3LI2UND.jpg,0.8506701,True
image/F82GBNDL.jpg,C7FNOE78.jpg,0.8506671,True
image/GLV0M6CN.jpg,VFZE74NZ.jpg,0.85061496,True
image/2GS331FU.jpg,OW9N5LIF.jpg,0.8506018,True
image/F3BWAJKK.jpg,1A9DMM2B.jpg,0.85058343,True
image/4EZ4Y353.jpg,J51PR13A.jpg,0.85050446,True
image/CFBUCD0N.jpg,YIJA59E9.jpg,0.85048467,True
image/4LRGE6RA.jpg,20X39GTG.jpg,0.8503961,True
image/FEEU6B9Y.jpg,49JF10R6.jpg,0.85026735,True
image/CMJ7TZKK.jpg,4KAHNTSN.jpg,0.8502643,True
image/W9DQMT27.jpg,0PF48M1M.jpg,0.85020703,True
image/JVTZVDU6.jpg,QCPFEMSQ.jpg,0.85018367,True
image/9BZ7ZJMP.jpg,V51HDPBC.jpg,0.850123,True
image/KVZOUSVL.jpg,F6ANF3AH.jpg,0.85010517,True
image/DCD2SSH4.jpg,IVJUXGLD.jpg,0.8500555,True
image/6U8DZ7S4.jpg,XR4I1ZWH.jpg,0.8500364,True
image/3ODLSVNQ.jpg,82MWE86X.jpg,0.8500329,True
image/AIPWIA1Z.jpg,Y8RBB568.jpg,0.8500176,True
image/2YVGJTO5.jpg,CH5RGLO0.jpg,0.850011,True
image/CQ7OL34U.jpg,W85ZGZ6K.jpg,0.84997505,True
image/44L8EJY7.jpg,968HW052.jpg,0.8498933,True
image/1W1I9CLG.jpg,JTI87G7A.jpg,0.8498091,True
image/4J7Y4LAJ.jpg,UD2SBPIH.jpg,0.84978443,True
image/52H6XR40.jpg,Q2WPJINU.jpg,0.8497522,True
image/8OB2457B.png,NZ79CHS2.png,0.8496379,True
image/CPUM8MTB.jpg,D6ZXXF39.jpg,0.8496138,True
image/HFGAUKDE.jpg,VZL0PC0N.jpg,0.84960234,True
image/K9IPO1GJ.jpg,6JZSHB1M.jpg,0.8495001,True
image/OH0QYNKP.jpg,AKNKE26W.jpg,0.8494476,True
image/OG35NK64.jpg,1IP0B8X6.jpg,0.84932786,True
image/N6I5MGCF.jpg,VX89RMZU.jpg,0.84932405,True
image/126XTLVY.jpg,2GNPIQ6C.jpg,0.8492951,True
image/5TSMVQGQ.jpg,WZZASLSK.jpg,0.8492684,True
image/Y9DCLUY2.jpg,NR2U93IT.JPG,0.8492558,True
image/O6NBN5O9.jpg,HEREV6S0.jpg,0.849246,True
image/SZTCFORK.jpg,LBPI63B2.jpg,0.84921694,True
image/XKG6TNAP.jpg,8AJC68WT.jpg,0.84918046,True
image/YUJ2JYML.jpg,9OL83PVI.jpg,0.8491214,True
image/GDBY827U.jpg,B8NJWM9M.jpg,0.84906304,True
image/5RFCMFJ2.jpg,6UW9KMT2.jpg,0.8489558,True
image/7N6B3CRO.jpg,X5JDCXPF.jpg,0.84895295,True
image/WWARDTUK.JPG,PYY7OQPE.jpg,0.8489446,True
image/PPYJ7UEA.jpg,LLJPMI0M.jpg,0.8489104,True
image/11KJDR2F.jpg,ORO23GEN.jpg,0.8488944,True
image/V932L83E.jpg,NFA0B7G9.jpg,0.8488353,True
image/BNE0RA3J.jpg,B91KB2SV.jpg,0.84881055,True
image/QMU8S6VT.jpg,1PP6MRZ9.jpg,0.84877604,True
image/AN5UGR9Y.jpg,U500KP93.jpg,0.8487409,True
image/MDZMFI0I.jpg,CE47DLXE.jpg,0.84872234,True
image/MBMFSU3E.jpg,IMDXFLE6.jpg,0.848681,True
image/S9HDBUOA.jpg,CMQ0U2L0.jpg,0.84866506,True
image/CVI99KV6.jpg,CKXVQ09R.jpg,0.8485663,True
image/EVLIPM1U.jpg,EQZ5ACWE.jpg,0.8485279,True
image/FM67IMW5.jpg,4YLDMLRN.jpg,0.8485243,True
image/SS58LZEI.jpg,2I9PY6PD.jpg,0.848405,True
image/RMS41A5S.jpg,HGG4EAOL.jpg,0.8483588,True
image/D58VKUSZ.jpg,9CWIBTBF.jpg,0.84833115,True
image/36QNO812.jpg,R3W3WRYD.jpg,0.8483291,True
image/DJ5A9JQQ.jpg,7PG0N821.jpg,0.84831756,True
image/I7IM910K.jpg,OLIZGGA8.jpg,0.8482192,True
image/QB0KOEY3.jpg,FD1446OP.jpg,0.84821874,True
image/IIH8DUWP.jpg,RLWTCBFO.jpg,0.848178,True
image/H31AXENT.jpg,BA5PDLPS.jpg,0.84813935,True
image/34KO01YR.jpg,OTFWTRAB.jpg,0.84812886,True
image/67OBNN29.jpg,8DN4FB6D.jpg,0.8480681,True
image/473L8AUM.jpg,1EK40LTI.jpg,0.84803087,True
image/3YW1SJZW.jpg,TZXTOEB9.jpg,0.8479391,True
image/DOHKYPL4.jpg,F10Z3WUE.jpg,0.84791774,True
image/1TBN417M.jpg,2O7RJFET.jpg,0.84788555,True
image/3UT4AW7T.jpg,PCLC8A72.jpg,0.8478537,True
image/VZ74GKWC.jpg,H6QBKM13.jpg,0.8478498,True
image/IF0E1ZHU.jpg,O478ZGQ2.jpg,0.8477758,True
image/CDHHVRAP.jpg,MNJZNQ6C.jpg,0.84775966,True
image/411JYPU9.jpg,05KFD6LF.jpg,0.84773016,True
image/IHEACKXK.jpg,IQLAIY38.jpg,0.847674,True
image/8ERVF42H.jpg,L3WP9VMQ.jpg,0.8476142,True
image/G1IF6EBJ.jpg,ROJ6LFZ5.jpg,0.84745556,True
image/IV4KATEV.jpg,ZO5CMD04.jpg,0.84743595,True
image/DTRLW9SP.jpg,L9VD9WL0.jpg,0.8472509,True
image/CTD8PNNB.jpg,DVF4XAPM.jpg,0.8472407,True
image/82OQEVA2.jpg,ULVP2VWK.jpg,0.847206,True
image/TPL3M1PA.jpg,710ZOZYN.jpg,0.8471479,True
image/6DVTFFC6.jpg,OKSFKIZP.jpg,0.84713525,True
image/DI84L0VN.jpg,ZBX8AU6C.jpg,0.84712297,True
image/OCSNB9RP.jpg,48527FEM.jpg,0.84707284,True
image/93QXYJZO.jpg,48F2WGY5.jpg,0.84689105,True
image/VXPAIVGQ.jpg,2HN6TOLH.jpg,0.8468567,True
image/55O77MSO.jpg,VGX84NY3.jpg,0.84684306,True
image/RHRJINM2.jpg,R9ZLM17L.jpg,0.84683675,True
image/5HDXLTLQ.jpg,4T7VOX75.jpg,0.8468304,True
image/GJHDK0AZ.jpg,KTNCXGHT.jpg,0.84677446,True
image/X4C9LNSI.jpg,M7HS24GD.jpg,0.8467707,True
image/0FS3WN9L.jpg,5LSLBF3H.jpg,0.8467612,True
image/QV9WDZ02.jpg,ODY8579T.jpg,0.8467443,True
image/99WQ8AYK.jpg,O0AZ835R.jpg,0.84671366,True
image/UK31DEJS.jpg,IY51KVC2.jpg,0.8467074,True
image/4770POV0.JPG,Z94D3AT6.jpg,0.8467052,True
image/QD0G6PHW.jpg,MK86FRDO.jpg,0.8466871,True
image/SIAP82Q6.jpg,X7MT9UVM.jpg,0.84668297,True
image/UTRFM3CO.jpg,52U2QCN9.jpg,0.8466451,True
image/YRDYDAR6.jpg,LELL6QWH.jpg,0.8465724,True
image/8H8W7M6T.jpg,P595LMW0.jpg,0.8464628,True
image/77MF86IG.jpg,EA9CRWJ8.jpg,0.8464323,True
image/I24HECHJ.JPG,JH34015N.jpg,0.846404,True
image/Y8IDQALK.jpg,VOV87X15.jpg,0.846397,True
image/K9PEV40E.jpg,35IBWK9L.jpg,0.8463948,True
image/ZLKBDJHP.jpg,4XPM4LZ7.jpg,0.8463798,True
image/226OSTX5.jpg,U9QSLPZW.jpg,0.84634703,True
image/59VJ3SPZ.jpg,W3XAE6KO.jpg,0.8463328,True
image/1IF3FN59.jpg,9UCDXKKC.jpg,0.846232,True
image/9BZOHZPC.jpg,ZUU3M9VQ.jpg,0.84621274,True
image/Y8TH2N6E.jpg,HVMFWPB1.jpg,0.8461868,True
image/VXXOFQLA.jpg,QNF7BDG9.jpg,0.8461346,True
image/KDIA5EYG.jpg,F6Z37J76.jpg,0.84602696,True
image/6KBVV7Z5.jpg,949TN783.jpg,0.84602356,True
image/0BZ5PI8C.jpg,PKDKNUZ4.jpg,0.84602255,True
image/LVJYLRR5.jpg,JXAVSRA4.jpg,0.8459632,True
image/KCNHO04Q.jpg,VFPBXFS4.jpg,0.8459523,True
image/WKLHPA4J.jpg,62PVP2KT.jpg,0.84584445,True
image/YC8MQ9YH.jpg,FAZXCMCA.jpg,0.8457924,True
image/RZCV0CNK.jpg,E39XN84N.jpg,0.8457806,True
image/AE6P3L6X.jpg,I8TUC69Y.jpg,0.84569246,True
image/N9NA7AIQ.jpg,YJEKY2KX.jpg,0.84562963,True
image/SD9DDS42.jpg,JF953KHP.jpg,0.8456293,True
image/3HA4BR7P.jpg,9CBC93WT.jpg,0.84558874,True
image/YVD88TY4.jpg,NEREW684.jpg,0.8455513,True
image/PAE3Q6QJ.png,O5LAXU6R.png,0.8455423,True
image/5U3PQKTX.jpg,2DMEZSBE.jpg,0.84554136,True
image/W8TFIFMK.jpg,BRC2O001.jpg,0.84549415,True
image/FFKUZCTC.jpg,M0H3KP6R.jpg,0.8453506,True
image/FNATZAP3.jpg,TNEL3T5G.jpg,0.84533215,True
image/G9QS1EGA.jpg,NZAJ4X4J.jpg,0.8453194,True
image/V9GMWNVL.jpg,ZALHG569.jpg,0.84528226,True
image/X3Y8KO6H.jpg,VJYVAV73.jpg,0.84527,True
image/8WFVXS32.jpg,XK6296D8.jpg,0.84523404,True
image/3TMX0MJ1.jpg,4XAGI1Q7.jpg,0.84518474,True
image/G8YAJBMA.jpg,65JZHJBU.jpg,0.8451823,True
image/4JXKYXZN.jpg,HXFTVGJJ.jpg,0.84517896,True
image/V8594P4I.jpg,S0ANULRU.jpg,0.8451101,True
image/BHE2I9T4.jpg,WT4ENE99.jpg,0.8450717,True
image/K14CRG2N.jpg,ZSI2MFW4.jpg,0.8449135,True
image/O66CN0D7.jpg,6XWDOIB0.jpg,0.8447708,True
image/G8NP7DZL.jpg,AVF33JAL.jpg,0.84474856,True
image/J6AA1WLG.jpg,RIVH485G.jpg,0.84454674,True
image/XPBFAK0Z.jpg,O59GS1PZ.jpg,0.84445065,True
image/KJCOOFAS.png,2JL33GZ8.jpg,0.84443504,True
image/5SH7T7UD.jpg,343VQG0P.jpg,0.8444309,True
image/330GV29A.jpg,1783ZW6E.jpg,0.84436715,True
image/AGP9UBXG.jpg,9AHJ75DD.jpg,0.84434783,True
image/LEGYUUOT.jpg,8Z7BK90V.jpg,0.84426236,True
image/KNNCD1CB.jpg,BX4PBCTM.jpg,0.8442285,True
image/VKHHVQI5.jpg,7S7ELCTA.jpg,0.84421873,True
image/DJ80HMLM.jpg,TNOXS3GS.jpg,0.844192,True
image/HVPYVKOU.jpg,IW8UTB2T.jpg,0.8441849,True
image/NIO96H8E.jpg,54L8OQLK.jpg,0.84415317,True
image/BJ06ZV2K.png,FIU7839Q.jpg,0.84413016,True
image/6OE4QVOS.jpg,SYA2IESM.jpg,0.84410703,True
image/X4C59UO4.jpg,QVZFOIBR.jpg,0.8440797,True
image/5R1FV4VN.jpg,TCFWPUG4.jpg,0.8439943,True
image/ZHVUPVYT.jpg,FRE78L8T.jpg,0.84392774,True
image/4O173ICK.jpg,VXHS5UXL.jpg,0.84378374,True
image/ZIUGR479.jpg,OCOA3DCZ.jpg,0.8437737,True
image/BXG75I8L.jpg,3N7B6WHD.jpg,0.84369165,True
image/VEXDB6IP.png,Z82CCVCG.jpg,0.8436539,True
image/Z6NGQ9MM.jpg,782H11MV.jpg,0.8436398,True
image/OXNEFDS1.jpg,XE7EUE3D.jpg,0.8436087,True
image/GABCM6ZS.jpg,MI84HICF.jpg,0.8435917,True
image/C3H16SRJ.jpg,90CIR66U.jpg,0.8435678,True
image/YWF8XG6F.jpg,1J8VMZIY.jpg,0.84354544,True
image/OF49OCGF.jpg,W2R7U4OD.jpg,0.8433969,True
image/Z0LJZS20.jpg,8XRAXUJB.jpg,0.843379,True
image/OYHTR637.jpg,VEOIXB17.jpg,0.84327304,True
image/6S7BXOYC.jpg,PA7J86ED.jpg,0.8432676,True
image/PW9EJV8S.jpg,V81C6ZA5.jpg,0.84326524,True
image/H338ED8H.jpg,H98J3FAF.jpg,0.84322363,True
image/BP2XROXK.jpg,VF9SYPD6.jpg,0.8431834,True
image/ULZ8C0P7.jpg,OBPKRFU8.jpg,0.84311455,True
image/6EBZVJ1R.jpg,7TUNDXBD.jpg,0.8430883,True
image/7BQGQ4DX.jpg,N7GKV4PF.jpg,0.84306437,True
image/KDAPHEMZ.jpg,DP5A7FHH.jpg,0.8430624,True
image/ENKBOJ00.jpg,QLLFZQBO.jpg,0.8430423,True
image/TAEN6SY4.jpg,CY6485GZ.jpg,0.84301895,True
image/10GDRZMC.jpg,I4QQ4UHB.jpg,0.8429958,True
image/8EEB9HPD.jpg,ARYHW8F4.jpg,0.8429811,True
image/YXWQU5DM.jpg,3ENDJCHE.jpg,0.8429499,True
image/1NAXS0PG.jpg,ALTORK1G.jpg,0.8429011,True
image/QKPBDPHE.jpg,ZKS30RMN.jpg,0.84288454,True
image/S0XP7T84.jpg,1IT7UAQV.jpg,0.8428617,True
image/WHCO698H.jpg,ALBCF3RE.jpg,0.8427478,True
image/PG2QR1Z5.jpg,3QI07T2Q.jpg,0.8426643,True
image/S7GHUMFX.jpg,Y40X3W5S.jpg,0.8426114,True
image/SID370DD.jpg,C3YX5H51.jpg,0.8424836,True
image/VAM9DWT2.jpg,9FNS0DVN.jpg,0.8424582,True
image/L5J0YSD0.jpg,2UZB10CF.jpg,0.8423632,True
image/ZFQV9R7W.jpg,YK2LC7FT.jpg,0.84221447,True
image/AUFE6QZY.jpg,3OERI8NY.jpg,0.84212774,True
image/B3N3XOFC.jpg,VCQSTVU1.jpg,0.8421207,True
image/214AYT0P.jpg,VU525QSC.jpg,0.8420641,True
image/PRLSXNBH.jpg,5277S5MK.jpg,0.8418911,True
image/81VQGCA9.jpg,JU2D5JRR.jpg,0.84185934,True
image/I6QCQYTZ.jpg,0W6S7J5D.jpg,0.8418232,True
image/V0VACTP7.jpg,3LYYK8DP.jpg,0.8417926,True
image/ZQ1O9U22.jpg,IY0ZJLEM.jpg,0.8417883,True
image/0RN80XH8.jpg,G9PHZ4XP.jpg,0.8417162,True
image/G6QODQP9.jpg,41ANXFZZ.jpg,0.841701,True
image/EM46CUQO.png,RP2FDTPT.jpg,0.8416695,True
image/VGJG8HJB.jpg,EG8UZS3M.jpg,0.8416587,True
image/552Y4HU8.jpg,O7DD127O.jpg,0.84162855,True
image/TX23IBQB.jpg,V81C6ZA5.jpg,0.841577,True
image/W1IBPXPJ.jpg,UWBFLKEY.jpg,0.8415527,True
image/BAPVKL76.jpg,BAI0E42O.jpg,0.8415348,True
image/WVDH6U6B.jpg,VNIM1MXP.jpg,0.8414822,True
image/OGA8R6GI.jpg,9LGK1CGA.jpg,0.8414164,True
image/DEGPIQL7.jpg,9NHE2FXG.jpg,0.84140515,True
image/IPFJFRRU.jpg,AYVTDHPX.jpg,0.8414027,True
image/8LHMPU0N.jpg,6UKPHFQJ.jpg,0.8413766,True
image/236K3ZYB.jpg,OTDWWVJ6.jpg,0.84134626,True
image/D1KIK49S.jpg,LDB8ISYN.jpg,0.84132427,True
image/MZRXW7GF.jpg,8MNK7BOG.jpg,0.8412151,True
image/Q44PC10G.jpg,IERR9KS7.jpg,0.8411978,True
image/04OPI7PB.jpg,FGRCON6G.jpg,0.8411528,True
image/IBCWSAJG.jpg,XKQWHVKS.jpg,0.8411494,True
image/GTW2SBJR.jpg,PB1S5D5J.jpg,0.841082,True
image/UE6F8YT1.jpg,6VIQL9UB.jpg,0.8410539,True
image/SCO8924S.JPG,Q85USCWQ.jpg,0.8410245,True
image/5OWEM2N4.jpg,2FWOJEF0.jpg,0.8409848,True
image/2EAK1S6V.jpg,RLVSXRAM.jpg,0.84098184,True
image/QF11ET4V.png,U8IY9IT0.jpg,0.8409237,True
image/SNV1JYOB.jpg,4XF6349F.jpg,0.84090155,True
image/UEDVBAKF.jpg,U09EERXK.png,0.840886,True
image/SHM9VTU0.jpg,B63AJZQ4.jpg,0.84072685,True
image/6LUC6UOJ.jpg,UPWGKYL2.jpg,0.84070045,True
image/3LWVBDXG.jpg,1SFETK5F.jpg,0.8406721,True
image/EQL49FM4.jpg,KQI0FKU8.jpg,0.8406438,True
image/UQ03HJW9.jpg,7QIWC5H4.jpg,0.8406229,True
image/J5CD6FRU.jpg,FG9ELCHC.jpg,0.8404051,True
image/Z62BH647.jpg,EVAW9AFO.jpg,0.84040487,True
image/WDYJNGLS.jpg,W7ZDKK6F.jpg,0.84030384,True
image/8MXTH0NN.jpg,KY0FZQHR.jpg,0.84025925,True
image/B4P0FA5P.jpg,821KAEQL.jpg,0.8402379,True
image/9D47PKL4.jpg,X0LXQ9CM.jpg,0.8401658,True
image/HB065T39.jpg,TUE6IYRW.jpg,0.8399593,True
image/K09QG5C5.jpg,64FLMCUS.jpg,0.8399169,True
image/R2XX1LK0.jpg,GB8M1KNP.jpg,0.8398638,True
image/YQX0432O.jpg,J8T3IIFP.jpg,0.83983874,True
image/IMJ99JVT.jpg,4BM9HY82.jpg,0.8398313,True
image/GBRM3N96.jpg,GQAPFI01.jpg,0.8396016,True
image/K99FLEFH.jpg,VF8B4IHH.jpg,0.8395975,True
image/LNIQP48Y.jpg,81OPW7EM.jpg,0.8395359,True
image/7AC1FJ6J.jpg,ZPWADTJ9.jpg,0.8394821,True
image/79Y4VGUE.jpg,19Z3NFLB.jpg,0.83946836,True
image/R19EIK9Z.JPG,FYQUYWLU.jpg,0.83946675,True
image/45HS91BI.jpg,GOT3Y699.jpg,0.83946544,True
image/WB813RTD.jpg,16ZRG0FD.jpg,0.8394009,True
image/2QJIPAUK.jpg,L2QIYTYO.jpg,0.83938885,True
image/LB0B9ORK.jpg,FRFLI7OJ.jpg,0.8392468,True
image/JEUP8T2D.jpg,WJ3OGRCR.jpg,0.83922803,True
image/8N5P5C13.jpg,RS15ZH76.jpg,0.83920807,True
image/JPVT39IB.jpg,6FHEPXFN.jpg,0.839147,True
image/PQXGPZCI.jpg,E1GDQLVF.jpg,0.83908594,True
image/ASLDJ45L.jpg,7UNYQTG6.jpg,0.8390635,True
image/CB1QSMPB.jpg,I4PUDSHO.jpg,0.8390135,True
image/AHM9M7WO.jpg,HN5MSR02.jpg,0.8390021,True
image/ZOG97UZU.jpg,P754HNND.jpg,0.8389894,True
image/E8SHH2T6.jpg,0OFG06GR.jpg,0.8389419,True
image/QS4E47XT.jpg,0N16WM4M.jpg,0.8389239,True
image/ZTRKFXOS.jpg,834CHHYO.jpg,0.83877385,True
image/3M3RJ90E.jpg,PVZR5NWL.jpg,0.8387403,True
image/064NEDYX.jpg,NGJI6QK5.jpg,0.8386452,True
image/IX314X5P.jpg,IEASWHAJ.jpg,0.8385066,True
image/XPFFSK5W.jpg,Y5PACII2.jpg,0.83849823,True
image/1GVGDO27.jpg,IOSYP2XY.jpg,0.8384628,True
image/GNG3HBOW.jpg,TIZBJGN2.jpg,0.83832294,True
image/FX9MFMH6.jpg,39UTIMYC.jpg,0.8382396,True
image/LODW8AMP.jpg,K1A9Z7G1.jpg,0.83820546,True
image/RL4UBSAF.jpg,OSDN2EQ8.jpg,0.83814657,True
image/Z3WQ3C6U.JPG,DHN2K777.jpg,0.83812535,True
image/KNGNGIXQ.jpg,3PLGP5K3.jpg,0.8380957,True
image/A86WW10M.JPG,6IE64MAH.jpg,0.838075,True
image/298AGYH1.jpg,43DDLQOV.jpg,0.8380625,True
image/FJSC8AZB.jpg,PJDKJ24I.jpg,0.8380344,True
image/F170BQM3.jpg,F9OXNO6I.jpg,0.8380123,True
image/GYIEP9LJ.jpg,ANQLDXZ3.jpg,0.83795536,True
image/71GG4F3A.jpg,L2JKUZTU.jpg,0.83778447,True
image/1ZM6N8NG.jpg,JHQ6YLAN.jpg,0.8377753,True
image/YEQRVRYY.jpg,KXFWTU3P.jpg,0.8376898,True
image/S76S1UGX.jpg,AG58BGOF.png,0.8376197,True
image/4B2RAA6T.jpg,37DTAL7V.jpg,0.8375447,True
image/M9QUAP77.jpg,G6HMR9XR.jpg,0.8375334,True
image/HUO2HUPD.jpg,TL8CE6BA.jpg,0.8375288,True
image/Q18E1S72.jpg,65RG0WZ6.jpg,0.83752835,True
image/YI0YYM3G.jpg,LW4FJYUG.jpg,0.8375239,True
image/28KRYVBC.jpg,KVEEZM9P.jpg,0.83746177,True
image/D5AGHC39.jpg,46TBS491.jpg,0.8374398,True
image/QAY2YME6.jpg,E39XN84N.jpg,0.83741575,True
image/LUDR35OO.jpg,PQUE0NTI.jpg,0.83736706,True
image/ADD21M7I.jpg,2TRC4J8A.jpg,0.83730984,True
image/608DQQ5T.jpg,E94XDYMS.jpg,0.8371929,True
image/9MXCI0V0.jpg,B29ZJ5VZ.jpg,0.8371527,True
image/YWH61FJD.jpg,7ZIBHV6B.jpg,0.83713686,True
image/MMG4RZMH.jpg,R5DGAEOS.jpg,0.83711195,True
image/K9J67HCA.jpg,4OEGM3WN.jpg,0.83709353,True
image/MSXGEDQ3.jpg,P9Z8CN3A.jpg,0.83708876,True
image/JO9OM8VJ.jpg,3MZZGYOD.jpg,0.83707315,True
image/2N1JNJZM.jpg,5J572TSK.jpg,0.83704644,True
image/PZ9Y0AWK.jpg,PND24M5F.jpg,0.8370342,True
image/WP9G9JLM.jpg,UICWC7KR.jpg,0.8370062,True
image/5ZB0SCVL.jpg,RHE7451A.jpg,0.83700204,True
image/5BLCM9YP.jpg,6NNJHKBE.jpg,0.83697665,True
image/8YWCBRGN.jpg,FANPW26U.jpg,0.8367963,True
image/X0LOQK6R.jpg,BCK75FW5.jpg,0.8367538,True
image/2C1R0QNA.jpg,SAKXBMQG.jpg,0.83667165,True
image/Z1Z9DYCI.jpg,WKR0IGKB.jpg,0.83658546,True
image/UUCDX8Z1.jpg,VSKHBMDY.jpg,0.8365228,True
image/W4S5OMUM.jpg,9JPUOUXH.jpg,0.8364982,True
image/9HP52HRJ.jpg,F28HDF47.jpg,0.8364077,True
image/7JTW63W7.jpg,U4YWOOAL.jpg,0.8363219,True
image/O0XE47BH.jpg,QXUI6JMD.jpg,0.83631396,True
image/6Y0OR5FW.jpg,I3GPD5EU.jpg,0.8363109,True
image/KJXGEKFR.jpg,H5R45KHI.jpg,0.83621687,True
image/KMBRD1W3.jpg,E6OWUCHC.jpg,0.8361707,True
image/TW0P8BOR.jpg,T9FQHLN1.png,0.83612275,True
image/YI3F5Z84.jpg,AC6BRAMA.jpg,0.836075,True
image/IBQ5T86B.jpg,WKUJAEHB.jpg,0.8360584,True
image/FHSGP5W4.jpg,3PHPK8XR.jpg,0.8360204,True
image/9XOPC6JK.jpg,56LYZE1Q.jpg,0.8359723,True
image/SVQIG2Q3.jpg,54EA5N8H.jpg,0.8358354,True
image/SOCKGMFT.jpg,FGBVC4QT.jpg,0.8357944,True
image/2A37T3TE.jpg,WP8TZ022.jpg,0.83579427,True
image/CEHWIDFT.jpg,R1VIG1EZ.jpg,0.835699,True
image/BD9PYRIJ.jpg,FXHX3KRV.jpg,0.83563054,True
image/2GLG50MI.jpg,XSI82D6Q.jpg,0.8355671,True
image/RJEJM3L7.jpg,7MCVIWRQ.jpg,0.8355046,True
image/N0M0ETB3.jpg,BVSY4SJ7.jpg,0.83504236,True
image/5KSXDRH0.jpg,C9GZ081F.jpg,0.8349213,True
image/IOKVSTYD.jpg,8NQ4FV0N.jpg,0.8348685,True
image/HGHI45FQ.jpg,PD4QTJP1.jpg,0.8348456,True
image/6O3FBCVZ.jpg,JL76W4RC.jpg,0.834824,True
image/XZYVQV60.jpg,W5Y5TJEL.jpg,0.834747,True
image/JL5X469Y.jpg,YP7P0RFB.jpg,0.83472174,True
image/PPI5V2NW.jpg,99EICEOR.jpg,0.83471024,True
image/L859PMDL.png,LCF8B5UB.jpg,0.8346751,True
image/RUGQKANB.jpg,ODYPW34O.jpg,0.83466554,True
image/O9GRUSM4.jpg,HAH1E536.jpg,0.83465827,True
image/BCJELHEZ.jpg,RMU9GCVJ.jpg,0.8346395,True
image/N5TW9NZV.jpg,L9Q7ODYP.jpg,0.83460855,True
image/C7CFHKMM.jpg,OW9N5LIF.jpg,0.83444554,True
image/QDL978LK.jpg,KGQWMZGM.jpg,0.83431274,True
image/GEK728UD.jpg,W2FOO94Y.jpg,0.83429277,True
image/REE8PKRG.jpg,L9Q7ODYP.jpg,0.83428806,True
image/8QY4UBFV.jpg,ZIG4148V.jpg,0.8342005,True
image/QP8I3NV9.jpg,VST6MFT4.jpg,0.83419573,True
image/U539F4GI.jpg,05Y19FWQ.jpg,0.8341938,True
image/MCPAZRB9.jpg,4XQ5SESN.jpg,0.83418965,True
image/55YJFEGN.jpg,LYCJRURP.jpg,0.8341851,True
image/CDTFTAOL.jpg,NKPFAZE6.jpg,0.8341702,True
image/N8O3PCOG.jpg,T1R6IAMW.jpg,0.83416677,True
image/4L8FBZRU.jpg,N36UBF23.jpg,0.834157,True
image/LOQD8ZUT.jpg,UV3Q9MU1.jpg,0.8340906,True
image/D9S3JWXV.jpg,HPCW8VUW.jpg,0.8340745,True
image/6SEU69HM.jpg,XTR8TQSL.jpg,0.8340642,True
image/WP6QB2YV.jpg,LXQ4ZJ37.jpg,0.8340509,True
image/767QEHJM.jpg,JHH2NIDQ.jpg,0.8339457,True
image/6BPX4C5N.jpg,F496AY2J.jpg,0.833909,True
image/68FCKI7S.jpg,2F3NP4CM.jpg,0.8338895,True
image/RM45DCEB.jpg,VTJ3RV9A.jpg,0.8337521,True
image/L85TOEVZ.jpg,MCPFA5UC.jpg,0.83374476,True
image/50SMP5MH.jpg,58G2EDM9.jpg,0.8336504,True
image/SYER8MJ4.JPG,7ZRAFSB3.jpg,0.8336406,True
image/56W2ZTT1.jpg,X74IC9DQ.jpg,0.8335383,True
image/5YHMDDZQ.jpg,CENLKVUJ.jpg,0.83350223,True
image/NB44DC12.jpg,7WY1LY40.jpg,0.8334598,True
image/HWR6Q3DQ.jpg,OTJ485OI.jpg,0.83340645,True
image/1U76UJDA.jpg,IQ4YPB87.jpg,0.8334044,True
image/FW1T6AJA.jpg,RNQ8AZN2.jpg,0.8333981,True
image/7MH3LQ4E.jpg,79ZO7XPK.jpg,0.83330995,True
image/HEOFW4BN.jpg,S5KCT0E8.jpg,0.8329649,True
image/SSOQ4SXU.jpg,DE9B2CV5.jpg,0.83286786,True
image/0DIJ3FIL.png,7XYCX414.jpg,0.83282155,True
image/IWESD939.jpg,G5P45JV3.jpg,0.8327825,True
image/IEMARX1M.jpg,4482UIII.jpg,0.8327394,True
image/H25J18ST.jpg,YJFVJ510.jpg,0.83272415,True
image/DDP9SP4N.jpg,8B6HU0FF.jpg,0.8327058,True
image/8KUQ6U31.jpg,CDRDIPB6.jpg,0.8326771,True
image/PKYM21FD.jpg,KNUYMPZF.jpg,0.8326519,True
image/IGF2HNJA.jpeg,UK4UGI1S.jpg,0.8325358,True
image/7X0N86N6.jpg,5XX8RHS3.jpg,0.83251905,True
image/1ADWMUKI.jpg,VBKF407N.jpg,0.83250344,True
image/VPI8LELU.jpg,SFAS4IM5.jpg,0.83249503,True
image/M9CYDDKJ.jpg,S0ANULRU.jpg,0.8324487,True
image/7V2K4IAO.jpg,F8C25Z25.jpg,0.83237255,True
image/KEIIAA3F.jpg,V9UQUT6B.jpg,0.8322953,True
image/2R35QO93.jpg,MOAPVVOX.jpg,0.8322038,True
image/UP1I3HY4.jpg,RWJ2TAY3.jpg,0.8321981,True
image/JHU71I69.jpg,TWN3IKCJ.jpg,0.8321559,True
image/KX3943D9.jpg,JQ9HB2LA.jpg,0.8321335,True
image/VMWB4Q69.jpg,WFWP7HR2.jpg,0.83195865,True
image/VOQZA651.jpg,GHU2Q2FG.jpg,0.8319188,True
image/EAGZPPBR.jpg,XZL3HMAK.jpg,0.83170617,True
image/J7SZAC8P.jpg,0Z8JXFLX.jpg,0.83165187,True
image/7AG3FNPM.jpg,58G2EDM9.jpg,0.8316215,True
image/QTQ0EE0C.jpg,QYDAEQT1.jpg,0.83161664,True
image/XA1G5CGS.jpg,TS7PJ9YL.jpg,0.8315417,True
image/YFZM159B.jpg,6KOVHUHC.jpg,0.83149683,True
image/NY3EZKJW.jpg,M3YGB43R.jpg,0.8314778,True
image/YGJVLBMT.jpg,JB7E3IK5.jpg,0.83139366,True
image/CSYGJMZA.png,66LIRPA7.jpg,0.83137417,True
image/Y5UR9BYC.jpg,TD5SI3YB.jpg,0.831355,True
image/1FEQ57S8.jpg,AOPL6GCZ.jpg,0.83127296,True
image/APB1TJXU.jpg,7QE3DZAX.jpg,0.8312635,True
image/H4DGVX3K.jpg,GLHI5L4R.jpg,0.83122885,True
image/F7Z9BWAN.jpg,WP3NNPN4.jpg,0.8311748,True
image/JIAF4XK6.jpg,HKII9YZ8.jpg,0.831047,True
image/RNQ6WDHG.jpg,N9G7V0NP.jpg,0.8310012,True
image/6OCIEYK3.jpg,V9J1MO5K.jpg,0.83077574,True
image/1RIZF5K8.jpg,NUQQQBUW.jpg,0.83077455,True
image/36AYP4VT.jpg,03SMJ4G1.jpg,0.83063096,True
image/AHZCCQ33.jpg,3DHLBX8R.jpg,0.8305782,True
image/BMP60XBX.jpg,A246LEYD.jpg,0.8304924,True
image/YX0FIO8Z.jpg,GAA3MDYU.jpg,0.8304724,True
image/U4QYWG3O.jpg,XPPUB9TD.jpg,0.83037335,True
image/K03YOZSE.jpg,29AAL72P.jpg,0.83028996,True
image/SNA7S3UT.jpg,OW9N5LIF.jpg,0.83028907,True
image/K9HSVY89.jpg,EBXR7IPO.jpg,0.83023465,True
image/YCFG3W4P.png,O0BXKS64.jpg,0.830202,True
image/HRB9FRXH.jpg,1LNSJ1UT.jpg,0.83014184,True
image/J9AANNYH.jpg,V8VC8LX9.jpg,0.83013844,True
image/BX8R4FE7.jpg,NDV1WKWU.jpg,0.8300803,True
image/57RX5LGZ.jpg,0QROH3FF.jpg,0.8299195,True
image/9NNO9YQR.jpg,V1JLXCGM.jpg,0.8298991,True
image/3R825833.jpg,9D1KVCYK.jpg,0.82986003,True
image/VNGOIVYE.jpg,MKS9M989.jpg,0.8298558,True
image/JQ06MJPN.jpg,KS3G7WFO.jpg,0.8298095,True
image/DVSC0GCY.jpg,J06QO9D9.jpg,0.82970256,True
image/8MFRKBI9.jpg,S67HQ02O.jpg,0.82969505,True
image/X6WSG7J8.jpg,W92ID7IQ.jpg,0.8296531,True
image/IEFJT1RV.jpg,C8W12GZ5.jpg,0.8295943,True
image/1MMDYD53.jpg,M54UTQ6F.jpg,0.829483,True
image/S7AE19AN.jpg,EPWQ0AEM.jpg,0.82944924,True
image/DCPC7FZZ.jpg,IBLJI3VU.jpg,0.82944316,True
image/289B9IUU.jpg,2KRLBN8U.jpg,0.82943827,True
image/VN0LFYI2.jpg,IA40NNZV.jpg,0.82938623,True
image/P8BKFVYY.jpg,6MJ6RQSW.jpg,0.8293772,True
image/FNSAR4CY.jpg,N16EBAMU.jpg,0.8293767,True
image/A51M8AIT.jpg,L04YNDFA.jpg,0.8293182,True
image/TPMJ7Z4G.jpg,L79014JH.jpg,0.8292181,True
image/9T6WBUN5.jpg,HVXK1K84.jpg,0.8292154,True
image/OW0S7XL7.jpg,CFRWHS4D.jpg,0.82917756,True
image/A3P8SMOT.jpg,4CGLYM4M.png,0.82912433,True
image/W3R7D0P5.jpg,6BQUUJWA.jpg,0.82904214,True
image/OYANJBO9.jpg,NKWI0D29.jpg,0.82902884,True
image/WR4NPHNG.jpg,1AJ7FL90.jpg,0.82901454,True
image/2ALEGHCL.jpg,8X1JX4MS.jpg,0.8289329,True
image/K8G4CS9N.jpg,ZEZHD6KL.jpg,0.8289237,True
image/O0FZGRRO.jpg,ZN9RNY2T.jpg,0.8288537,True
image/Q5A1AW8H.jpg,H56WCWB3.jpg,0.82847273,True
image/8CE18AD7.jpg,7NDFC4K5.jpg,0.8283953,True
image/SO3WE6XR.jpg,QXEY9IMW.jpg,0.8283512,True
image/D7YY0VKU.jpg,ZSYUWP2J.jpg,0.82833433,True
image/P8L6E0KS.jpg,75CAXLVC.jpg,0.8283032,True
image/OO49EPWI.jpg,8G4JFOSI.jpg,0.8282832,True
image/H0GUS0DZ.jpg,FW95EWQA.jpg,0.82827806,True
image/MRNWQNYQ.jpg,0HJIW69M.jpg,0.82825446,True
image/XLPF09OW.jpg,3JGU2F2D.jpg,0.82821375,True
image/EHKUDV6N.jpg,I27SQCID.jpg,0.82813036,True
image/B9PUSUVM.jpg,DOS3GF7B.jpg,0.82807976,True
image/FF2I1KIY.jpg,7712N99M.jpg,0.8280126,True
image/VUQQM38P.JPG,GAOI4J7A.jpg,0.82798606,True
image/NK03D0V4.jpg,MS6MM88O.jpg,0.82797724,True
image/TV8YG4WE.jpg,5TMYTD14.jpg,0.82791334,True
image/ADXC9I3B.jpg,88GPCMIC.jpg,0.8279027,True
image/R0EU4F1D.jpg,D4W43JQK.jpg,0.8278691,True
image/3S6292OY.jpg,JCV93HW0.jpg,0.827774,True
image/SJUT7OHA.jpg,DIK0XVL8.jpg,0.8276857,True
image/YOZBR32N.jpg,UXQIZU9I.jpg,0.8275871,True
image/36DRLEP3.jpg,H0IZ2OXH.jpg,0.8275803,True
image/356MGD4K.jpg,Q2C4X738.jpg,0.82742935,True
image/KRK8J0SU.jpg,35SW7N3T.jpg,0.827421,True
image/DVOJKBSJ.jpg,CFRWHS4D.jpg,0.8272267,True
image/5ENTL5HB.jpg,N2LLH80G.jpg,0.82720864,True
image/9RKCCJ46.jpg,UOHRRQ9Q.jpg,0.8272001,True
image/UGVPZ3S2.jpg,P8NHMH9B.jpg,0.827088,True
image/T76UJCCY.jpg,QJHZR203.jpg,0.8270547,True
image/54APLG10.JPG,H5D2LHZF.jpg,0.82703364,True
image/V4HIYE8N.jpg,3I48F1T4.jpg,0.8269225,True
image/PQXO5TBG.jpg,BWI3FLYT.jpg,0.8268334,True
image/DU0FPEXV.jpg,044PNEV2.jpg,0.8268054,True
image/9BPEWUZ0.jpg,QB66ZB64.jpg,0.8266219,True
image/F5R5SF5D.jpg,UZDTAI3J.jpg,0.82660806,True
image/O7TMQ3B5.jpg,3YNG17LQ.jpg,0.8265539,True
image/V0EJPVEJ.jpg,723634SN.jpg,0.8265353,True
image/JC34QXVB.jpg,VTNE6RZW.jpg,0.8264124,True
image/R8C5SDBK.jpg,0H4OBOKB.jpg,0.82639736,True
image/4RB8OCSO.jpg,NSCX8S6Z.jpg,0.8263416,True
image/H86OS4GI.jpg,31WQ1ON7.jpg,0.82632357,True
image/HIUFTXEN.jpg,UULZM71D.jpg,0.8262994,True
image/OYBBEY4J.jpg,LD0WOCD5.jpg,0.82628554,True
image/7QUCTZKU.jpg,TTCF2DWK.jpg,0.82620096,True
image/R3Y0CZBS.jpg,1P63N3L3.jpg,0.82618004,True
image/KRIMG6MU.png,NAEPQ6I6.jpg,0.8261738,True
image/TQ751SM9.jpg,0H43BAS6.jpg,0.8261587,True
image/U85DI19C.jpg,PDW1PVRL.jpg,0.8261516,True
image/81GJ04YA.jpg,SV7EMEI0.jpg,0.8260791,True
image/E02Q48HL.jpg,AA7QBOBI.jpg,0.8260255,True
image/XJW2H6YE.png,M31YKYA1.jpg,0.8259244,True
image/40AXHLJT.jpg,2VQBAS04.jpg,0.82588685,True
image/69TMSNFG.jpg,1DTS01MF.png,0.82580936,True
image/2IVS8H43.jpg,RTZL4NGI.jpg,0.82566,True
image/IHJ8QAI3.jpg,7X9MISIJ.jpg,0.82556784,True
image/JPB8XYUT.jpg,F75PE14D.jpg,0.8254418,True
image/E9DSOFV5.jpg,FPU3H68S.jpg,0.8253271,True
image/DI8133KS.jpg,SGU8OWHW.jpg,0.82519585,True
image/IMQORBES.jpg,K6P5G5K7.jpg,0.82508737,True
image/KEN7TC9K.jpg,43SSVKAA.jpg,0.8249876,True
image/J5VB5TBJ.JPG,DY667MTP.jpg,0.8248583,True
image/RB28UEJY.jpg,0ZM90QW5.jpg,0.82485795,True
image/QYDUIX6Z.jpg,ZS96J740.jpg,0.824576,True
image/YB7W2ISD.jpg,KVH5BWPB.jpg,0.8244491,True
image/QQ6CAG6F.jpg,GWG395V6.jpg,0.82443374,True
image/IKFYHDXV.png,A11WPVL0.jpg,0.82436866,True
image/G4BZGMHO.jpg,QJVLSY74.jpg,0.8243543,True
image/H016JBIR.jpg,VF8B4IHH.jpg,0.8241681,True
image/R3FNYXE5.jpg,PWTOOL2T.jpg,0.8241655,True
image/64AUVUUA.jpg,LM3BHAYB.jpg,0.82407206,True
image/OTIZYJY4.png,8H6CFJFI.png,0.82391506,True
image/BF4GMHG9.jpg,F60JT7DH.jpg,0.8238105,True
image/W9JSWB5X.jpg,ROL85Y7A.jpg,0.8236224,True
image/MTH30EVU.jpg,BGMDL0UJ.jpg,0.8235528,True
image/J2VXINTH.jpg,HLSF1NHJ.jpg,0.8235491,True
image/61MSW5KT.jpg,TYHRU0UX.jpg,0.8235169,True
image/JVEK62B3.jpg,XECH54GB.jpg,0.8234266,True
image/U90L479T.jpg,L30RH9K9.jpg,0.82324195,True
image/LXXF9ANM.jpg,6443H6NZ.jpg,0.82320577,True
image/K8EYMQ9F.jpg,3IR2YYQ3.jpg,0.82318956,True
image/SEE8VPRA.jpg,B2WVM5II.jpg,0.8231377,True
image/1ISR7BG9.jpg,GK52LFQI.jpg,0.8230899,True
image/W9HHME3J.jpg,TN55P8QF.jpg,0.8230712,True
image/SWS7RJJB.jpg,7PG0J782.jpg,0.8230176,True
image/NF2JNX46.jpg,F2K90ZH1.jpg,0.8228089,True
image/ADIA14LI.jpg,Y5TBJ78M.jpg,0.8227711,True
image/B3O11CQR.jpg,V3BEUUE4.jpg,0.822721,True
image/B2ZIY98C.jpg,NHHM6EP1.jpg,0.8226173,True
image/5OD13C4S.jpg,J5AN7NZ0.jpg,0.8225017,True
image/VDSBBG29.jpg,YNPZVMXW.jpg,0.82233685,True
image/1BXM0SUV.jpg,9BFT7FR7.jpg,0.8223162,True
image/U08X74BV.jpg,9D7OAW12.jpg,0.82227474,True
image/FAIYSYB4.jpg,YCNF4LRY.jpg,0.8219985,True
image/4SYL1CRF.jpg,3R34EXXU.jpg,0.8217767,True
image/5FZ429RY.jpg,IJ9E799T.jpg,0.82176185,True
image/LHSDPXYU.jpg,ZCZKP23R.jpg,0.8217489,True
image/5MYQ89LX.jpg,C0LSGIJN.jpg,0.8216746,True
image/XLGEJY4P.jpg,0KBJXSIL.jpg,0.8215436,True
image/HKKZBNL1.jpg,WEDLMLW2.jpg,0.8214797,True
image/R8E3J645.jpg,TZ6GM9Y5.jpeg,0.8214404,True
image/C7YIPM5A.jpg,2KO4OLYM.jpg,0.82137495,True
image/LRK90CL8.jpg,MBARJZ6N.jpg,0.82132494,True
image/Y5ERG0UW.jpg,KG66E9HX.jpg,0.8213234,True
image/HF7D7E3R.jpg,NPPNJD5M.jpg,0.8210475,True
image/C9SR2OIP.jpg,CYB4CY2W.jpg,0.8209215,True
image/R294O7NF.jpg,G1QXEZ7E.jpg,0.8206758,True
image/ABIZ54CC.jpg,CU31169R.jpg,0.8206288,True
image/AG1WRBGB.jpg,HVPYVPSU.jpg,0.82058966,True
image/SZ4AWIJO.jpg,O62ARD3T.jpg,0.8204772,True
image/ATSTI3XB.jpg,RDZNEH6F.jpg,0.8202673,True
image/7U2GEQ1J.jpg,JEIE4FTM.jpg,0.8201964,True
image/WVR2AVGN.jpg,TO7HMGON.jpg,0.8201735,True
image/URSXP8R7.jpg,DLXELBD2.jpg,0.8200376,True
image/LR5N6P4I.jpg,7XQWP07O.jpg,0.8199408,True
image/4MZRWE35.jpg,09KBCB84.jpg,0.8199118,True
image/OWXXFX8B.jpg,9WGT5HZP.jpg,0.8198955,True
image/1IY4SZ31.jpg,L30WAFS5.jpg,0.8195016,True
image/AAC0SBG1.jpg,3YY59UC5.jpg,0.81935024,True
image/EDLKEW63.jpg,999Y6Z3D.jpg,0.8192793,True
image/QJA1PXE2.jpg,FI1JTLM5.jpg,0.81921095,True
image/P8XP1L3Z.jpg,BKJCHEWU.jpg,0.8191817,True
image/OJ9YMBEV.jpg,X8CYC6X5.jpg,0.81917626,True
image/UZ7NR1HN.jpg,ZUU3M9VQ.jpg,0.819165,True
image/GHIDJSBU.jpg,8ROXXNWT.jpg,0.81908065,True
image/BVJMKX1R.jpg,1SWBHWIZ.jpg,0.8188977,True
image/1N8PWTHS.png,0M4VB1BJ.png,0.8187905,True
image/UMW8E6E4.jpg,Q1OPS9HO.jpg,0.8187873,True
image/CEGTF5DY.jpg,WA04VQDD.jpg,0.8187379,True
image/GHKUQRJB.jpg,NYD2PCT5.jpg,0.81873536,True
image/CGRFMOJR.jpg,22OIR00X.jpg,0.81864864,True
image/B048W4N8.jpg,ZDDVXOEG.jpg,0.81859124,True
image/LXOUDPXD.jpg,9KI7CXM1.jpg,0.81856716,True
image/RH7Y63JC.jpg,A6NC9MIV.jpg,0.81820405,True
image/FJ34KV38.jpg,GIITQIT6.jpg,0.81811583,True
image/KBQS0NB0.jpg,6MTQ2SPE.jpg,0.81810766,True
image/R2AHQU3W.png,UMBXSYY7.jpg,0.81809294,True
image/A5O7RTZJ.jpg,HSSLE8GU.jpg,0.8180545,True
image/6SJ7GPZH.jpg,VWIM8A4D.jpg,0.81801724,True
image/8ENB5R98.jpg,17ULDHJN.jpg,0.8178027,True
image/JI15D1MA.jpg,V3YO79Y8.jpg,0.8177801,True
image/RXWKBIPI.jpg,5D5N3G1K.jpg,0.81761247,True
image/RVK0ELRJ.jpg,AD3Q8O0M.jpg,0.8175433,True
image/NWVAU3YU.jpg,8X7RBA9L.jpg,0.817511,True
image/WWH2KWR6.jpg,KA96W937.jpg,0.81738496,True
image/ZDR7E0G9.jpg,QII6VP6C.jpg,0.8172888,True
image/Y7N5E8VT.jpg,HLNCV0L5.jpg,0.8172329,True
image/5ZAIJ1S6.jpg,MMDLA6GT.jpg,0.8171571,True
image/73YLF7RL.jpg,JQIC9V68.png,0.8168222,True
image/IUXPY2YM.jpg,YQ38U8FC.jpg,0.8168194,True
image/7XASHHBT.jpg,E2L7ZLIS.jpg,0.8167201,True
image/8RJ3WNB3.jpg,BW9YDAF8.jpg,0.81670284,True
image/HKMRJB4R.jpg,9C059XXD.jpg,0.816666,True
image/54ISW569.jpg,F2MVS98N.jpg,0.8166609,True
image/DTQOEE8Y.jpg,G8S44E9T.jpg,0.81658864,True
image/IU1VRZD3.jpg,B3KFQ0NS.jpg,0.8165776,True
image/LZY51PEV.jpg,KENPVVO6.jpg,0.8165695,True
image/3IQ53A0A.jpg,M54UTQ6F.jpg,0.8164826,True
image/S7MLFHSS.jpg,LG5KMADJ.jpg,0.81641763,True
image/XQLY4LQN.jpg,QLDT8RCH.jpg,0.81632185,True
image/QPOC7ZYH.jpg,JB4P98D7.jpg,0.81626695,True
image/VIQY3ONH.jpeg,775711AH.jpg,0.8159351,True
image/LNB7T19K.jpg,HOT87J0B.jpg,0.81591463,True
image/E4FRDBDZ.jpg,66WMT43N.jpg,0.81588316,True
image/D2QG1WDI.jpg,AD8S7C8A.jpg,0.815857,True
image/OQGNWTCR.jpg,PTTXSIO0.jpg,0.815644,True
image/EQW4VXYE.jpg,5TMYTD14.jpg,0.8155697,True
image/JOIV8PPC.JPG,68A9HR1H.jpg,0.81525683,True
image/M8N3AVQR.jpg,22AMHLO9.jpg,0.815213,True
image/DS3ZTLV0.jpg,CCADQ6MA.jpg,0.81503797,True
image/AX0AOUF0.jpg,Z8AVK0KF.jpg,0.8150231,True
image/F9T74792.jpg,SG9A425E.jpg,0.8147313,True
image/327J0TSP.jpg,6TM0NOQK.jpg,0.81453973,True
image/LHLFY2S9.jpg,M5SQEGSA.jpg,0.8144687,True
image/TLJ9FU98.jpg,GFGW9LP2.jpg,0.81444466,True
image/E1ZVA6TH.jpg,S3MOBZO7.jpg,0.8142651,True
image/TWK9TKBE.jpg,JX4B4DRE.jpg,0.8141924,True
image/9Q8O0Y1K.JPG,3XOUMW0T.jpg,0.81411546,True
image/2O0N52KQ.jpg,GXQ8V51R.jpg,0.81405616,True
image/X72T3BUM.jpg,U6W8E0LV.jpg,0.8139882,True
image/1KMR63I1.jpg,ZS6ZCJ8L.jpg,0.813941,True
image/637FXYHH.jpg,EWKZPOHQ.jpg,0.8137674,True
image/KFM2ZH0E.jpg,DPRAHF2C.jpg,0.81374854,True
image/OM2OKRO9.jpg,43E6QUW6.jpg,0.8136799,True
image/ZKHGW7XS.jpg,GZOP7OWK.jpg,0.8136134,True
image/NRXJK2H9.jpg,0SPW0SGB.jpg,0.8136064,True
image/D3JJQZLF.jpg,LFSWI968.jpg,0.8134818,True
image/YGV1WW8C.jpg,MER7U39N.jpg,0.8133951,True
image/ZSEIYOZU.jpg,AW9ZS2ZN.jpg,0.8133106,True
image/5SMV89JJ.jpg,QO6ES8W8.jpg,0.81324553,True
image/LJMHBFHU.jpg,9E87G9N3.jpg,0.8132327,True
image/W6GLDXJX.jpg,L42NEC5T.jpg,0.8131977,True
image/GSD24201.jpg,Z6CE3ON0.jpg,0.8131319,True
image/PET2GM0V.jpg,AIP4RWLE.jpg,0.81307524,True
image/4LH8TGGF.jpg,T5HBWV3M.png,0.81305635,True
image/LIV8NUC1.jpg,GIH2OTYV.jpg,0.8129222,True
image/KTHBCRWB.jpg,1POJL58B.jpg,0.8127473,True
image/KFB3T6DS.jpg,OX7I8Q61.jpg,0.8127434,True
image/NZAG9JRS.jpg,P4RIM6AZ.jpg,0.81238246,True
image/KUJ0D4WY.jpg,YE1SO6CW.jpg,0.81230605,True
image/08PYM9J7.jpg,30X8F4PJ.jpg,0.81218976,True
image/W6T8NZP4.jpg,R5R2QOGZ.jpg,0.81215185,True
image/IMEOVF1K.jpg,Y6COS43C.jpg,0.812145,True
image/YPGDS6XM.jpg,RS0YJ5KO.jpg,0.8120953,True
image/A5AAH9YV.jpg,W3XAE6KO.jpg,0.81203395,True
image/1QIEDQDI.jpg,RQG8581U.jpg,0.8119761,True
image/1J635DYL.jpg,G94PZ3FK.jpg,0.8118766,True
image/EGM443DZ.jpg,4R4JIA83.jpg,0.8118445,True
image/SQIGL9W4.jpg,I5NQKTG9.jpg,0.81184226,True
image/DWVIZGNY.jpg,D79YMNAJ.jpg,0.8118013,True
image/RTTYSLR4.jpg,9L67ASTK.jpg,0.8115218,True
image/QYZ06CH5.jpg,V3YO79Y8.jpg,0.81140536,True
image/ZLABN4JY.jpg,38Q606BI.jpg,0.8113642,True
image/C1P9MO28.jpg,2KVST4FU.jpg,0.8110264,True
image/TB97VKY4.jpg,T0QFB09V.jpg,0.8105085,True
image/LXO1AE63.jpg,6CRAJMFY.jpg,0.81034666,True
image/3QS6RMB0.jpg,E33DO7RM.jpg,0.81030965,True
image/9WC40THL.jpg,CFGWXMEB.jpg,0.8101207,True
image/OE6TXI3W.jpg,FWO3MEJY.jpg,0.81006896,True
image/U9ZMJB8O.jpg,GR2XN05Z.jpg,0.8100317,True
image/BC08G8A0.jpg,FS2AOMO4.jpg,0.80950665,True
image/QCJKGIUS.JPG,REG6135Y.jpeg,0.80948377,True
image/WHIAK1L9.jpg,89VLPOS2.jpg,0.80905014,True
image/9VPHHKQL.jpg,57LPALSZ.jpg,0.8090115,True
image/QZDUQVGM.jpg,HSDNS50F.jpg,0.80900973,True
image/WV0D4XWF.jpg,YE6E8N69.jpg,0.80897665,True
image/TL3W2M5F.jpg,BPGIC8Y4.jpg,0.8088779,True
image/4XJ7I623.jpg,OZN9J7BD.jpg,0.80880904,True
image/N3ONXB9E.jpg,P595LMW0.jpg,0.8087084,True
image/8RT0OSXS.jpg,ZUXMPY9Q.jpg,0.8085495,True
image/YMH0DNUB.jpg,F496AY2J.jpg,0.80815554,True
image/99P2HZA1.jpg,CPP5GU1X.jpg,0.808108,True
image/QPI2WD3T.jpg,XZ7T53Y2.jpg,0.80805737,True
image/63O30QTE.jpg,FUO29XKV.jpg,0.8079787,True
image/U1QEWQS2.jpg,SPZ1FTUU.jpg,0.8079431,True
image/92NT37GL.jpg,H1ZFILOP.jpg,0.8077653,True
image/IKITLROX.jpg,MS150F4G.jpg,0.8071605,True
image/37I82RHV.jpg,AHSLP0OY.jpg,0.8068752,True
image/2MZ8J9O4.jpg,U30Z763L.jpg,0.8064944,True
image/UV3CUGRR.jpg,3K9LVZM4.jpg,0.8063311,True
image/BM32QXAI.jpg,2HHDYYEL.jpg,0.8063108,True
image/1VHT316Q.jpg,PHIY8EAG.jpg,0.8062995,True
image/KK8YL1JO.jpg,PPHVU5LU.jpg,0.8061014,True
image/BIE62DQD.jpg,D9PSL3OG.jpg,0.80596626,True
image/JSMH89NT.jpg,VV32LZJA.jpg,0.8057414,True
image/RLD7J6BE.jpg,V5FKAK5B.jpg,0.8057039,True
image/IZQD7LYU.jpg,LDB8ISYN.jpg,0.80561024,True
image/N75NUL6V.jpg,T7U7FSJG.jpg,0.80560756,True
image/QXQMX49G.jpg,YK5V6LNX.jpg,0.80551225,True
image/Q6H7N4N9.jpg,4NTCSGIM.jpg,0.8054899,True
image/05LLUADJ.jpg,VFMS3G7D.jpg,0.8053948,True
image/EOZYCWLK.jpg,BURL4WIE.jpg,0.8051975,True
image/5P90ET0O.jpg,BA5LWEPB.jpg,0.80503887,True
image/PQIJ1YZ5.jpg,HU1T52X6.jpg,0.8048491,True
image/YPNVWZD8.jpg,WQTIW2JQ.jpg,0.80480886,True
image/9DHYYL3B.jpg,5F8UI8I6.jpg,0.8047693,True
image/GFIEVW58.JPG,58G2EDM9.jpg,0.8047341,True
image/75HQ0TE0.jpg,3N7B6WHD.jpg,0.80473167,True
image/78N1HYW3.jpg,W7I2VFWE.jpg,0.804699,True
image/VY3W5SZS.jpg,YDVZBP5D.jpg,0.8044369,True
image/GL7X0R8F.jpg,3VVUH06W.jpg,0.8040038,True
image/7JAT4IKF.png,AZ7D6CQ5.jpg,0.8036391,True
image/HWCFJKPD.jpg,LXLRE5TS.jpg,0.8033585,True
image/Y1CHZECU.jpg,C1HP6QUA.jpg,0.80316174,True
image/KV3R5ANP.jpg,GAU3KDJS.jpg,0.80312425,True
image/GBNT54G6.jpg,IC080VYF.jpg,0.80287194,True
image/B8F3S5KT.jpg,10KXBQM1.jpg,0.80270386,True
image/VUSVC7HO.jpg,RMP5Q69G.jpg,0.80257356,True
image/ME8NZAJA.jpg,JY7GQ7NV.jpg,0.80230224,True
image/RWT25RIZ.jpg,EFTFUNTM.jpg,0.8022981,True
image/FCMR6LGT.jpg,J64ANNLT.jpg,0.80193543,True
image/YP5ZR4WT.jpg,YDD4FXYJ.jpg,0.8019156,True
image/9EKR56TP.jpg,GFKCPBTE.jpg,0.80051506,True
image/FZPQZVQS.jpg,E8VE3JO5.jpg,0.80046445,True
image/DBCEAKQT.jpg,E21YLURY.jpg,0.8004073,True
image/6BWULRV3.jpg,TWK6105M.jpg,0.800242,True
image/YZCXXS13.jpg,4S33A6P9.jpg,0.8001632,True
image/FG6CJNA8.jpg,CMV0MCYN.jpg,0.79979336,True
image/Y6SHBTV1.jpg,RUG9FRXI.jpg,0.7997674,True
image/EZES6EZJ.jpg,FVUO1IB2.jpg,0.799717,True
image/K8I38ATC.jpg,2IY9U7BN.jpg,0.79961526,True
image/BTUFHQ9N.jpg,XQ3XN3O0.jpg,0.7994808,True
image/OTF9CXZO.jpg,4ADUR8Q8.jpg,0.7993199,True
image/172UI2ME.jpg,IK4G7Z32.jpg,0.79931414,True
image/MAH1G7UP.jpg,2ZUAR9LD.jpg,0.7993117,True
image/PVPZJYAN.JPG,1Y57RNPS.jpg,0.7990819,True
image/IZNVX1UW.jpg,1K8TIAG9.jpg,0.7988687,True
image/JAFYVOP8.jpg,9I3WTM21.jpg,0.79871505,True
image/O3FVSC9R.jpg,2PWMGSMB.jpg,0.79838705,True
image/V4U66J0J.jpg,O59GS1PZ.jpg,0.7979825,True
image/H8YMQ11O.jpg,5A4FBLI8.jpg,0.79796565,True
image/6X8SJR54.jpg,ER0UD1R2.jpg,0.7979178,True
image/XI8ZCVIM.jpg,2P6Q9FU7.jpg,0.79752475,True
image/B6NVD15O.jpg,C3MRKT2J.jpg,0.79741514,True
image/A21FUIV0.jpg,9R87W967.jpg,0.7967308,True
image/H923PGG6.jpg,W81X8ICG.jpg,0.7963866,True
image/ZN1S496R.jpg,EN4AD0MD.jpg,0.79623014,True
image/KERQTI8V.jpg,OZ8WVBSJ.jpg,0.7962015,True
image/B2G9U3XF.jpg,F9B4CKKH.jpg,0.7960974,True
image/0CB9AVB2.jpg,KEPL9XSK.jpg,0.79599506,True
image/9GZJL3LM.jpg,37PURQ7D.jpg,0.79566145,True
image/0Q5LAY1I.jpg,211R1IP9.jpg,0.7956604,True
image/TEIJX0YO.jpg,TUWLL26O.jpg,0.79557693,True
image/0IM2E88O.jpg,AJKQ4DIF.jpg,0.7955212,True
image/RIXKZXDC.jpg,7FTA0UUW.jpg,0.7954236,True
image/2RBUGTJA.jpg,Z6DSRXBH.jpg,0.7953448,True
image/8JUFRQL2.jpg,BRJB38Q0.jpg,0.79533416,True
image/0XQ12F8F.png,M7XXS6TO.jpg,0.7950015,True
image/ROK7MFCC.jpg,OH6N1B4Z.jpg,0.7949494,True
image/BWAV7KNQ.jpg,9XUX2FP3.jpg,0.79482806,True
image/IROQ1C1G.jpg,NRHCD0W4.jpg,0.7945346,True
image/E8C13B07.jpg,C19NRTIY.jpg,0.7945128,True
image/XNHZ7YUD.jpg,3G4JGAY5.jpg,0.7944706,True
image/3AAIKVR4.jpg,NLJQLK3W.jpg,0.7943906,True
image/8RTY1U38.jpg,DRG613Y5.jpg,0.79423356,True
image/P20TKDIW.jpg,A8J9MNAF.jpg,0.7942197,True
image/YYGV6AU1.jpg,A78AP9IN.jpg,0.79411477,True
image/C9837HN8.jpg,0J9JOKIW.jpg,0.79408634,True
image/XUP43455.jpg,FP6RAXM0.jpg,0.7937355,True
image/LGU1JR2L.jpg,L4F6DEF2.JPG,0.7937041,True
image/G35XN2YL.jpg,LJUKNR80.jpg,0.79354364,True
image/1GSRDVIV.jpg,VORIA6MJ.jpg,0.79245746,True
image/HX6DZUPZ.png,AW6QTPUG.jpg,0.7918382,True
image/EKCRWNMU.jpg,E60IE0PD.jpg,0.79181194,True
image/VN2F5MWJ.jpg,YSAXYQB4.jpg,0.79162043,True
image/WTDF91Y9.jpg,ZUB1MYU2.jpg,0.7915272,True
image/TX7R1YI2.jpg,SFQI6H09.jpg,0.79145116,True
image/4J6EULBG.jpg,RJYS12ZX.jpg,0.79131746,True
image/QOS53ZZK.jpg,2M75612C.jpg,0.7913098,True
image/Q3GXDU5G.jpg,UQEXE892.jpg,0.79125327,True
image/JPX0RBZO.jpg,XRF42FWF.jpg,0.79118,True
image/8W1D9P9H.jpg,BW9YDAF8.jpg,0.79105353,True
image/LFUSFIJV.jpg,J0IZ9ALW.jpg,0.7906963,True
image/A7JX0UGC.jpg,OV8APT82.jpg,0.7906154,True
image/CBZLEYEE.jpg,8R1RLNFH.jpg,0.79057586,True
image/56OFF5YZ.jpg,2EMGM670.jpg,0.7904641,True
image/2WV7HIFZ.jpg,8Q05TVDJ.jpg,0.7891253,True
image/Y6HS9XV0.jpg,RI7T0CID.jpg,0.78891873,True
image/CN88OZMM.jpg,F9B4CKKH.jpg,0.7888926,True
image/2836CCV6.jpg,ZUB1MYU2.jpg,0.7883442,True
image/8W1FLMR7.jpg,GO1DPUG7.jpg,0.788318,True
image/UV8SEA8V.jpg,YZ27ZAPV.jpg,0.7875881,True
image/DZNJKLSU.png,6AB87XN0.png,0.78696454,True
image/GD3IFMP1.jpg,AIYO9LL9.jpg,0.7868753,True
image/EJGDV4AZ.jpg,BIFPBTJA.jpg,0.78678954,True
image/I379XWXI.jpg,U43Q4LDI.jpg,0.7861954,True
image/H0L7QHZI.jpg,CHK5SNMD.jpg,0.7854944,True
image/9O4JJKLB.jpg,W1RM4OAW.jpg,0.78548807,True
image/OK0NNCMK.jpg,PFLS2DM5.jpg,0.78506976,True
image/GMT7NVR6.jpg,OB0U11TT.jpg,0.7848323,True
image/C7Q0K104.jpg,O7Q8J7P0.jpg,0.7844308,True
image/HAOTSZJC.jpg,VG4HEJKJ.jpg,0.78433627,True
image/6O6HEOH9.jpg,MEW4TRS0.jpg,0.7842042,True
image/PLXP7632.jpg,FOAJFJ4R.jpg,0.78397644,True
image/DX6X2INR.jpg,H9QLQY20.jpg,0.7822703,True
image/KTX9HG64.jpg,DYPMAMQC.jpg,0.78178895,True
image/JV4J3TU0.jpg,FLXHVA8L.jpg,0.78145856,True
image/OIJJMIGM.jpg,687KIWQK.jpg,0.78126466,True
image/NEIVAVD2.jpg,NW4BLSK9.jpg,0.78124744,True
image/SWIRYLI6.jpg,IKCRZCQ7.jpg,0.7808333,True
image/FI52IZT3.jpg,MW0TYOIP.jpg,0.78079957,True
image/QPOGZH64.jpg,XW8G21CB.jpg,0.7804767,True
image/YOV83PNT.jpg,XKOIX1HY.jpg,0.78022,True
image/WA8RYH82.jpg,U30Z763L.jpg,0.7797696,True
image/8C6U20L6.jpg,TNJ8SDIK.jpg,0.7795196,True
image/PKW862KC.jpg,FLKZWV06.jpg,0.77918047,True
image/C8F9ZRO3.jpg,6TLX70OL.jpg,0.77774614,True
image/S1JN840S.JPG,U6W8E0LV.jpg,0.77689236,True
image/TMWY4EMQ.jpg,D0INIJOY.jpg,0.7762339,True
image/CKDE3Z7N.jpg,KC5OUEHQ.jpg,0.77602464,True
image/K5CKBPMZ.jpg,30N23JHQ.jpg,0.7757696,True
image/EZKUG2T5.jpg,PT3I8LWN.jpg,0.7756729,True
image/5ZZAZSA3.jpg,5E8AEAJ1.jpg,0.77543175,True
image/2QU5PMRK.jpg,VKEBJC9W.jpg,0.77389276,True
image/WLRRUPTJ.jpg,0V9HY5TI.jpg,0.7737388,True
image/303PACAP.jpg,9L67ASTK.jpg,0.77249277,True
image/28NRBU7I.jpg,V2YXEKCI.jpg,0.77232903,True
image/YCIMTALZ.jpg,1VZPZX2H.jpg,0.77177644,True
image/YNGU9V0I.jpg,XIHBM32Y.jpg,0.77141386,True
image/4OR4O763.jpg,D5OWF0RU.jpg,0.77082205,True
image/4FWZUGMB.JPG,RRS3JQ0Y.jpg,0.77034223,True
image/V6OCDU4E.jpg,UDWKMUYB.jpg,0.77011204,True
image/1UR6KDT1.jpg,NHQNP8JQ.jpg,0.77008635,True
image/YQP6TP16.jpg,2F1GSOOT.jpg,0.77008575,True
image/D56IQCTH.jpg,NOQG68SY.jpg,0.7697505,True
image/WXECIV71.jpg,9XUY9IPE.jpg,0.7696801,True
image/ZQRRO1F4.jpg,7TODDXGF.jpg,0.7693755,True
image/ZEQ7L72U.jpg,9J4HQN1N.jpg,0.7687892,True
image/3DP2S9AT.jpg,LMQBYO36.jpg,0.7683431,True
image/ENDLLDNJ.jpg,H39CUM42.jpg,0.7682942,True
image/MJQ1A0DB.jpg,IHBSGSVJ.jpg,0.76762515,True
image/5N2UK1K5.jpg,14KSOPU3.jpg,0.7673958,True
image/CJW9ANBN.jpg,KFRDWKX7.jpg,0.7672564,True
image/CYMUQSUP.jpg,ROL85Y7A.jpg,0.76653475,True
image/OPP3FW74.jpg,TUMA9X4Q.jpg,0.7662583,True
image/YZNUGN92.jpg,7E5DZ0NI.jpg,0.766213,True
image/NP52LPM9.jpg,GYVGAMME.jpg,0.76573807,True
image/J9WQNLRV.jpg,WV3B281B.jpg,0.76499325,True
image/QMELZWB9.jpg,CV2AE5U6.jpg,0.76490456,True
image/1MUYHJ3S.jpg,DYGEOI3Y.jpg,0.7643845,True
image/7OOOLXFX.jpg,EAVILI4X.jpg,0.761348,True
image/3AEME3EZ.jpg,YSAXYQB4.jpg,0.75989884,True
image/QZKNW8BD.jpg,679Y2I5G.jpg,0.7592178,True
image/28ZUG9C1.jpg,914C288E.jpg,0.7587412,True
image/TYEHA3FW.jpg,AGBR7GWB.jpg,0.7585344,True
image/0TCUY8QQ.jpg,JR5NV6Q4.jpg,0.7531468,True
image/E3Y09IKC.jpg,OAFKMT8O.jpg,0.7530453,True
image/RAEU56MW.jpg,TNTU8PSH.jpg,0.75298953,True
image/XV4TZ5JE.JPG,T6O6ETAQ.jpg,0.75136924,True
image/YIEAZ7LM.jpg,V3HZ6NO1.jpg,0.75056064,True
image/AR29M4AV.jpg,N53D30UU.jpg,0.75037783,True
image/GWJN2UBW.jpg,VBU3ZAYE.jpg,0.7503618,True
image/NNGR9M31.jpg,D29VCS87.jpg,0.74995226,True
image/I4GS9X43.jpg,BXSVQC8B.jpg,0.749799,True
image/FD5HGM3M.jpg,WSIEXE8A.jpg,0.74740845,True
image/PRPTPAP3.jpg,4P3QLHQD.jpg,0.7471897,True
image/2DGV1XAM.jpeg,REG6135Y.jpeg,0.7457335,True
image/3AXK95S8.jpg,QGUY1G6I.jpg,0.74502647,True
image/EORLLDU8.jpg,411ICFTC.jpg,0.7448341,True
image/M8YFXMR1.JPG,6XNRI2UB.jpg,0.74047524,True
image/0OPNYGTZ.jpg,GAWTQWCK.jpg,0.7399469,True
image/M2HF3AWI.jpg,TBGYAFHG.jpg,0.73902684,True
image/ZX8B41QU.jpg,AWBYNUGT.jpg,0.7382618,True
image/U107TM6G.jpg,3M12P0DB.jpg,0.73782957,True
image/85XMFEQY.jpg,M8TGRK3O.jpg,0.7360971,True
image/G1U07QPK.jpg,UJBVPCSJ.jpg,0.7353565,True
image/VQNL5T6Y.png,W9R8065E.jpg,0.73067415,True
image/0ZGZP7CR.jpg,YY5XFHD4.jpg,0.7278458,True
image/V5FWPRIX.jpg,HP4R522B.jpg,0.72130257,True
image/6P75I2Y0.jpg,0SAWIOSK.jpg,0.7203932,True
image/YL35K4JR.jpg,5UJB6J1W.jpg,0.7168963,True
image/DS5IJ4WO.jpg,JY7GQ7NV.jpg,0.714889,True
image/RDKWMHYH.jpg,CVCHKFCY.jpg,0.7056074,True
image/5DR1VR4E.jpg,48QIQW3S.jpg,0.7020602,True
image/WDNNB2PX.JPG,22OIR00X.jpg,0.7010787,True
image/D4FGRN2K.jpg,VB6HHGKM.jpg,0.6984734,True
image/UTZ82M4V.jpg,F6Y7NT2H.jpg,0.69688714,True
image/E04VEZL8.jpg,REG6135Y.jpeg,0.6886027,True
image/Q517HN1V.jpg,B07LIE3Y.jpg,0.6830767,True
image/9V2KLE33.jpg,W1C13LO6.jpg,0.68304205,True
image/OCPJM8T7.jpg,EP1IUK79.jpg,0.67599875,True
image/CK0GCZAI.jpg,QBCI4KTD.jpg,0.6729111,True
image/MPWEU2OY.jpg,Y9XOOTKH.jpg,0.6702764,True
image/KNQXML8R.jpg,ZQWHCQ0U.jpg,0.6679812,True
image/3OFYO1YO.jpg,775711AH.jpg,0.66709167,True
image/6TIL9KEZ.jpg,3DMREZM5.jpg,0.65641737,True
image/7F22I98J.png,JRZNI4EO.jpg,0.6537347,True
image/TPJIR9OI.jpg,DAR0LSCK.jpg,0.5480603,True
